DATUMVOLEB;KRAJ;OKRES;TYPZASTUP;DRUHZASTUP;KODZASTUP;NAZEVZAST;OBVODY;COBVODU;MANDATY;OKRSKYCELK;TYPDUVODU;STAV_OBCE;NADRZASTUP
20220923;7200;7204;1;1;500011;"éelechovice nad D¯evnicÌ";0;1;15;3;1;0;500011
20220923;7100;7105;1;1;500020;"Petrov nad Desnou";0;1;11;2;1;0;500020
20220923;8100;8104;1;1;500046;"Libhoöù";0;1;15;1;1;0;500046
20220923;1100;1100;2;5;500054;"Praha 1";0;1;27;21;1;0;554782
20220923;7200;7203;1;1;500062;"Krhov·";0;1;15;1;1;0;500062
20220923;7200;7203;1;1;500071;"PoliËn·";0;1;15;1;1;0;500071
20220923;1100;1100;2;5;500089;"Praha 2";0;1;35;45;1;0;554782
20220923;1100;1100;2;5;500097;"Praha 3";0;1;35;52;1;0;554782
20220923;4100;4102;1;1;500101;"Braûec";0;1;7;1;1;0;500101
20220923;1100;1100;2;5;500119;"Praha 4";0;1;45;132;1;0;554782
20220923;4100;4102;1;1;500127;"DoupovskÈ HradiötÏ";0;1;7;1;1;0;500127
20220923;7100;7102;1;1;500135;"Kozlov";0;1;7;2;1;0;500135
20220923;1100;1100;2;5;500143;"Praha 5";0;1;41;81;1;0;554782
20220923;7100;7104;1;1;500151;"LubomÏ¯ pod Str·ûnou";0;1;7;1;1;0;500151
20220923;7100;7102;1;1;500160;"MÏsto Libav·";0;1;9;2;1;0;500160
20220923;1100;1100;2;5;500178;"Praha 6";0;1;45;104;1;0;554782
20220923;1100;1100;2;5;500186;"Praha 7";0;1;29;36;1;0;554782
20220923;3100;3102;1;1;500194;"Poln· na äumavÏ";0;1;7;1;1;0;500194
20220923;1100;1100;2;5;500208;"Praha 8";0;1;45;108;1;0;554782
20220923;1100;1100;2;5;500216;"Praha 9";0;1;33;42;1;0;554782
20220923;1100;1100;2;5;500224;"Praha 10";0;1;45;109;1;0;554782
20220923;8100;8104;1;1;500259;"Ve¯ovice";0;1;13;1;1;0;500259
20220923;8100;8106;1;1;500291;"V¯esina";0;1;15;3;1;0;500291
20220923;7100;7102;1;3;500496;"Olomouc";0;1;45;96;1;0;500496
20220923;7100;7102;1;1;500526;"BÏlkovice-Laöùany";0;1;15;1;1;0;500526
20220923;7100;7102;1;1;500623;"BÌl· Lhota";0;1;15;7;1;0;500623
20220923;7100;7102;1;1;500801;"Blatec";0;1;7;1;1;0;500801
20220923;7100;7102;1;1;500852;"BohuÚovice";0;1;15;1;1;0;500852
20220923;7100;7102;1;1;500861;"Bouzov";0;1;15;9;1;0;500861
20220923;7100;7102;1;1;500879;"BystroËice";0;1;7;1;1;0;500879
20220923;4200;4207;2;5;501298;"⁄stÌ nad Labem-SevernÌ Terasa";0;1;15;20;1;0;554804
20220923;7100;7102;1;1;501476;"Dlouh· LouËka";0;1;15;3;1;0;501476
20220923;7100;7102;1;1;501646;"Dolany";0;1;15;3;1;0;501646
20220923;7100;7102;1;1;501751;"Drahanovice";0;1;15;4;1;0;501751
20220923;7100;7102;1;6;501794;"Dub nad Moravou";0;1;15;1;1;0;501794
20220923;7100;7102;1;1;501841;"Grygov";0;1;9;1;1;0;501841
20220923;4200;4207;2;5;502081;"⁄stÌ nad Labem-NeötÏmice";0;1;15;21;1;0;554804
20220923;7100;7102;1;1;502146;"HluboËky";0;1;15;4;1;0;502146
20220923;7100;7102;1;1;502235;"HnÏvotÌn";0;1;9;1;1;0;502235
20220923;4200;4207;2;5;502316;"⁄stÌ nad Labem-St¯ekov";0;1;15;17;1;0;554804
20220923;7100;7102;1;1;502405;"Hnojice";0;1;9;1;1;0;502405
20220923;7100;7102;1;1;502545;"Horka nad Moravou";0;1;11;2;1;0;502545
20220923;7100;7102;1;1;502839;"Cholina";0;1;11;1;1;0;502839
20220923;7100;7102;1;1;503142;"JÌvov·";0;1;7;1;1;0;503142
20220923;7100;7102;1;1;503304;"Koûuöany-T·ûaly";0;1;9;1;1;0;503304
20220923;2100;2108;1;1;503410;"éitovlice";0;1;5;1;1;0;503410
20220923;7100;7102;1;2;503444;"Litovel";0;1;21;17;1;0;503444
20220923;7100;7102;1;1;503622;"Luk·";0;1;9;4;1;0;503622
20220923;7100;7102;1;1;503657;"LutÌn";0;1;15;4;1;0;503657
20220923;7100;7102;1;1;503738;"MajetÌn";0;1;9;1;1;0;503738
20220923;3200;3207;1;1;503916;"Kostelec";0;1;9;1;1;0;503916
20220923;7100;7102;1;1;504246;"MladeË";0;1;9;2;1;0;504246
20220923;5300;5301;1;1;504301;"D¯enice";0;1;7;1;1;0;504301
20220923;7100;7102;1;1;504441;"N·klo";0;1;15;3;1;0;504441
20220923;7100;7102;1;6;504505;"N·mÏöù na HanÈ";0;1;15;3;1;0;504505
20220923;7100;7102;1;1;504785;"Paseka";0;1;15;1;1;0;504785
20220923;5300;5301;1;1;504807;"L·ny";0;1;7;1;1;0;504807
20220923;5300;5301;1;1;504921;"T¯ib¯ichy";0;1;5;1;1;0;504921
20220923;5300;5301;1;1;504955;"DvakaËovice";0;1;7;1;1;0;504955
20220923;5300;5301;1;1;505005;"BÌtovany";0;1;7;1;1;0;505005
20220923;7100;7102;1;1;505013;"P¯Ìkazy";0;1;15;2;1;0;505013
20220923;5300;5301;1;1;505030;"DolnÌ BezdÏkov";0;1;7;1;1;0;505030
20220923;7100;7102;1;1;505081;"Senice na HanÈ";0;1;15;3;1;0;505081
20220923;5200;5203;1;1;505099;"»erven· Hora";0;1;7;1;1;0;505099
20220923;7100;7102;1;1;505111;"Slatinice";0;1;15;2;1;0;505111
20220923;5300;5303;1;2;505145;"B¯ezov· nad Svitavou";0;1;15;1;1;0;505145
20220923;7100;7102;1;2;505161;"ätÏp·nov";0;1;15;4;1;0;505161
20220923;7100;7102;1;2;505188;"äternberk";0;1;21;13;1;0;505188
20220923;7100;7102;1;1;505218;"äumvald";0;1;9;2;1;0;505218
20220923;7100;7102;1;1;505269;"TÏöetice";0;1;15;3;1;0;505269
20220923;7100;7102;1;1;505293;"Troubelice";0;1;11;3;1;0;505293
20220923;7100;7102;1;1;505366;"Tröice";0;1;11;6;1;0;505366
20220923;5300;5303;1;1;505391;"BÏl· u JevÌËka";0;1;7;1;1;0;505391
20220923;7100;7102;1;1;505501;"⁄jezd";0;1;11;1;1;0;505501
20220923;4200;4203;1;1;505528;"JenËice";0;1;7;1;1;0;505528
20220923;7100;7102;1;2;505587;"UniËov";0;1;21;18;1;0;505587
20220923;7100;7102;1;2;505609;"Velk· Byst¯ice";0;1;15;2;1;0;505609
20220923;7100;7102;1;1;505650;"Velk˝ T˝nec";0;1;11;3;1;0;505650
20220923;7100;7102;1;6;505668;"Velk˝ ⁄jezd";0;1;15;1;1;0;505668
20220923;2100;2109;1;6;505781;"Z·py";0;1;7;1;1;0;505781
20220923;7100;7102;1;1;505862;"éerotÌn";0;1;7;1;1;0;505862
20220923;8100;8105;1;3;505927;"Opava";0;1;39;59;1;0;
20220923;8100;8105;1;1;506192;"Bohuslavice";0;1;15;1;1;0;506192
20220923;8100;8105;1;1;506214;"Bolatice";0;1;17;3;1;0;506214
20220923;8100;8105;1;1;506320;"Brumovice";0;1;15;3;1;0;506320
20220923;8100;8105;1;6;506451;"B¯ezov·";0;1;15;5;1;0;506451
20220923;8100;8105;1;2;506460;"Budiöov nad Budiöovkou";0;1;15;5;1;0;506460
20220923;4100;4102;1;2;506486;"BoûÌ Dar";0;1;7;1;1;0;506486
20220923;4100;4102;1;1;506494;"NovÈ Hamry";0;1;9;1;1;0;506494
20220923;4100;4102;1;1;506621;"»ichalov";0;1;7;1;1;0;506621
20220923;3200;3206;1;1;506664;"Sko¯ice";0;1;7;1;1;0;506664
20220923;6200;6203;1;1;506699;"Otmarov";0;1;7;1;1;0;506699
20220923;8100;8105;1;2;506702;"DolnÌ Beneöov";0;1;15;4;1;0;506702
20220923;8100;8106;1;1;506711;"DolnÌ Lhota";0;1;7;1;1;0;506711
20220923;6100;6102;1;1;506729;"Dvorce";0;1;7;1;1;0;506729
20220923;7200;7201;1;1;506737;"ChvalËov";0;1;15;1;1;0;506737
20220923;8100;8105;1;1;506753;"H·j ve Slezsku";0;1;21;5;1;0;506753
20220923;7100;7103;1;1;506761;"Alojzov";0;1;5;1;1;0;506761
20220923;7100;7103;1;1;506770;"Seloutky";0;1;7;1;1;0;506770
20220923;8100;8105;1;2;507016;"HluËÌn";0;1;21;12;1;0;507016
20220923;8100;8102;1;1;507091;"N˝dek";0;1;15;2;1;0;507091
20220923;8100;8105;1;1;507105;"HnÏvoöice";0;1;9;1;1;0;507105
20220923;8100;8105;1;1;507113;"Holasovice";0;1;15;4;1;0;507113
20220923;8100;8102;1;1;507181;"Prûno";0;1;9;1;1;0;507181
20220923;8100;8102;1;1;507237;"KomornÌ Lhotka";0;1;11;1;1;0;507237
20220923;8100;8105;1;1;507261;"HrabynÏ";0;1;11;2;1;0;507261
20220923;8100;8105;1;2;507270;"Hradec nad MoravicÌ";0;1;21;9;1;0;507270
20220923;8100;8105;1;1;507334;"Chucheln·";0;1;15;1;1;0;507334
20220923;8100;8105;1;1;507377;"Jakartovice";0;1;15;4;1;0;507377
20220923;8100;8102;1;1;507423;"Janovice";0;1;15;2;1;0;507423
20220923;8100;8102;1;1;507458;"Koöa¯iska";0;1;9;1;1;0;507458
20220923;8100;8105;1;1;507504;"Kobe¯ice";0;1;15;2;1;0;507504
20220923;8100;8102;1;1;507547;"MilÌkov";0;1;13;1;1;0;507547
20220923;8100;8105;1;2;507580;"Krava¯e";0;1;21;5;1;0;507580
20220923;3100;3103;1;1;507610;"DoÚov";0;1;7;1;1;0;507610
20220923;3100;3103;1;1;507628;"Pleöe";0;1;9;1;1;0;507628
20220923;3100;3103;1;1;507644;"⁄jezdec";0;1;5;1;1;0;507644
20220923;3100;3103;1;1;507652;"ViöÚov·";0;1;7;1;1;0;507652
20220923;3100;3103;1;1;507695;"Z·ho¯Ì";0;1;7;1;1;0;507695
20220923;3100;3103;1;1;507717;"PeË";0;1;9;1;1;0;507717
20220923;3100;3103;1;1;507733;"B¯ezina";0;1;7;1;1;0;507733
20220923;3100;3103;1;1;507784;"Ratibo¯";0;1;7;1;1;0;507784
20220923;8100;8105;1;6;507920;"Litultovice";0;1;15;1;1;0;507920
20220923;8100;8105;1;1;507971;"Ludge¯ovice";0;1;19;4;1;0;507971
20220923;3100;3103;1;1;508004;"RoseË";0;1;7;1;1;0;508004
20220923;8100;8105;1;1;508128;"Markvartovice";0;1;15;1;1;0;508128
20220923;8100;8105;1;1;508144;"MelË";0;1;9;1;1;0;508144
20220923;3100;3103;1;1;508152;"St¯Ìûovice";0;1;9;1;1;0;508152
20220923;3100;3103;1;1;508357;"KostelnÌ Vyd¯Ì";0;1;7;1;1;0;508357
20220923;8100;8105;1;1;508373;"MokrÈ Lazce";0;1;9;1;1;0;508373
20220923;3100;3103;1;1;508501;"Luûnice";0;1;9;1;1;0;508501
20220923;3100;3103;1;1;508683;"Z·blatÌ";0;1;7;1;1;0;508683
20220923;3100;3103;1;1;509078;"Plavsko";0;1;9;1;1;0;509078
20220923;3100;3103;1;1;509108;"KostelnÌ RadouÚ";0;1;7;1;1;0;509108
20220923;3100;3103;1;1;509116;"»erven˝ Hr·dek";0;1;9;1;1;0;509116
20220923;3100;3103;1;1;509141;"Dvory nad LuûnicÌ";0;1;7;1;1;0;509141
20220923;3100;3103;1;1;509191;"Cep";0;1;7;1;1;0;509191
20220923;6100;6103;1;1;509388;"Arneötovice";0;1;7;1;1;0;509388
20220923;6100;6103;1;1;509418;"Bo¯etÌn";0;1;7;1;1;0;509418
20220923;8100;8105;1;1;509574;"Old¯iöov";0;1;9;1;1;0;509574
20220923;8100;8105;1;1;509612;"Otice";0;1;15;1;1;0;509612
20220923;3100;3104;1;1;509621;"P¯edotice";0;1;9;3;1;0;509621
20220923;8100;8105;1;1;509647;"PÌöù";0;1;15;2;1;0;509647
20220923;8100;8105;1;1;509736;"Pust· Polom";0;1;15;1;1;0;509736
20220923;3100;3104;1;1;509752;"K¯iûanov";0;1;7;1;1;0;509752
20220923;8100;8105;1;1;509841;"RaduÚ";0;1;9;1;1;0;509841
20220923;3100;3106;1;1;510068;"»eËelovice";0;1;7;1;1;0;510068
20220923;8100;8105;1;1;510131;"Sk¯ipov";0;1;11;2;1;0;510131
20220923;8100;8105;1;1;510289;"Slavkov";0;1;15;1;1;0;510289
20220923;8100;8105;1;1;510297;"Sluûovice";0;1;9;2;1;0;510297
20220923;8100;8105;1;1;510343;"StÏbo¯ice";0;1;15;3;1;0;510343
20220923;8100;8105;1;1;510378;"Sudice";0;1;9;1;1;0;510378
20220923;8100;8105;1;1;510432;"äilhe¯ovice";0;1;15;1;1;0;510432
20220923;8100;8105;1;1;510483;"ätÏp·nkovice";0;1;15;2;1;0;510483
20220923;8100;8105;1;1;510491;"ätÌtina";0;1;9;1;1;0;510491
20220923;6100;6104;1;1;510556;"L·z";0;1;7;1;1;0;510556
20220923;6100;6104;1;1;510645;"KojatÌn";0;1;7;1;1;0;510645
20220923;8100;8106;1;1;510882;"Velk· Polom";0;1;15;1;1;0;510882
20220923;8100;8105;1;1;510891;"VelkÈ Heraltice";0;1;9;5;1;0;510891
20220923;8100;8105;1;1;510939;"VelkÈ Hoötice";0;1;9;1;1;0;510939
20220923;6100;6104;1;1;510980;"Ocmanice";0;1;7;1;1;0;510980
20220923;8100;8105;1;2;511021;"VÌtkov";0;1;21;8;1;0;511021
20220923;6100;6104;1;1;511081;"Sedlec";0;1;9;1;1;0;511081
20220923;8100;8105;1;1;511161;"Vröovice";0;1;7;1;1;0;511161
20220923;6100;6104;1;1;511242;"VÌcenice u N·mÏötÏ nad Oslavou";0;1;7;1;1;0;511242
20220923;6100;6104;1;1;511307;"R·covice";0;1;7;1;1;0;511307
20220923;7100;7104;1;3;511382;"P¯erov";0;1;35;51;1;0;511382
20220923;6100;6105;1;1;511412;"OslaviËka";0;1;7;1;1;0;511412
20220923;4100;4103;1;1;511587;"Josefov";0;1;7;1;1;0;511587
20220923;8100;8102;1;1;511633;"Bocanovice";0;1;7;1;1;0;511633
20220923;8100;8102;1;1;511935;"Bukovec";0;1;11;1;1;0;511935
20220923;8100;8102;1;1;511951;"DolnÌ Lomn·";0;1;7;1;1;0;511951
20220923;8100;8102;1;1;511986;"HornÌ Lomn·";0;1;7;1;1;0;511986
20220923;8100;8102;1;1;512028;"PÌsek";0;1;9;1;1;0;512028
20220923;8100;8102;1;1;512176;"Hr·dek";0;1;15;1;1;0;512176
20220923;8100;8102;1;1;512184;"Metylovice";0;1;11;1;1;0;512184
20220923;8100;8102;1;1;512192;"HornÌ Domaslavice";0;1;13;1;1;0;512192
20220923;7100;7104;1;1;512231;"BÏlotÌn";0;1;11;4;1;0;512231
20220923;7100;7104;1;1;512281;"BeÚov";0;1;9;1;1;0;512281
20220923;7100;7104;1;1;512401;"Bezuchov";0;1;7;1;1;0;512401
20220923;7100;7104;1;1;512532;"Bocho¯";0;1;11;1;1;0;512532
20220923;8100;8105;1;1;512745;"TÏökovice";0;1;9;1;1;0;512745
20220923;7100;7104;1;6;512800;"Brodek u P¯erova";0;1;15;3;1;0;512800
20220923;7100;7104;1;1;512826;"Buk";0;1;7;1;1;0;512826
20220923;8100;8105;1;1;512869;"Strahovice";0;1;15;1;1;0;512869
20220923;7100;7104;1;1;512877;"B˝ökovice";0;1;7;1;1;0;512877
20220923;8100;8105;1;1;512893;"NovÈ Lublice";0;1;7;1;1;0;512893
20220923;8100;8105;1;1;512907;"Kyjovice";0;1;9;1;1;0;512907
20220923;8100;8105;1;1;512923;"ChlebiËov";0;1;9;1;1;0;512923
20220923;8100;8105;1;1;512974;"BÏl·";0;1;11;1;1;0;512974
20220923;7100;7104;1;1;512982;"Citov";0;1;9;1;1;0;512982
20220923;2100;2103;1;1;512991;"Drnek";0;1;7;1;1;0;512991
20220923;2100;2103;1;1;513032;"Kamenn˝ Most";0;1;7;1;1;0;513032
20220923;2100;2103;1;1;513041;"Lhota";0;1;9;1;1;0;513041
20220923;7100;7104;1;1;513059;"»elechovice";0;1;7;1;1;0;513059
20220923;7100;7104;1;1;513067;"»ernotÌn";0;1;9;2;1;0;513067
20220923;2100;2103;1;1;513075;"Hoböovice";0;1;8;1;1;0;513075
20220923;7100;7104;1;1;513105;"DobrËice";0;1;7;1;1;0;513105
20220923;2100;2103;1;1;513113;"MalÈ P¯ÌtoËno";0;1;7;1;1;0;513113
20220923;2100;2103;1;1;513130;"Dolany";0;1;7;1;1;0;513130
20220923;2100;2104;1;1;513148;"PolnÌ VodÏrady";0;1;5;1;1;0;513148
20220923;2100;2104;1;1;513164;"éd·nice";0;1;5;1;1;0;513164
20220923;2100;2104;1;1;513181;"Dom·novice";0;1;7;1;1;0;513181
20220923;7100;7104;1;1;513199;"DolnÌ ⁄jezd";0;1;11;3;1;0;513199
20220923;2100;2104;1;1;513202;"Zaleöany";0;1;5;1;1;0;513202
20220923;7100;7104;1;1;513211;"Domaûelice";0;1;7;1;1;0;513211
20220923;7100;7104;1;6;513229;"D¯evohostice";0;1;15;1;1;0;513229
20220923;2100;2104;1;1;513237;"PolnÌ ChrËice";0;1;7;1;1;0;513237
20220923;2100;2104;1;1;513261;"éabonosy";0;1;5;1;1;0;513261
20220923;2100;2104;1;1;513270;"Lipec";0;1;7;1;1;0;513270
20220923;2100;2104;1;1;513288;"Mrzky";0;1;5;1;1;0;513288
20220923;2100;2104;1;1;513369;"P¯ehvozdÌ";0;1;7;1;1;0;513369
20220923;2100;2104;1;1;513393;"P¯istoupim";0;1;7;1;1;0;513393
20220923;2100;2104;1;1;513415;"Kbel";0;1;7;1;1;0;513415
20220923;2100;2104;1;1;513423;"Paöinka";0;1;7;1;1;0;513423
20230916;2100;2104;1;1;513423;"Paöinka";0;1;7;1;1;0;513423
20230325;2100;2104;1;1;513423;"Paöinka";0;1;7;1;1;0;513423
20220923;2100;2110;1;1;513431;"Ch˝nice";0;1;7;1;1;0;513431
20220923;2100;2110;1;1;513458;"Vestec";0;1;15;1;1;0;513458
20220923;2100;2101;1;1;513482;"Vysok˝ ⁄jezd";0;1;7;1;1;0;513482
20220923;7100;7104;1;1;513491;"HornÌ MoötÏnice";0;1;15;2;1;0;513491
20220923;2100;2111;1;1;513504;"Dlouh· Lhota";0;1;7;1;1;0;513504
20220923;2100;2111;1;1;513512;"Zduchovice";0;1;7;1;1;0;513512
20220923;2100;2111;1;1;513521;"Leöetice";0;1;7;1;1;0;513521
20220923;2100;2111;1;1;513539;"Velk· LeËice";0;1;7;1;1;0;513539
20220923;2100;2111;1;1;513547;"P¯ÌËovy";0;1;7;1;1;0;513547
20220923;2100;2111;1;1;513555;"KotenËice";0;1;7;1;1;0;513555
20220923;2100;2111;1;1;513571;"ObËov";0;1;7;1;1;0;513571
20220923;2100;2111;1;1;513580;"HudËice";0;1;7;1;1;0;513580
20220923;2100;2109;1;1;513628;"KlokoËn·";0;1;7;1;1;0;513628
20220923;7100;7104;1;1;513636;"Hrab˘vka";0;1;7;1;1;0;513636
20220923;2100;2109;1;1;513644;"Zlat·";0;1;7;1;1;0;513644
20220923;3100;3102;1;1;513661;"Nov· Ves";0;1;5;1;1;0;513661
20220923;6200;6201;1;1;513695;"HornÌ Smrûov";0;1;7;1;1;0;513695
20220923;6200;6201;1;1;513709;"Roubanina";0;1;7;1;1;0;513709
20220923;5200;5201;1;1;513717;"Urbanice";0;1;9;1;1;0;513717
20220923;7100;7104;1;1;513733;"HradËany";0;1;7;1;1;0;513733
20220923;7100;7104;1;2;513750;"Hranice";0;1;23;20;1;0;513750
20220923;7100;7104;1;6;513768;"HustopeËe nad BeËvou";0;1;15;3;1;0;513768
20220923;7100;7104;1;1;513873;"Jind¯ichov";0;1;9;1;1;0;513873
20220923;5100;5101;1;1;513890;"Skalka u Doks";0;1;7;1;1;0;513890
20220923;7100;7104;1;1;514047;"KlokoËÌ";0;1;7;1;1;0;514047
20220923;7100;7104;1;2;514055;"KojetÌn";0;1;21;8;1;0;514055
20220923;7100;7104;1;1;514152;"Kokory";0;1;15;1;1;0;514152
20220923;5100;5101;1;1;514161;"Luka";0;1;5;1;1;0;514161
20241005;5100;5101;1;1;514195;"édÌrec";0;1;5;1;1;0;514195
20250614;5100;5101;1;1;514195;"édÌrec";0;1;5;1;1;0;514195
20220923;5100;5101;1;1;514195;"édÌrec";0;1;5;1;1;0;514195
20220923;5100;5101;1;1;514276;"Pertoltice pod Ralskem";0;1;7;1;1;0;514276
20220923;7100;7104;1;1;514446;"LaznÌËky";0;1;5;1;1;0;514446
20220923;7100;7104;1;1;514471;"LaznÌky";0;1;9;1;1;0;514471
20220923;7100;7104;1;1;514497;"Lhota";0;1;7;1;1;0;514497
20220923;7100;7104;1;1;514527;"Lhotka";0;1;5;1;1;0;514527
20220923;7100;7104;1;2;514705;"LipnÌk nad BeËvou";0;1;21;11;1;0;514705
20220923;7100;7104;1;1;514772;"Lipov·";0;1;9;1;1;0;514772
20230107;7100;7104;1;1;514802;"LÌön·";0;1;7;1;2;0;514802
20220923;7100;7104;1;1;514802;"LÌön·";0;1;7;;1;1;514802
20220923;7100;7104;1;1;515191;"Lobodice";0;1;9;1;1;0;515191
20220923;7100;7104;1;1;515329;"Malhotice";0;1;7;1;1;0;515329
20220923;7100;7104;1;1;515418;"Milenov";0;1;9;1;1;0;515418
20220923;7100;7104;1;1;515477;"Milotice nad BeËvou";0;1;7;1;1;0;515477
20220923;7100;7104;1;1;515787;"Neleöovice";0;1;7;1;1;0;515787
20220923;7100;7104;1;1;515825;"Old¯ichov";0;1;5;1;1;0;515825
20220923;7100;7104;1;1;516201;"Opatovice";0;1;15;1;1;0;516201
20220923;7100;7104;1;1;516350;"Oprostovice";0;1;7;1;1;0;516350
20220923;7100;7104;1;1;516619;"Osek nad BeËvou";0;1;11;1;1;0;516619
20220923;7100;7104;1;1;516635;"Paröovice";0;1;9;1;1;0;516635
20220923;7100;7104;1;1;516686;"Partutovice";0;1;7;1;1;0;516686
20220923;7100;7104;1;1;516694;"Pavlovice u P¯erova";0;1;15;1;1;0;516694
20220923;7100;7104;1;1;516864;"PodolÌ";0;1;7;1;1;0;516864
20220923;7100;7104;1;1;516899;"Polkovice";0;1;7;1;1;0;516899
20220923;7100;7104;1;1;516911;"Polom";0;1;7;1;1;0;516911
20220923;7100;7104;1;2;517101;"Potöt·t";0;1;9;5;1;0;517101
20220923;7100;7104;1;1;517151;"Prosenice";0;1;15;1;1;0;517151
20220923;7100;7104;1;1;517208;"Provodovice";0;1;5;1;1;0;517208
20230325;7100;7104;1;1;517224;"P¯estavlky";0;1;7;1;1;0;517224
20220923;7100;7104;1;1;517224;"P¯estavlky";0;1;7;1;1;0;517224
20220923;7100;7104;1;1;517275;"RadÌkov";0;1;7;1;1;0;517275
20220923;7100;7104;1;1;517321;"Radkova Lhota";0;1;7;1;1;0;517321
20220923;7100;7104;1;1;517437;"Radkovy";0;1;7;1;1;0;517437
20220923;7100;7104;1;1;517445;"RadotÌn";0;1;7;1;1;0;517445
20220923;7100;7104;1;1;517534;"Radslavice";0;1;15;1;1;0;517534
20220923;7100;7104;1;1;517569;"Radvanice";0;1;7;1;1;0;517569
20220923;7100;7104;1;1;517585;"Rakov";0;1;7;1;1;0;517585
20220923;7100;7104;1;1;517607;"Rokytnice";0;1;15;1;1;0;517607
20220923;7100;7104;1;1;517615;"RouskÈ";0;1;5;1;1;0;517615
20220923;7100;7104;1;1;517666;"ÿÌkovice";0;1;9;1;1;0;517666
20220923;7100;7104;1;1;517747;"SkaliËka";0;1;7;1;1;0;517747
20220923;7100;7104;1;1;517836;"SobÌöky";0;1;6;1;1;0;517836
20220923;7100;7104;1;1;517844;"SobÏchleby";0;1;15;1;1;0;517844
20220923;7100;7104;1;1;517887;"Star· Ves";0;1;9;1;1;0;517887
20220923;7100;7104;1;1;517909;"St¯Ìteû nad Ludinou";0;1;9;1;1;0;517909
20220923;7100;7104;1;1;518026;"Suöice";0;1;7;1;1;0;518026
20220923;7100;7104;1;1;519031;"Teplice nad BeËvou";0;1;7;1;1;0;519031
20220923;7100;7104;1;2;519146;"TovaËov";0;1;15;2;1;0;519146
20220923;7100;7104;1;1;519651;"Troubky";0;1;15;2;1;0;519651
20220923;7100;7104;1;1;520047;"TuËÌn";0;1;9;1;1;0;520047
20220923;7100;7104;1;1;520306;"⁄stÌ";0;1;7;1;1;0;520306
20220923;7100;7104;1;1;520420;"VeselÌËko";0;1;9;1;1;0;520420
20220923;7100;7104;1;1;521531;"Vöechovice";0;1;9;1;1;0;521531
20220923;7100;7104;1;1;522775;"Z·mrsky";0;1;7;1;1;0;522775
20220923;7100;7104;1;1;523453;"é·kovice";0;1;7;1;1;0;523453
20220923;7100;7104;1;1;523640;"éelatovice";0;1;9;1;1;0;523640
20220923;7100;7105;1;2;523704;"äumperk";0;1;27;30;1;0;523704
20220923;7100;7101;1;1;523917;"BÏl· pod PradÏdem";0;1;15;3;1;0;523917
20220923;7100;7101;1;1;524891;"Bernartice";0;1;7;1;1;0;524891
20220923;7100;7101;1;1;525227;"BÌl· Voda";0;1;9;1;1;0;525227
20220923;7100;7105;1;1;525588;"Bludov";0;1;15;3;1;0;525588
20220923;7100;7105;1;1;525804;"BohdÌkov";0;1;15;3;1;0;525804
20220923;7100;7105;1;1;525880;"Bohuslavice";0;1;9;1;1;0;525880
20220923;7100;7105;1;1;525979;"BohutÌn";0;1;7;1;1;0;525979
20220923;7100;7105;1;1;526169;"Brann·";0;1;7;1;1;0;526169
20220923;2100;2105;1;1;526622;"Rohozec";0;1;7;1;1;0;526622
20220923;2100;2105;1;1;528196;"Podveky";0;1;9;1;1;0;528196
20220923;2100;2101;1;2;529303;"Beneöov";0;1;27;23;1;0;529303
20220923;2100;2101;1;2;529451;"Byst¯ice";0;1;17;10;1;0;529451
20220923;2100;2101;1;1;529478;"»akov";0;1;7;1;1;0;529478
20220923;2100;2101;1;6;529486;"»echtice";0;1;15;6;1;0;529486
20220923;2100;2101;1;1;529516;"»erËany";0;1;15;2;1;0;529516
20220923;2100;2105;1;1;529524;"»ejkovice";0;1;5;1;1;0;529524
20220923;2100;2101;1;1;529532;"»erven˝ ⁄jezd";0;1;7;1;1;0;529532
20220923;2100;2101;1;6;529541;"»esk˝ äternberk";0;1;7;1;1;0;529541
20220923;2100;2105;1;1;529559;"DobrovÌtov";0;1;9;1;1;0;529559
20220923;2100;2101;1;1;529567;"»ty¯koly";0;1;7;1;1;0;529567
20220923;2100;2106;1;1;529575;"Medonosy";0;1;7;1;1;0;529575
20220923;2100;2106;1;1;529583;"Tupadly";0;1;7;1;1;0;529583
20220923;2100;2107;1;1;529591;"Sedlec";0;1;7;1;1;0;529591
20220923;2100;2107;1;1;529605;"Rokyt·";0;1;9;1;1;0;529605
20220923;2100;2107;1;1;529613;"Josef˘v D˘l";0;1;7;1;1;0;529613
20220923;2100;2101;1;6;529621;"Diviöov";0;1;15;5;1;0;529621
20220923;2100;2108;1;1;529630;"Kostoml·tky";0;1;7;1;1;0;529630
20220923;2100;2101;1;1;529648;"DolnÌ Kralovice";0;1;15;1;1;0;529648
20220923;2100;2109;1;1;529656;"PÏtihosty";0;1;7;1;1;0;529656
20220923;2100;2111;1;1;529664;"TÏcha¯ovice";0;1;7;1;1;0;529664
20220923;2100;2111;1;1;529672;"BezdÏkov pod T¯emöÌnem";0;1;7;1;1;0;529672
20220923;2100;2111;1;1;529681;"KoupÏ";0;1;7;1;1;0;529681
20220923;2100;2112;1;1;529699;"Velk· Chmeliötn·";0;1;7;1;1;0;529699
20220923;2100;2101;1;1;529702;"He¯maniËky";0;1;9;3;1;0;529702
20220923;2100;2112;1;1;529711;"Drahouö";0;1;7;1;1;0;529711
20220923;3100;3101;1;1;529729;"KvÌtkovice";0;1;5;1;1;0;529729
20220923;2100;2101;1;1;529737;"Hulice";0;1;7;1;1;0;529737
20220923;2100;2101;1;1;529745;"HvÏzdonice";0;1;7;1;1;0;529745
20220923;3100;3103;1;1;529753;"DÌvËÌ Kopy";0;1;5;1;1;0;529753
20220923;3100;3103;1;1;529761;"éÔ·r";0;1;5;1;1;0;529761
20220923;2100;2101;1;1;529770;"Chlum";0;1;7;1;1;0;529770
20220923;2100;2101;1;1;529788;"Chmeln·";0;1;7;1;1;0;529788
20220923;2100;2101;1;1;529796;"Chocerady";0;1;11;2;1;0;529796
20220923;2100;2101;1;1;529818;"Chot˝öany";0;1;7;1;1;0;529818
20220923;6100;6103;1;1;529826;"»elistn·";0;1;7;1;1;0;529826
20220923;6100;6103;1;1;529834;"Mezn·";0;1;7;1;1;0;529834
20220923;2100;2101;1;1;529842;"Jankov";0;1;15;2;1;0;529842
20220923;2100;2101;1;1;529851;"JavornÌk";0;1;7;1;1;0;529851
20220923;6100;6103;1;1;529869;"D˘l";0;1;7;1;1;0;529869
20220923;3100;3104;1;1;529877;"Okrouhl·";0;1;7;1;1;0;529877
20220923;3100;3104;1;1;529885;"Stehlovice";0;1;7;1;1;0;529885
20220923;3100;3105;1;1;529893;"Nicov";0;1;7;1;1;0;529893
20220923;2100;2101;1;1;529907;"Keblov";0;1;5;1;1;0;529907
20220923;3100;3105;1;1;529915;"Vrbice";0;1;7;1;1;0;529915
20220923;3100;3105;1;1;529923;"é·rovn·";0;1;7;1;1;0;529923
20220923;2100;2101;1;1;529931;"Kondrac";0;1;9;1;1;0;529931
20220923;2100;2101;1;1;529940;"Kozmice";0;1;7;1;1;0;529940
20220923;2100;2101;1;1;529958;"Krhanice";0;1;9;2;1;0;529958
20220923;3100;3106;1;1;529966;"Buzice";0;1;7;1;1;0;529966
20220923;2100;2101;1;1;529974;"KrÚany";0;1;7;3;1;0;529974
20220923;3100;3106;1;1;529982;"Chlum";0;1;9;1;1;0;529982
20220923;2100;2101;1;1;529991;"K¯eËovice";0;1;11;4;1;0;529991
20220923;2100;2101;1;6;530000;"K¯ivsoudov";0;1;9;1;1;0;530000
20220923;3100;3106;1;1;530018;"B¯ezÌ";0;1;7;1;1;0;530018
20220923;2100;2101;1;1;530026;"KuÚovice";0;1;7;1;1;0;530026
20220923;3100;3106;1;1;530034;"Stoûice";0;1;9;1;1;0;530034
20220923;3100;3107;1;1;530042;"Katov";0;1;7;1;1;0;530042
20220923;2100;2101;1;1;530051;"Leöany";0;1;15;1;1;0;530051
20220923;2100;2101;1;1;530069;"Libeû";0;1;8;1;1;0;530069
20220923;3200;3202;1;1;530085;"BukovnÌk";0;1;7;1;1;0;530085
20220923;2100;2101;1;1;530093;"Loket";0;1;11;5;1;0;530093
20220923;2100;2101;1;6;530107;"LouÚovice pod BlanÌkem";0;1;15;1;1;0;530107
20220923;2100;2101;1;6;530115;"Maröovice";0;1;11;3;1;0;530115
20220923;3200;3202;1;1;530123;"DobröÌn";0;1;7;1;1;0;530123
20220923;3200;3204;1;1;530131;"P¯estavlky";0;1;7;1;1;0;530131
20220923;3200;3204;1;1;530140;"MilÌnov";0;1;7;1;1;0;530140
20220923;2100;2101;1;1;530158;"Mezno";0;1;9;1;1;0;530158
20220923;2100;2101;1;2;530166;"MiliËÌn";0;1;9;2;1;0;530166
20220923;2100;2101;1;1;530174;"Mi¯etice";0;1;7;1;1;0;530174
20220923;3200;3204;1;1;530182;"é·kava";0;1;7;1;1;0;530182
20220923;2100;2101;1;1;530191;"Mnichovice";0;1;7;1;1;0;530191
20220923;2100;2101;1;1;530204;"MraË";0;1;11;1;1;0;530204
20220923;2100;2101;1;6;530212;"NaËeradec";0;1;15;1;1;0;530212
20220923;3200;3205;1;1;530221;"HnÏvnice";0;1;7;1;1;0;530221
20220923;3200;3205;1;1;530239;"BÌlov";0;1;7;1;1;0;530239
20220923;3200;3205;1;1;530247;"Potvorov";0;1;9;1;1;0;530247
20220923;2100;2101;1;1;530263;"Nespeky";0;1;9;2;1;0;530263
20220923;3200;3205;1;1;530271;"Sedlec";0;1;7;1;1;0;530271
20220923;3200;3205;1;1;530280;"Vysok· LibynÏ";0;1;7;1;1;0;530280
20220923;2100;2101;1;6;530298;"Netvo¯ice";0;1;15;1;1;0;530298
20220923;2100;2101;1;6;530301;"Neustupov";0;1;9;1;1;0;530301
20220923;2100;2101;1;2;530310;"Neveklov";0;1;15;6;1;0;530310
20220923;3200;3205;1;1;530328;"»erÚovice";0;1;7;1;1;0;530328
20220923;3200;3205;1;1;530336;"Pl·nÏ";0;1;9;1;1;0;530336
20220923;2100;2101;1;1;530344;"Olbramovice";0;1;15;3;1;0;530344
20220923;2100;2101;1;1;530352;"Ost¯edek";0;1;7;2;1;0;530352
20220923;3200;3206;1;1;530361;"Ka¯Ìzek";0;1;7;1;1;0;530361
20220923;3200;3206;1;1;530379;"DrahoÚ˘v ⁄jezd";0;1;5;1;1;0;530379
20220923;5100;5101;1;1;530387;"Radvanec";0;1;9;1;1;0;530387
20220923;4200;4201;1;1;530395;"Jansk·";0;1;7;1;1;0;530395
20220923;2100;2101;1;1;530409;"Petroupim";0;1;7;1;1;0;530409
20220923;4200;4201;1;1;530417;"Doubice";0;1;7;1;1;0;530417
20220923;5100;5102;1;1;530425;"Daleöice";0;1;7;1;1;0;530425
20220923;5100;5103;1;1;530433;"Kunratice";0;1;9;1;1;0;530433
20220923;2100;2101;1;1;530441;"Po¯ÌËÌ nad S·zavou";0;1;15;1;1;0;530441
20220923;2100;2101;1;1;530450;"Postupice";0;1;9;1;1;0;530450
20220923;5100;5103;1;1;530468;"Dlouh˝ Most";0;1;9;1;1;0;530468
20220923;2100;2101;1;1;530476;"PravonÌn";0;1;11;1;1;0;530476
20220923;5100;5103;1;1;530484;"Je¯manice";0;1;9;1;1;0;530484
20220923;2100;2101;1;1;530492;"P¯estavlky u »erËan";0;1;7;1;1;0;530492
20220923;4200;4203;1;1;530506;"Mi¯ejovice";0;1;5;1;1;0;530506
20220923;2100;2101;1;1;530514;"Ps·¯e";0;1;8;1;1;0;530514
20220923;2100;2101;1;1;530522;"RabynÏ";0;1;7;1;1;0;530522
20220923;2100;2101;1;1;530531;"Radoöovice";0;1;13;1;1;0;530531
20220923;2100;2101;1;1;530549;"Rataje";0;1;7;1;1;0;530549
20220923;4200;4204;1;1;530557;"Kozly";0;1;7;1;1;0;530557
20220923;4200;4204;1;1;530565;"éelkovice";0;1;9;1;1;0;530565
20220923;2100;2111;1;2;530573;"Sedlec-PrËice";0;1;15;10;1;0;530573
20220923;4200;4204;1;1;530581;"»eradice";0;1;7;1;1;0;530581
20220923;4200;4204;1;1;530590;"LiboËany";0;1;9;1;1;0;530590
20220923;4200;4204;1;1;530603;"Z·luûice";0;1;5;1;1;0;530603
20220923;2100;2101;1;1;530611;"Smilkov";0;1;7;1;1;0;530611
20220923;4200;4207;1;1;530620;"P¯estanov";0;1;7;1;1;0;530620
20220923;2100;2101;1;1;530638;"SobÏhrdy";0;1;9;1;1;0;530638
20220923;6100;6101;1;1;530646;"Hurtova Lhota";0;1;7;1;1;0;530646
20220923;6100;6101;1;1;530654;"Vysok·";0;1;7;1;1;0;530654
20220923;6100;6101;1;1;530662;"édÌrec";0;1;7;1;1;0;530662
20220923;5200;5201;1;1;530671;"Pö·nky";0;1;7;1;1;0;530671
20220923;2100;2101;1;1;530689;"Struha¯ov";0;1;11;2;1;0;530689
20220923;5300;5301;1;1;530697;"⁄herËice";0;1;7;1;1;0;530697
20220923;2100;2101;1;1;530701;"St¯ezimÌ¯";0;1;7;1;1;0;530701
20220923;2100;2101;1;1;530719;"Studen˝";0;1;7;1;1;0;530719
20220923;7100;7105;1;1;530727;"BrnÌËko";0;1;7;1;1;0;530727
20220923;5200;5202;1;1;530735;"StarÈ Hrady";0;1;9;1;1;0;530735
20220923;2100;2101;1;1;530743;"BÌlkovice";0;1;7;1;1;0;530743
20220923;2100;2101;1;1;530751;"Tehov";0;1;9;1;1;0;530751
20220923;2100;2101;1;1;530760;"Tepl˝öovice";0;1;7;1;1;0;530760
20220923;2100;2101;1;1;530778;"Tichonice";0;1;7;1;1;0;530778
20220923;5200;5203;1;1;530786;"ÿÌkov";0;1;7;1;1;0;530786
20220923;5300;5302;1;1;530794;"Trn·vka";0;1;7;1;1;0;530794
20220923;5200;5205;1;1;530808;"Kr·lovec";0;1;5;1;1;0;530808
20220923;2100;2101;1;2;530816;"Trhov˝ ätÏp·nov";0;1;15;1;1;0;530816
20220923;6200;6201;1;1;530824;"Velenov";0;1;7;1;1;0;530824
20220923;2100;2105;1;1;530832;"Brambory";0;1;7;1;1;0;530832
20220923;2100;2101;1;2;530841;"T˝nec nad S·zavou";0;1;17;12;1;0;530841
20220923;2100;2105;1;1;530859;"SemtÏö";0;1;7;1;1;0;530859
20220923;2100;2101;1;1;530867;"Veliö";0;1;9;1;1;0;530867
20220923;2100;2105;1;1;530875;"StarkoË";0;1;7;1;1;0;530875
20220923;2100;2101;1;2;530883;"Vlaöim";0;1;21;13;1;0;530883
20220923;2100;2101;1;1;530891;"Vojkov";0;1;7;1;1;0;530891
20220923;2100;2101;1;2;530905;"Votice";0;1;19;7;1;0;530905
20220923;2100;2101;1;1;530913;"Vracovice";0;1;7;1;1;0;530913
20220923;2100;2101;1;1;530921;"Vranov";0;1;7;1;1;0;530921
20220923;2100;2105;1;1;530930;"ätipoklasy";0;1;7;1;1;0;530930
20220923;2100;2101;1;6;530948;"Vrchotovy Janovice";0;1;15;1;1;0;530948
20220923;2100;2105;1;1;530956;"Opatovice I";0;1;5;1;1;0;530956
20220923;2100;2105;1;1;530964;"Bludov";0;1;5;1;1;0;530964
20220923;2100;2105;1;1;530972;"T¯ebÏtÌn";0;1;7;1;1;0;530972
20220923;2100;2105;1;1;530981;"T¯ebeöice";0;1;7;1;1;0;530981
20220923;2100;2105;1;1;530999;"MoËovice";0;1;7;1;1;0;530999
20220923;6200;6201;1;1;531006;"LudÌkov";0;1;7;1;1;0;531006
20220923;2100;2105;1;1;531014;"Vodranty";0;1;6;1;1;0;531014
20220923;2100;2101;1;6;531022;"Zdislavice";0;1;7;1;1;0;531022
20220923;2100;2101;1;1;531031;"Kamberk";0;1;7;1;1;0;531031
20220923;2100;2101;1;1;531049;"ZvÏstov";0;1;7;1;1;0;531049
20220923;2100;2102;1;2;531057;"Beroun";0;1;21;19;1;0;531057
20220923;2100;2105;1;1;531065;"SouÚov";0;1;7;1;1;0;531065
20220923;2100;2102;1;1;531073;"BÏötÌn";0;1;7;1;1;0;531073
20220923;2100;2102;1;1;531081;"Broumy";0;1;9;1;1;0;531081
20220923;2100;2102;1;1;531090;"B¯ezov·";0;1;5;1;1;0;531090
20220923;2100;2102;1;1;531103;"Bubovice";0;1;7;1;1;0;531103
20220923;2100;2105;1;1;531111;"Bernardov";0;1;5;1;1;0;531111
20220923;2100;2102;1;1;531120;"Bzov·";0;1;9;1;1;0;531120
20220923;2100;2102;1;6;531138;"Cerhovice";0;1;15;1;1;0;531138
20220923;2100;2110;1;1;531146;"DrahelËice";0;1;9;1;1;0;531146
20220923;2100;2102;1;1;531154;"Drozdov";0;1;9;1;1;0;531154
20220923;2100;2102;1;1;531162;"Felbabka";0;1;7;1;1;0;531162
20220923;2100;2102;1;1;531171;"Hl·sn· T¯ebaÚ";0;1;9;1;1;0;531171
20220923;2100;2102;1;2;531189;"Ho¯ovice";0;1;21;4;1;0;531189
20220923;2100;2105;1;1;531197;"HlÌzov";0;1;9;1;1;0;531197
20220923;2100;2102;1;2;531201;"Hostomice";0;1;9;2;1;0;531201
20220923;2100;2102;1;1;531219;"H¯edle";0;1;7;1;1;0;531219
20220923;2100;2102;1;1;531227;"Hudlice";0;1;15;1;1;0;531227
20220923;2100;2102;1;1;531235;"Hvozdec";0;1;7;1;1;0;531235
20220923;2100;2102;1;1;531243;"H˝skov";0;1;15;1;1;0;531243
20220923;2100;2102;1;1;531251;"Chaloupky";0;1;7;1;1;0;531251
20220923;2100;2105;1;1;531260;"DolnÌ PohleÔ";0;1;7;1;1;0;531260
20251206;2100;2105;1;1;531260;"DolnÌ PohleÔ";0;1;7;1;1;0;531260
20220923;2100;2105;1;1;531278;"PabÏnice";0;1;7;1;1;0;531278
20220923;2100;2105;1;1;531286;"BratËice";0;1;7;1;1;0;531286
20220923;2100;2102;1;1;531294;"ChyÚava";0;1;15;1;1;0;531294
20220923;2100;2102;1;1;531308;"Jivina";0;1;7;1;1;0;531308
20220923;2100;2102;1;6;531316;"Karlötejn";0;1;9;1;1;0;531316
20220923;2100;2102;1;6;531324;"Kom·rov";0;1;15;2;1;0;531324
20220923;2100;2102;1;1;531332;"KonÏprusy";0;1;7;1;1;0;531332
20220923;2100;2105;1;1;531341;"Drobovice";0;1;7;1;1;0;531341
20220923;2100;2105;1;1;531359;"Horky";0;1;7;1;1;0;531359
20220923;2100;2105;1;1;531367;"Adamov";0;1;5;1;1;0;531367
20250614;2100;2105;1;1;531367;"Adamov";0;1;5;1;1;0;531367
20220923;2100;2102;1;1;531375;"Kublov";0;1;9;1;1;0;531375
20220923;2100;2105;1;1;531383;"Scho¯ov";0;1;5;1;1;0;531383
20220923;2100;2105;1;1;531391;"SudÏjov";0;1;5;1;1;0;531391
20220923;2100;2105;1;1;531405;"Kobylnice";0;1;5;1;1;0;531405
20220923;2100;2105;1;1;531413;"HrabÏöÌn";0;1;7;1;1;0;531413
20220923;2100;2105;1;1;531421;"äebestÏnice";0;1;5;1;1;0;531421
20220923;2100;2105;1;1;531430;"Horka I";0;1;7;1;1;0;531430
20220923;2100;2102;1;1;531448;"Libomyöl";0;1;9;1;1;0;531448
20220923;2100;2102;1;6;531456;"LiteÚ";0;1;9;2;1;0;531456
20220923;2100;2102;1;1;531464;"LodÏnice";0;1;15;1;1;0;531464
20220923;2100;2102;1;1;531472;"Lochovice";0;1;11;1;1;0;531472
20220923;2100;2105;1;1;531481;"Horuöice";0;1;7;1;1;0;531481
20220923;2100;2106;1;1;531499;"HostÌn";0;1;7;1;1;0;531499
20220923;2100;2106;1;1;531502;"Liblice";0;1;7;1;1;0;531502
20220923;2100;2106;1;1;531511;"ZlonËice";0;1;7;1;1;0;531511
20220923;2100;2102;1;1;531529;"MÏÚany";0;1;7;1;1;0;531529
20220923;2100;2102;1;1;531537;"MezouÚ";0;1;7;1;1;0;531537
20220923;2100;2102;1;1;531545;"Mo¯ina";0;1;9;2;1;0;531545
20220923;2100;2109;1;1;531553;"KonÏtopy";0;1;7;1;1;0;531553
20220923;2100;2106;1;1;531561;"TuhaÚ";0;1;7;1;1;0;531561
20220923;2100;2106;1;1;531570;"Dob¯eÚ";0;1;7;1;1;0;531570
20220923;2100;2102;1;1;531588;"NeumÏtely";0;1;9;1;1;0;531588
20220923;2100;2102;1;1;531596;"Niûbor";0;1;15;3;1;0;531596
20220923;2100;2102;1;1;531600;"Nov˝ J·chymov";0;1;11;1;1;0;531600
20220923;2100;2110;1;1;531618;"NuËice";0;1;9;1;1;0;531618
20220923;2100;2102;1;1;531626;"Oleön·";0;1;7;1;1;0;531626
20220923;2100;2102;1;1;531634;"Osek";0;1;9;1;1;0;531634
20220923;2100;2102;1;1;531642;"Osov";0;1;7;1;1;0;531642
20220923;2100;2106;1;1;531651;"Kanina";0;1;7;1;1;0;531651
20220923;2100;2102;1;1;531669;"OtroËinÏves";0;1;7;1;1;0;531669
20220923;2100;2106;1;1;531677;"LobeË";0;1;7;1;1;0;531677
20220923;2100;2102;1;1;531685;"Podluhy";0;1;7;1;1;0;531685
20220923;2100;2102;1;1;531693;"Praskolesy";0;1;15;1;1;0;531693
20220923;2100;2106;1;1;531707;"Nos·lov";0;1;7;1;1;0;531707
20220923;2100;2102;1;1;531715;"Rpety";0;1;7;1;1;0;531715
20220923;2100;2110;1;2;531723;"Rudn·";0;1;15;3;1;0;531723
20220923;2100;2106;1;1;531731;"Str·nka";0;1;7;1;1;0;531731
20220923;2100;2102;1;1;531740;"Skuhrov";0;1;9;1;1;0;531740
20220923;2100;2102;1;1;531758;"Srbsko";0;1;9;1;1;0;531758
20220923;2100;2102;1;1;531766;"Staöov";0;1;7;1;1;0;531766
20220923;2100;2106;1;1;531774;"KadlÌn";0;1;7;1;1;0;531774
20230617;2100;2106;1;1;531774;"KadlÌn";0;1;7;1;1;0;531774
20220923;2100;2102;1;1;531782;"Suchomasty";0;1;9;1;1;0;531782
20220923;2100;2102;1;1;531791;"Svat·";0;1;7;1;1;0;531791
20220923;2100;2102;1;1;531804;"Svat˝ Jan pod Skalou";0;1;7;1;1;0;531804
20220923;2100;2102;1;1;531812;"Svina¯e";0;1;7;1;1;0;531812
20220923;2100;2110;1;1;531821;"Tachlovice";0;1;7;1;1;0;531821
20220923;2100;2102;1;1;531839;"TetÌn";0;1;9;1;1;0;531839
20220923;2100;2102;1;1;531847;"Tlustice";0;1;15;1;1;0;531847
20220923;2100;2102;1;1;531855;"TmaÚ";0;1;15;1;1;0;531855
20220923;2100;2106;1;1;531863;"Nedomice";0;1;7;1;1;0;531863
20220923;2100;2106;1;1;531871;"JevinÏves";0;1;7;1;1;0;531871
20220923;2100;2102;1;1;531880;"Trubsk·";0;1;5;1;1;0;531880
20220923;2100;2106;1;1;531898;"Lhotka";0;1;7;1;1;0;531898
20220923;2100;2102;1;1;531901;"⁄jezd";0;1;7;1;1;0;531901
20220923;2100;2102;1;1;531910;"Velk˝ Chlumec";0;1;7;2;1;0;531910
20220923;2100;2106;1;1;531928;"HostÌn u Vojkovic";0;1;7;1;1;0;531928
20220923;2100;2106;1;1;531936;"Vidim";0;1;5;1;1;0;531936
20220923;2100;2102;1;1;531944;"Vr·û";0;1;15;1;1;0;531944
20220923;2100;2102;1;1;531952;"Vöeradice";0;1;7;1;1;0;531952
20220923;2100;2102;1;1;531961;"Vysok˝ ⁄jezd";0;1;9;3;1;0;531961
20240323;2100;2102;1;1;531961;"Vysok˝ ⁄jezd";0;1;9;3;1;0;531961
20220923;2100;2102;1;1;531979;"ZadnÌ T¯ebaÚ";0;1;9;1;1;0;531979
20220923;2100;2106;1;1;531987;"DolnÌ Zimo¯";0;1;7;1;1;0;531987
20220923;2100;2102;1;1;531995;"ZajeËov";0;1;15;1;1;0;531995
20220923;2100;2102;1;1;532002;"Z·luûÌ";0;1;7;1;1;0;532002
20220923;2100;2102;1;2;532011;"Zdice";0;1;15;5;1;0;532011
20220923;2100;2102;1;2;532029;"éebr·k";0;1;15;1;1;0;532029
20220923;2100;2101;1;1;532037;"Chr·öùany";0;1;7;1;1;0;532037
20220923;2100;2101;1;1;532045;"ChlÌstov";0;1;7;1;1;0;532045
20220923;2100;2103;1;3;532053;"Kladno";0;1;33;57;1;0;532053
20220923;2100;2101;1;1;532061;"V·clavice";0;1;9;1;1;0;532061
20220923;2100;2103;1;1;532070;"BÏloky";0;1;7;1;1;0;532070
20220923;2100;2103;1;1;532088;"Be¯ovice";0;1;7;1;1;0;532088
20220923;2100;2101;1;1;532096;"Borovnice";0;1;7;1;1;0;532096
20220923;2100;2103;1;1;532100;"Blevice";0;1;7;1;1;0;532100
20220923;2100;2103;1;1;532118;"Brand˝sek";0;1;15;1;1;0;532118
20220923;2100;2103;1;1;532126;"Braökov";0;1;15;1;1;0;532126
20220923;2100;2101;1;1;532134;"Jeöetice";0;1;7;1;1;0;532134
20220923;2100;2103;1;1;532142;"Bratronice";0;1;9;2;1;0;532142
20220923;2100;2101;1;1;532151;"DrahÚovice";0;1;5;1;1;0;532151
20220923;2100;2103;1;2;532169;"BuötÏhrad";0;1;11;3;1;0;532169
20220923;2100;2103;1;1;532177;"Tu¯any";0;1;9;1;1;0;532177
20220923;2100;2103;1;1;532185;"CvrËovice";0;1;9;1;1;0;532185
20220923;2100;2101;1;1;532193;"LötÏnÌ";0;1;7;2;1;0;532193
20220923;2100;2103;1;1;532207;"»ernuc";0;1;11;3;1;0;532207
20220923;2100;2110;1;1;532215;"»erven˝ ⁄jezd";0;1;9;1;1;0;532215
20220923;2100;2103;1;1;532223;"Doksy";0;1;11;1;1;0;532223
20220923;2100;2101;1;1;532231;"SlovÏnice";0;1;5;1;1;0;532231
20231209;2100;2101;1;1;532231;"SlovÏnice";0;1;5;1;1;0;532231
20220923;2100;2101;1;1;532258;"Litichovice";0;1;7;1;1;0;532258
20220923;2100;2101;1;1;532266;"Vöechlapy";0;1;7;1;1;0;532266
20220923;2100;2103;1;1;532274;"Druûec";0;1;9;1;1;0;532274
20220923;2100;2103;1;1;532282;"D¯etovice";0;1;7;1;1;0;532282
20220923;2100;2103;1;1;532291;"D¯Ìnov";0;1;7;1;1;0;532291
20220923;2100;2101;1;1;532304;"T¯ebeöice";0;1;7;1;1;0;532304
20220923;2100;2103;1;1;532312;"HornÌ BezdÏkov";0;1;9;1;1;0;532312
20220923;2100;2103;1;1;532321;"Ho¯eöovice";0;1;7;1;1;0;532321
20220923;2100;2103;1;1;532339;"HospozÌn";0;1;9;1;1;0;532339
20220923;2100;2103;1;1;532347;"HostouÚ";0;1;9;1;1;0;532347
20220923;2100;2103;1;1;532355;"HradeËno";0;1;7;2;1;0;532355
20220923;2100;2103;1;1;532363;"HrdlÌv";0;1;7;1;1;0;532363
20220923;2100;2103;1;1;532371;"H¯ebeË";0;1;9;1;1;0;532371
20220923;2100;2101;1;1;532380;"Blaûejovice";0;1;7;1;1;0;532380
20220923;2100;2103;1;1;532398;"ChrûÌn";0;1;5;1;1;0;532398
20220923;2100;2103;1;1;532401;"Jarpice";0;1;7;1;1;0;532401
20220923;2100;2103;1;1;532410;"JedomÏlice";0;1;7;1;1;0;532410
20220923;2100;2103;1;1;532428;"JemnÌky";0;1;9;1;1;0;532428
20220923;2100;2101;1;1;532436;"SnÏt";0;1;7;1;1;0;532436
20220923;2100;2103;1;1;532444;"KaËice";0;1;9;1;1;0;532444
20220923;2100;2103;1;1;532452;"KamennÈ éehrovice";0;1;9;1;1;0;532452
20220923;2100;2103;1;1;532461;"Klobuky";0;1;9;2;1;0;532461
20220923;2100;2103;1;1;532479;"KmetinÏves";0;1;7;1;1;0;532479
20220923;2100;2103;1;1;532487;"KnovÌz";0;1;7;1;1;0;532487
20220923;2100;2103;1;1;532495;"KoleË";0;1;9;1;1;0;532495
20220923;2100;2101;1;1;532509;"äetÏjovice";0;1;6;1;1;0;532509
20220923;2100;2103;1;1;532517;"KvÌlice";0;1;5;1;1;0;532517
20220923;2100;2103;1;1;532525;"Kyöice";0;1;7;1;1;0;532525
20220923;2100;2103;1;1;532533;"Ledce";0;1;7;1;1;0;532533
20220923;2100;2101;1;1;532541;"Tomice";0;1;7;1;1;0;532541
20220923;2100;2101;1;1;532550;"RatmÏ¯ice";0;1;9;1;1;0;532550
20220923;2100;2101;1;1;532568;"Bernartice";0;1;7;1;1;0;532568
20220923;2100;2103;1;2;532576;"LibuöÌn";0;1;15;2;1;0;532576
20220923;2100;2103;1;1;532584;"Lidice";0;1;7;1;1;0;532584
20220923;2100;2101;1;1;532592;"Tisem";0;1;7;1;1;0;532592
20220923;2100;2101;1;1;532606;"Choratice";0;1;5;1;1;0;532606
20220923;2100;2101;1;1;532614;"Vodslivy";0;1;7;1;1;0;532614
20220923;2100;2103;1;1;532622;"Makot¯asy";0;1;7;1;1;0;532622
20220923;2100;2103;1;1;532631;"MalÈ Kyöice";0;1;9;1;1;0;532631
20220923;2100;2101;1;1;532649;"Popovice";0;1;7;1;1;0;532649
20220923;2100;2103;1;1;532657;"MalÌkovice";0;1;7;2;1;0;532657
20220923;2100;2103;1;1;532665;"NeumÏ¯ice";0;1;7;1;1;0;532665
20220923;2100;2106;1;1;532673;"Olovnice";0;1;7;1;1;0;532673
20220923;2100;2103;1;1;532681;"Otvovice";0;1;9;1;1;0;532681
20220923;2100;2101;1;1;532690;"Ctibo¯";0;1;7;1;1;0;532690
20220923;2100;2103;1;1;532711;"Pavlov";0;1;9;1;1;0;532711
20220923;2100;2103;1;1;532720;"Pchery";0;1;9;2;1;0;532720
20220923;2100;2103;1;1;532738;"Pleten˝ ⁄jezd";0;1;7;1;1;0;532738
20220923;2100;2101;1;1;532746;"DÏkanovice";0;1;5;1;1;0;532746
20220923;2100;2103;1;1;532754;"PodleöÌn";0;1;5;1;1;0;532754
20220923;2100;2103;1;1;532762;"PozdeÚ";0;1;7;2;1;0;532762
20220923;2100;2103;1;1;532771;"P¯elÌc";0;1;7;1;1;0;532771
20220923;2100;2110;1;1;532789;"Ptice";0;1;7;1;1;0;532789
20220923;2100;2103;1;1;532797;"ÿisuty";0;1;7;1;1;0;532797
20220923;2100;2103;1;1;532801;"Sazen·";0;1;7;1;1;0;532801
20220923;2100;2103;1;2;532819;"Slan˝";0;1;27;22;1;0;532819
20220923;2100;2103;1;1;532827;"Slatina";0;1;7;1;1;0;532827
20220923;2100;2103;1;2;532835;"SmeËno";0;1;15;2;1;0;532835
20220923;2100;2101;1;1;532843;"Dunice";0;1;5;1;1;0;532843
20220923;2100;2103;1;1;532851;"StehelËeves";0;1;7;1;1;0;532851
20220923;2100;2103;1;2;532860;"Stochov";0;1;21;7;1;0;532860
20220923;2100;2101;1;1;532878;"Chleby";0;1;5;1;1;0;532878
20220923;2100;2101;1;1;532886;"Ch·¯ovice";0;1;7;1;1;0;532886
20220923;7100;7105;1;1;532894;"BuöÌn";0;1;7;1;1;0;532894
20220923;2100;2103;1;1;532908;"Svina¯ov";0;1;9;1;1;0;532908
20220923;2100;2103;1;1;532916;"älapanice";0;1;7;1;1;0;532916
20220923;2100;2101;1;1;532924;"Bukovany";0;1;11;1;1;0;532924
20220923;2100;2101;1;1;532932;"HradiötÏ";0;1;7;1;1;0;532932
20220923;2100;2101;1;1;532941;"ÿimovice";0;1;5;1;1;0;532941
20220923;2100;2103;1;1;532959;"T¯ebichovice";0;1;7;1;1;0;532959
20220923;2100;2103;1;1;532967;"T¯ebÌz";0;1;7;1;1;0;532967
20220923;2100;2103;1;1;532975;"T¯ebusice";0;1;7;1;1;0;532975
20220923;2100;2103;1;1;532983;"Tuchlovice";0;1;15;3;1;0;532983
20220923;2100;2110;1;1;532991;"⁄honice";0;1;9;1;1;0;532991
20220923;2100;2103;1;1;533009;"Uhy";0;1;7;1;1;0;533009
20220923;2100;2103;1;2;533017;"Unhoöù";0;1;19;4;1;0;533017
20220923;2100;2103;1;1;533025;"Velk· Dobr·";0;1;7;1;1;0;533025
20220923;2100;2103;1;1;533033;"VelkÈ P¯ÌtoËno";0;1;7;1;1;0;533033
20230916;2100;2103;1;1;533033;"VelkÈ P¯ÌtoËno";0;1;7;1;1;0;533033
20220923;2100;2103;1;2;533041;"Velvary";0;1;15;4;1;0;533041
20220923;2100;2103;1;1;533050;"Vina¯ice";0;1;9;3;1;0;533050
20220923;2100;2103;1;6;533068;"Vran˝";0;1;10;2;1;0;533068
20220923;2100;2101;1;1;533076;"Pavlovice";0;1;7;1;1;0;533076
20220923;2100;2101;1;1;533084;"Kladruby";0;1;9;1;1;0;533084
20220923;2100;2103;1;1;533092;"Z·kolany";0;1;9;1;1;0;533092
20220923;2100;2102;1;1;533106;"TrubÌn";0;1;7;1;1;0;533106
20220923;2100;2103;1;6;533114;"Zlonice";0;1;15;5;1;0;533114
20220923;2100;2103;1;1;533122;"ZvolenÏves";0;1;9;1;1;0;533122
20220923;2100;2103;1;1;533149;"éilina";0;1;9;1;1;0;533149
20220923;2100;2103;1;1;533157;"éiûice";0;1;7;2;1;0;533157
20220923;2100;2104;1;2;533165;"KolÌn";0;1;27;29;1;0;533165
20220923;2100;2104;1;1;533173;"Barchovice";0;1;7;1;1;0;533173
20220923;2100;2104;1;1;533181;"BeËv·ry";0;1;11;4;1;0;533181
20220923;2100;2104;1;1;533190;"BÏluöice";0;1;5;1;1;0;533190
20220923;2100;2102;1;2;533203;"Kr·l˘v Dv˘r";0;1;17;8;1;0;533203
20220923;2100;2104;1;1;533211;"B¯eûany I";0;1;7;2;1;0;533211
20220923;2100;2104;1;1;533220;"B¯eûany II";0;1;7;1;1;0;533220
20220923;2100;2104;1;1;533238;"B˝chory";0;1;9;1;1;0;533238
20220923;2100;2104;1;6;533246;"Cerhenice";0;1;11;2;1;0;533246
20220923;2100;2109;1;1;533254;"»ernÈ VodÏrady";0;1;7;1;1;0;533254
20220923;2100;2104;1;6;533262;"»ervenÈ PeËky";0;1;13;2;1;0;533262
20220923;2100;2104;1;2;533271;"»esk˝ Brod";0;1;21;7;1;0;533271
20220923;2100;2104;1;1;533289;"Dob¯ichov";0;1;9;1;1;0;533289
20220923;2100;2104;1;1;533297;"DolnÌ Chvatliny";0;1;9;3;1;0;533297
20220923;2100;2104;1;1;533301;"DoubravËice";0;1;7;1;1;0;533301
20220923;2100;2102;1;1;533319;"Mal· VÌska";0;1;5;1;1;0;533319
20220923;2100;2104;1;1;533327;"HornÌ Kruty";0;1;7;1;1;0;533327
20220923;2100;2102;1;1;533335;"Lhotka";0;1;7;1;1;0;533335
20220923;2100;2104;1;1;533343;"Chotutice";0;1;7;1;1;0;533343
20220923;2100;2104;1;1;533351;"Chr·öùany";0;1;9;3;1;0;533351
20220923;2100;2104;1;1;533360;"Jest¯abÌ Lhota";0;1;7;1;1;0;533360
20220923;2100;2109;1;1;533378;"Jevany";0;1;9;1;1;0;533378
20220923;2100;2104;1;1;533386;"KluËov";0;1;15;3;1;0;533386
20220923;2100;2104;1;1;533394;"Kon·rovice";0;1;9;1;1;0;533394
20220923;2100;2104;1;1;533408;"Ko¯enice";0;1;9;3;1;0;533408
20220923;2100;2109;1;2;533416;"Kostelec nad »ern˝mi lesy";0;1;15;4;1;0;533416
20220923;2100;2104;1;2;533424;"Kou¯im";0;1;15;2;1;0;533424
20220923;2100;2109;1;1;533432;"Kozojedy";0;1;9;1;1;0;533432
20220923;2100;2104;1;1;533441;"Krakovany";0;1;9;2;1;0;533441
20220923;2100;2104;1;1;533459;"Krup·";0;1;7;1;1;0;533459
20220923;2100;2104;1;1;533467;"K¯eËho¯";0;1;9;1;1;0;533467
20220923;2100;2104;1;1;533475;"Libenice";0;1;7;1;1;0;533475
20220923;2100;2104;1;1;533483;"Libod¯ice";0;1;7;1;1;0;533483
20220923;7100;7101;1;1;533491;"»ern· Voda";0;1;9;1;1;0;533491
20220923;2100;2104;1;1;533505;"Loöany";0;1;7;1;1;0;533505
20220923;2100;2104;1;1;533513;"Malotice";0;1;7;2;1;0;533513
20220923;2100;2104;1;1;533521;"Nebovidy";0;1;7;2;1;0;533521
20220923;2100;2104;1;1;533530;"Nov· Ves I";0;1;11;1;1;0;533530
20220923;2100;2109;1;1;533548;"NuËice";0;1;7;1;1;0;533548
20220923;2100;2104;1;1;533556;"Oha¯e";0;1;7;1;1;0;533556
20220923;2100;2109;1;1;533564;"Oleöka";0;1;15;4;1;0;533564
20220923;2100;2104;1;1;533572;"OvË·ry";0;1;9;1;1;0;533572
20220923;2100;2104;1;6;533581;"PlaÚany";0;1;9;1;1;0;533581
20220923;2100;2104;1;1;533599;"Polepy";0;1;7;1;1;0;533599
20220923;2100;2102;1;1;533602;"NenaËovice";0;1;5;1;1;0;533602
20220923;2100;2104;1;1;533611;"P¯iöimasy";0;1;9;1;1;0;533611
20220923;2100;2104;1;1;533629;"Radim";0;1;9;1;1;0;533629
20220923;2100;2104;1;1;533637;"Radovesnice I";0;1;7;1;1;0;533637
20220923;2100;2104;1;1;533645;"Radovesnice II";0;1;9;1;1;0;533645
20250315;2100;2104;1;1;533653;"Ratbo¯";0;1;7;2;1;0;533653
20220923;2100;2104;1;1;533653;"Ratbo¯";0;1;7;2;1;0;533653
20220923;2100;2104;1;1;533661;"Rostoklaty";0;1;9;1;1;0;533661
20220923;2100;2102;1;1;533670;"Chrustenice";0;1;11;1;1;0;533670
20220923;7100;7105;1;1;533688;"Dlouhomilov";0;1;7;1;1;0;533688
20220923;2100;2104;1;1;533696;"SkvrÚov";0;1;7;1;1;0;533696
20220923;2100;2104;1;1;533700;"Star˝ KolÌn";0;1;11;2;1;0;533700
20220923;2100;2109;1;1;533718;"St¯Ìbrn· Skalice";0;1;13;3;1;0;533718
20220923;2100;2104;1;1;533726;"Svojöice";0;1;7;1;1;0;533726
20220923;2100;2104;1;1;533734;"Tismice";0;1;7;2;1;0;533734
20220923;2100;2104;1;1;533742;"Touöice";0;1;7;2;1;0;533742
20220923;2100;2104;1;1;533751;"T¯ebovle";0;1;7;1;1;0;533751
20220923;2100;2104;1;1;533769;"T¯i Dvory";0;1;9;1;1;0;533769
20220923;2100;2104;1;1;533777;"Tuchoraz";0;1;7;1;1;0;533777
20220923;2100;2104;1;1;533785;"Tuklaty";0;1;9;2;1;0;533785
20220923;2100;2102;1;1;533793;"Korno";0;1;7;1;1;0;533793
20220923;2100;2104;1;2;533807;"T˝nec nad Labem";0;1;11;4;1;0;533807
20220923;2100;2104;1;1;533815;"UhlÌ¯sk· Lhota";0;1;7;2;1;0;533815
20220923;2100;2104;1;1;533823;"Veletov";0;1;5;1;1;0;533823
20220923;2100;2104;1;1;533831;"Velim";0;1;11;3;1;0;533831
20220923;2100;2104;1;1;533840;"Velk˝ Osek";0;1;15;1;1;0;533840
20220923;2100;2104;1;1;533858;"Veltruby";0;1;11;2;1;0;533858
20220923;2100;2104;1;1;533866;"Vitice";0;1;11;4;1;0;533866
20220923;2100;2109;1;1;533874;"VlkanËice";0;1;9;1;1;0;533874
20220923;2100;2104;1;1;533882;"Vol·rna";0;1;7;1;1;0;533882
20220923;2100;2104;1;1;533891;"VrbËany";0;1;5;1;1;0;533891
20220923;2100;2109;1;1;533904;"Vyûlovka";0;1;9;1;1;0;533904
20220923;2100;2102;1;1;533912;"Mo¯inka";0;1;5;1;1;0;533912
20220923;2100;2104;1;2;533921;"Z·smuky";0;1;15;5;1;0;533921
20220923;2100;2102;1;1;533939;"L·ûovice";0;1;5;1;1;0;533939
20220923;2100;2104;1;1;533947;"éiûelice";0;1;11;1;1;0;533947
20220923;2100;2105;1;2;533955;"Kutn· Hora";0;1;27;24;1;0;533955
20220923;2100;2102;1;1;533963;"Sk¯ipel";0;1;5;1;1;0;533963
20220923;2100;2105;1;6;533971;"BÌlÈ PodolÌ";0;1;9;3;1;0;533971
20220923;2100;2105;1;1;533980;"BohdaneË";0;1;7;1;1;0;533980
20230325;2100;2105;1;1;533980;"BohdaneË";0;1;7;1;1;0;533980
20220923;2100;2105;1;1;533998;"CÌrkvice";0;1;9;2;1;0;533998
20220923;2100;2105;1;2;534005;"»·slav";0;1;21;9;1;0;534005
20220923;2100;2105;1;1;534013;"»ernÌny";0;1;7;3;1;0;534013
20220923;2100;2105;1;1;534021;"»ervenÈ Janovice";0;1;9;1;1;0;534021
20220923;2100;2105;1;1;534030;"»estÌn";0;1;9;1;1;0;534030
20220923;2100;2102;1;1;534048;"Viûina";0;1;5;1;1;0;534048
20220923;2100;2105;1;1;534056;"Horka II";0;1;9;1;1;0;534056
20220923;2100;2105;1;1;534064;"Hostovlice";0;1;7;1;1;0;534064
20220923;2100;2102;1;1;534072;"Kotopeky";0;1;5;1;1;0;534072
20220923;2100;2105;1;1;534081;"Chabe¯ice";0;1;7;1;1;0;534081
20220923;2100;2105;1;1;534099;"ChlÌstovice";0;1;15;2;1;0;534099
20220923;2100;2105;1;1;534102;"Chotusice";0;1;7;1;1;0;534102
20220923;2100;2102;1;1;534111;"OtmÌËe";0;1;5;1;1;0;534111
20220923;2100;2105;1;6;534129;"K·cov";0;1;9;1;1;0;534129
20220923;2100;2105;1;1;534137;"Kluky";0;1;7;3;1;0;534137
20220923;2100;2102;1;1;534145;"Bykoö";0;1;7;1;1;0;534145
20220923;2100;2105;1;1;534153;"Krchleby";0;1;7;2;1;0;534153
20220923;2100;2105;1;1;534161;"K¯esetice";0;1;9;1;1;0;534161
20220923;2100;2105;1;1;534170;"LedeËko";0;1;7;1;1;0;534170
20220923;2100;2105;1;6;534188;"Maleöov";0;1;15;2;1;0;534188
20220923;2100;2105;1;1;534196;"Svat˝ Mikul·ö";0;1;9;3;1;0;534196
20220923;2100;2105;1;1;534200;"Miskovice";0;1;15;4;1;0;534200
20220923;2100;2102;1;1;534218;"M·lkov";0;1;7;1;1;0;534218
20220923;2100;2105;1;1;534226;"NepomÏ¯ice";0;1;9;1;1;0;534226
20220923;2100;2102;1;1;534234;"Vina¯ice";0;1;5;1;1;0;534234
20250913;2100;2102;1;1;534234;"Vina¯ice";0;1;5;1;1;0;534234
20220923;2100;2105;1;6;534242;"NovÈ Dvory";0;1;9;1;1;0;534242
20220923;2100;2105;1;1;534251;"Ok¯esaneË";0;1;7;1;1;0;534251
20220923;2100;2102;1;1;534269;"NesvaËily";0;1;7;1;1;0;534269
20220923;2100;2105;1;1;534277;"Onomyöl";0;1;7;1;1;0;534277
20220923;2100;2102;1;1;534285;"Podbrdy";0;1;6;1;1;0;534285
20220923;2100;2105;1;1;534293;"SobÏöÌn";0;1;7;1;1;0;534293
20230325;2100;2105;1;1;534293;"SobÏöÌn";0;1;7;1;1;0;534293
20220923;2100;2105;1;1;534307;"Pertoltice";0;1;7;1;1;0;534307
20220923;2100;2105;1;1;534315;"Petrovice I";0;1;7;1;1;0;534315
20220923;2100;2105;1;1;534323;"Petrovice II";0;1;7;1;1;0;534323
20220923;2100;2105;1;1;534331;"PotÏhy";0;1;9;1;1;0;534331
20220923;2100;2105;1;1;534340;"Raöovice";0;1;7;1;1;0;534340
20220923;2100;2105;1;6;534358;"Rataje nad S·zavou";0;1;9;1;1;0;534358
20220923;2100;2105;1;1;534366;"ÿendÏjov";0;1;7;1;1;0;534366
20220923;2100;2105;1;1;534374;"Samopöe";0;1;5;1;1;0;534374
20220923;2100;2101;1;2;534382;"S·zava";0;1;15;5;1;0;534382
20220923;2100;2105;1;1;534391;"Slavoöov";0;1;7;2;1;0;534391
20220923;2100;2102;1;1;534404;"Luûce";0;1;5;1;1;0;534404
20250614;2100;2102;1;1;534404;"Luûce";0;1;5;1;1;0;534404
20220923;2100;2105;1;1;534412;"StaÚkovice";0;1;9;1;1;0;534412
20220923;2100;2102;1;1;534421;"BavorynÏ";0;1;9;1;1;0;534421
20220923;2100;2105;1;6;534439;"Suchdol";0;1;15;1;1;0;534439
20220923;2100;2102;1;1;534447;"ChodouÚ";0;1;7;1;1;0;534447
20220923;2100;2102;1;1;534455;"Chlustina";0;1;7;1;1;0;534455
20220923;2100;2102;1;1;534463;"ToËnÌk";0;1;7;1;1;0;534463
20220923;2100;2108;1;1;534471;"Z·hornice";0;1;7;1;1;0;534471
20220923;2100;2105;1;1;534480;"Tupadly";0;1;9;1;1;0;534480
20220923;2100;2105;1;2;534498;"UhlÌ¯skÈ Janovice";0;1;15;3;1;0;534498
20220923;2100;2105;1;1;534501;"⁄monÌn";0;1;9;4;1;0;534501
20220923;2100;2105;1;1;534510;"⁄ûice";0;1;9;2;1;0;534510
20220923;2100;2105;1;1;534528;"Vav¯inec";0;1;9;1;1;0;534528
20220923;2100;2105;1;1;534536;"Vidice";0;1;7;3;1;0;534536
20220923;2100;2105;1;1;534544;"Vina¯e";0;1;7;1;1;0;534544
20220923;2100;2105;1;1;534552;"VlaËice";0;1;7;1;1;0;534552
20220923;2100;2105;1;1;534561;"VlastÏjovice";0;1;9;1;1;0;534561
20220923;2100;2105;1;1;534579;"VlkaneË";0;1;9;3;1;0;534579
20220923;2100;2105;1;1;534587;"Vrdy";0;1;15;4;1;0;534587
20220923;2100;2105;1;1;534595;"Z·bo¯Ì nad Labem";0;1;9;2;1;0;534595
20220923;2100;2105;1;1;534609;"Zbizuby";0;1;9;1;1;0;534609
20220923;2100;2105;1;1;534617;"Zbraslavice";0;1;11;3;1;0;534617
20220923;2100;2105;1;1;534625;"Zb˝öov";0;1;9;2;1;0;534625
20220923;2100;2105;1;2;534633;"ZruË nad S·zavou";0;1;15;7;1;0;534633
20220923;2100;2105;1;1;534641;"é·ky";0;1;7;2;1;0;534641
20220923;2100;2105;1;6;534650;"éehuöice";0;1;9;2;1;0;534650
20220923;2100;2105;1;1;534668;"éleby";0;1;11;3;1;0;534668
20220923;2100;2106;1;2;534676;"MÏlnÌk";0;1;21;20;1;0;534676
20220923;2100;2109;1;1;534684;"Borek";0;1;7;1;1;0;534684
20220923;6200;6201;1;1;534692;"⁄jezd u Boskovic";0;1;7;1;1;0;534692
20220923;2100;2108;1;1;534706;"Chroustov";0;1;7;1;1;0;534706
20220923;2100;2106;1;1;534714;"B˝kev";0;1;7;2;1;0;534714
20220923;2100;2106;1;1;534722;"Byöice";0;1;9;1;1;0;534722
20220923;2100;2106;1;1;534731;"CÌtov";0;1;15;1;1;0;534731
20220923;2100;2106;1;1;534749;"»eËelice";0;1;9;1;1;0;534749
20220923;2100;2108;1;1;534757;"Seletice";0;1;7;1;1;0;534757
20220923;2100;2106;1;1;534765;"DolnÌ Be¯kovice";0;1;15;2;1;0;534765
20220923;2100;2106;1;1;534773;"D¯Ìnov";0;1;7;1;1;0;534773
20220923;2100;2109;1;1;534781;"D¯Ìsy";0;1;9;1;1;0;534781
20220923;2100;2106;1;1;534790;"HornÌ PoËaply";0;1;15;2;1;0;534790
20220923;2100;2106;1;1;534803;"Ho¯Ìn";0;1;9;3;1;0;534803
20220923;7200;7204;1;1;534811;"PodhradÌ";0;1;7;1;1;0;534811
20220923;2100;2106;1;1;534820;"ChlumÌn";0;1;7;1;1;0;534820
20220923;2100;2106;1;1;534838;"Choruöice";0;1;9;2;1;0;534838
20220923;2100;2106;1;1;534846;"ChvatÏruby";0;1;9;1;1;0;534846
20220923;2100;2108;1;1;534854;"Ho¯any";0;1;7;1;1;0;534854
20220923;2100;2108;1;1;534862;"ZvÏ¯Ìnek";0;1;7;1;1;0;534862
20220923;2100;2108;1;1;534871;"Velenka";0;1;7;1;1;0;534871
20220923;2100;2108;1;1;534889;"Star˝ Vestec";0;1;9;1;1;0;534889
20220923;2100;2106;1;1;534897;"Kly";0;1;9;1;1;0;534897
20220923;2100;2106;1;1;534901;"Koko¯Ìn";0;1;9;2;1;0;534901
20220923;2100;2108;1;1;534919;"Net¯ebice";0;1;7;1;1;0;534919
20220923;7100;7105;1;1;534927;"Dubicko";0;1;15;1;1;0;534927
20220923;2100;2106;1;2;534935;"Kostelec nad Labem";0;1;15;4;1;0;534935
20220923;2100;2108;1;1;534943;"Kouty";0;1;7;1;1;0;534943
20220923;2100;2106;1;2;534951;"Kralupy nad Vltavou";0;1;21;18;1;0;534951
20220923;2100;2109;1;1;534960;"K¯enek";0;1;7;1;1;0;534960
20220923;2100;2106;1;1;534978;"LedËice";0;1;15;1;1;0;534978
20220923;2100;2109;1;1;534986;"Lhota";0;1;7;1;1;0;534986
20220923;2100;2104;1;1;534994;"Choùovice";0;1;7;1;1;0;534994
20220923;2100;2106;1;2;535001;"LibÏchov";0;1;9;2;1;0;535001
20220923;2100;2103;1;1;535010;"BÏleË";0;1;7;1;1;0;535010
20220923;2100;2106;1;1;535028;"Luûec nad Vltavou";0;1;15;1;1;0;535028
20220923;2100;2106;1;1;535036;"Mal˝ ⁄jezd";0;1;9;2;1;0;535036
20220923;2100;2106;1;1;535044;"MÏlnickÈ Vtelno";0;1;9;2;1;0;535044
20220923;2100;2106;1;2;535052;"Möeno";0;1;15;1;1;0;535052
20220923;2100;2106;1;1;535061;"Nebuûely";0;1;7;1;1;0;535061
20220923;2100;2106;1;1;535079;"Nelahozeves";0;1;9;3;1;0;535079
20220923;2100;2106;1;2;535087;"Neratovice";0;1;21;15;1;0;535087
20220923;2100;2103;1;1;535095;"Louck·";0;1;7;1;1;0;535095
20220923;2100;2103;1;1;535109;"Kr·lovice";0;1;7;1;1;0;535109
20220923;2100;2106;1;1;535117;"Nov· Ves";0;1;9;3;1;0;535117
20220923;2100;2103;1;1;535125;"BÌlichov";0;1;7;1;1;0;535125
20220923;2100;2106;1;1;535133;"Ob¯ÌstvÌ";0;1;11;1;1;0;535133
20220923;2100;2106;1;1;535141;"OvË·ry";0;1;9;1;1;0;535141
20220923;2100;2103;1;1;535150;"Ho¯eöoviËky";0;1;5;1;1;0;535150
20220923;2100;2106;1;1;535168;"ÿepÌn";0;1;9;2;1;0;535168
20220923;3100;3101;1;1;535176;"Plan·";0;1;7;1;1;0;535176
20220923;7200;7204;1;1;535184;"Tichov";0;1;7;1;1;0;535184
20220923;2100;2106;1;1;535192;"Spomyöl";0;1;7;1;1;0;535192
20220923;3100;3101;1;1;535206;"Dobr· Voda u »esk˝ch BudÏjovic";0;1;11;2;1;0;535206
20220923;2100;2106;1;1;535214;"St¯emy";0;1;9;2;1;0;535214
20220923;2100;2106;1;1;535222;"Tiöice";0;1;11;3;1;0;535222
20220923;3100;3101;1;1;535231;"Ostrolovsk˝ ⁄jezd";0;1;7;1;1;0;535231
20220923;3100;3101;1;1;535249;"Dasn˝";0;1;7;1;1;0;535249
20220923;2100;2106;1;1;535257;"⁄ûice";0;1;9;1;1;0;535257
20220923;2100;2106;1;1;535265;"Velk˝ Borek";0;1;9;3;1;0;535265
20220923;2100;2106;1;2;535273;"Veltrusy";0;1;11;1;1;0;535273
20220923;3100;3101;1;1;535281;"Mydlovary";0;1;9;1;1;0;535281
20220923;2100;2106;1;1;535290;"Vojkovice";0;1;7;1;1;0;535290
20220923;2100;2106;1;1;535303;"VraÚany";0;1;9;3;1;0;535303
20220923;2100;2106;1;1;535311;"Vöestudy";0;1;7;1;1;0;535311
20220923;2100;2106;1;6;535320;"Vöetaty";0;1;15;2;1;0;535320
20220923;2100;2106;1;1;535338;"Vysok·";0;1;9;2;1;0;535338
20220923;3100;3101;1;1;535346;"Plav";0;1;7;1;1;0;535346
20220923;2100;2106;1;1;535354;"Z·lezlice";0;1;7;1;1;0;535354
20220923;2100;2109;1;1;535362;"Z·ryby";0;1;7;1;1;0;535362
20220923;3100;3101;1;1;535371;"N·k¯Ì";0;1;7;1;1;0;535371
20220923;2100;2106;1;1;535389;"ZlosyÚ";0;1;7;1;1;0;535389
20220923;2100;2106;1;1;535397;"éelÌzy";0;1;7;1;1;0;535397
20230107;2100;2106;1;1;535397;"éelÌzy";0;1;7;1;1;0;535397
20220923;3100;3101;1;1;535401;"Boöilec";0;1;7;1;1;0;535401
20220923;2100;2107;1;3;535419;"Mlad· Boleslav";0;1;33;44;1;0;535419
20220923;2100;2107;1;2;535427;"Bakov nad Jizerou";0;1;21;9;1;0;535427
20220923;3100;3101;1;1;535435;"Neplachov";0;1;7;1;1;0;535435
20220923;2100;2107;1;2;535443;"BÏl· pod BezdÏzem";0;1;21;5;1;0;535443
20220923;2100;2107;1;2;535451;"Ben·tky nad Jizerou";0;1;23;6;1;0;535451
20220923;3100;3101;1;1;535460;"Hradce";0;1;7;1;1;0;535460
20220923;2100;2107;1;6;535478;"Bezno";0;1;9;1;1;0;535478
20220923;2100;2107;1;1;535486;"BÌtouchov";0;1;7;1;1;0;535486
20220923;3100;3101;1;1;535494;"⁄silnÈ";0;1;9;1;1;0;535494
20220923;2100;2107;1;1;535508;"BoreË";0;1;9;2;1;0;535508
20220923;2100;2107;1;1;535516;"BoseÚ";0;1;9;1;1;0;535516
20220923;3100;3101;1;1;535524;"Hosty";0;1;7;1;1;0;535524
20220923;7100;7105;1;2;535532;"Hanuöovice";0;1;15;3;1;0;535532
20220923;3100;3101;1;1;535541;"»akov";0;1;7;1;1;0;535541
20220923;2100;2107;1;6;535559;"Brodce";0;1;9;1;1;0;535559
20220923;2100;2107;1;1;535567;"B¯ezina";0;1;5;1;1;0;535567
20220923;3100;3101;1;1;535575;"Hab¯Ì";0;1;7;1;1;0;535575
20220923;2100;2107;1;6;535583;"B¯ezno";0;1;15;1;1;0;535583
20220923;3100;3101;1;1;535591;"ZvÌkov";0;1;9;1;1;0;535591
20220923;2100;2107;1;1;535605;"Bukovno";0;1;9;1;1;0;535605
20220923;3100;3101;1;1;535613;"Hvozdec";0;1;7;1;1;0;535613
20220923;2100;2107;1;1;535621;"»achovice";0;1;9;2;1;0;535621
20220923;2100;2107;1;1;535630;"»ist·";0;1;7;1;1;0;535630
20220923;3100;3101;1;1;535648;"Nov· Ves";0;1;9;1;1;0;535648
20220923;2100;2107;1;1;535656;"Dlouh· Lhota";0;1;7;1;1;0;535656
20220923;3100;3101;1;1;535664;"Doubravice";0;1;7;1;1;0;535664
20220923;2100;2107;1;2;535672;"Dobrovice";0;1;15;9;1;0;535672
20220923;3100;3101;1;1;535681;"Borovnice";0;1;5;1;1;0;535681
20220923;3100;3101;1;1;535699;"Pet¯Ìkov";0;1;7;1;1;0;535699
20220923;2100;2107;1;2;535702;"DolnÌ Bousov";0;1;15;5;1;0;535702
20220923;2100;2107;1;1;535711;"DolnÌ Krup·";0;1;9;1;1;0;535711
20251206;2100;2107;1;1;535711;"DolnÌ Krup·";0;1;9;1;1;0;535711
20220923;2100;2107;1;1;535729;"DolnÌ Slivno";0;1;7;1;1;0;535729
20220923;3100;3101;1;1;535737;"Vidov";0;1;9;1;1;0;535737
20220923;2100;2107;1;1;535745;"Domousnice";0;1;7;1;1;0;535745
20220923;3100;3101;1;1;535753;"H˘ry";0;1;7;1;1;0;535753
20220923;3100;3101;1;1;535761;"Jivno";0;1;5;1;1;0;535761
20220923;7100;7105;1;1;535770;"HornÌ StudÈnky";0;1;7;1;1;0;535770
20220923;3100;3101;1;1;535788;"DubiËnÈ";0;1;7;1;1;0;535788
20220923;3100;3101;1;1;535796;"Vr·to";0;1;7;1;1;0;535796
20220923;3100;3101;1;1;535800;"LibnÌË";0;1;7;1;1;0;535800
20220923;2100;2107;1;1;535818;"Horky nad Jizerou";0;1;7;1;1;0;535818
20220923;3100;3101;1;1;535826;"Adamov";0;1;9;1;1;0;535826
20220923;2100;2107;1;1;535834;"HornÌ Bukovina";0;1;5;1;1;0;535834
20220923;3100;3101;1;1;535842;"Mokr˝ Lom";0;1;7;1;1;0;535842
20220923;3100;3101;1;1;535851;"Hlavatce";0;1;7;1;1;0;535851
20220923;2100;2107;1;1;535869;"Hrdlo¯ezy";0;1;9;1;1;0;535869
20220923;3100;3101;1;1;535877;"Koma¯ice";0;1;7;1;1;0;535877
20220923;7100;7105;1;1;535885;"Hoötejn";0;1;9;1;1;0;535885
20220923;3100;3101;1;1;535893;"VitÌn";0;1;9;1;1;0;535893
20220923;3100;3101;1;1;535907;"Chot˝Ëany";0;1;7;1;1;0;535907
20220923;3100;3101;1;1;535915;"Vlkov";0;1;5;1;1;0;535915
20220923;2100;2107;1;1;535923;"ChocnÏjovice";0;1;9;2;1;0;535923
20220923;2100;2107;1;6;535931;"ChotÏtov";0;1;9;2;1;0;535931
20220923;3100;3101;1;1;535940;"Mazelov";0;1;7;1;1;0;535940
20220923;3100;3101;1;1;535958;"DrahotÏöice";0;1;7;1;1;0;535958
20220923;2100;2107;1;1;535966;"Jabkenice";0;1;7;1;1;0;535966
20220923;2100;2107;1;1;535974;"Jivina";0;1;7;1;1;0;535974
20220923;3100;3101;1;1;535982;"Kamenn·";0;1;7;1;1;0;535982
20220923;3100;3101;1;1;535991;"PiötÌn";0;1;9;2;1;0;535991
20220923;2100;2107;1;1;536008;"Katusice";0;1;9;1;1;0;536008
20220923;3100;3101;1;1;536016;"Zah·jÌ";0;1;7;1;1;0;536016
20220923;2100;2107;1;1;536024;"Kl·öter HradiötÏ nad Jizerou";0;1;9;1;1;0;536024
20220923;3100;3101;1;1;536032;"Str˝Ëice";0;1;5;1;1;0;536032
20220923;2100;2107;1;1;536041;"KnÏûmost";0;1;15;4;1;0;536041
20220923;3100;3101;1;1;536059;"B¯ehov";0;1;7;1;1;0;536059
20220923;2100;2107;1;1;536067;"Koch·nky";0;1;7;1;1;0;536067
20220923;3100;3101;1;1;536075;"Hartmanice";0;1;7;1;1;0;536075
20220923;2100;2108;1;1;536083;"Velenice";0;1;7;1;1;0;536083
20220923;7100;7105;1;1;536091;"HrabiöÌn";0;1;9;1;1;0;536091
20220923;3100;3101;1;1;536105;"HornÌ KnÏûeklady";0;1;7;1;1;0;536105
20220923;7100;7105;1;1;536113;"HynËina";0;1;7;1;1;0;536113
20220923;2100;2107;1;1;536121;"Koso¯ice";0;1;7;1;1;0;536121
20220923;2100;2109;1;1;536130;"KostelnÌ Hlavno";0;1;7;1;1;0;536130
20241207;2100;2109;1;1;536130;"KostelnÌ Hlavno";0;1;7;1;1;0;536130
20220923;7100;7101;1;2;536148;"JavornÌk";0;1;15;3;1;0;536148
20220923;3100;3101;1;1;536156;"BeËice";0;1;7;1;1;0;536156
20220923;2100;2107;1;1;536164;"Kr·sn· Ves";0;1;7;1;1;0;536164
20220923;2100;2107;1;1;536172;"Krnsko";0;1;7;1;1;0;536172
20220923;2100;2107;1;1;536181;"Krop·Ëova Vrutice";0;1;11;5;1;0;536181
20220923;3100;3101;1;1;536199;"Doböice";0;1;7;1;1;0;536199
20220923;2100;2107;1;1;536202;"Ledce";0;1;7;1;1;0;536202
20220923;2100;2107;1;1;536211;"Lhotky";0;1;7;1;1;0;536211
20220923;3100;3102;1;1;536229;"Chlumec";0;1;7;1;1;0;536229
20220923;3100;3102;1;1;536237;"ZvÌkov";0;1;7;1;1;0;536237
20220923;3100;3102;1;1;536245;"SrnÌn";0;1;7;1;1;0;536245
20220923;3100;3102;1;1;536253;"Bohdalovice";0;1;5;1;1;0;536253
20220923;2100;2107;1;1;536261;"Loukovec";0;1;7;1;1;0;536261
20220923;2100;2107;1;1;536270;"LuötÏnice";0;1;15;3;1;0;536270
20220923;7100;7105;1;1;536288;"JedlÌ";0;1;9;1;1;0;536288
20220923;3100;3102;1;1;536296;"MalöÌn";0;1;7;1;1;0;536296
20220923;3100;3102;1;1;536300;"VÏûovat· Pl·nÏ";0;1;7;1;1;0;536300
20220923;2100;2107;1;2;536326;"Mnichovo HradiötÏ";0;1;23;11;1;0;536326
20220923;2100;2107;1;1;536334;"NÏmËice";0;1;7;1;1;0;536334
20220923;3100;3106;1;1;536342;"KrajnÌËko";0;1;7;1;1;0;536342
20220923;2100;2107;1;1;536351;"Nep¯ev·zka";0;1;7;1;1;0;536351
20220923;3100;3106;1;1;536369;"HornosÌn";0;1;7;1;1;0;536369
20220923;2100;2107;1;1;536377;"Nov· Telib";0;1;7;1;1;0;536377
20220923;7100;7101;1;2;536385;"JesenÌk";0;1;21;11;1;0;536385
20220923;7100;7105;1;1;536393;"Jest¯ebÌ";0;1;7;2;1;0;536393
20220923;2100;2107;1;1;536407;"Obruby";0;1;5;1;1;0;536407
20220923;3100;3106;1;1;536415;"MÏkynec";0;1;5;1;1;0;536415
20220923;3100;3106;1;1;536423;"RadÏjovice";0;1;5;1;1;0;536423
20220923;2100;2107;1;1;536431;"Petkovy";0;1;7;1;1;0;536431
20220923;2100;2107;1;1;536440;"PÌskov· Lhota";0;1;9;1;1;0;536440
20220923;2100;2107;1;1;536458;"Plazy";0;1;7;1;1;0;536458
20220923;3100;3106;1;1;536466;"MaËkov";0;1;7;1;1;0;536466
20220923;3100;3106;1;1;536474;"NÏmËice";0;1;5;1;1;0;536474
20220923;3100;3106;1;1;536482;"ZahorËice";0;1;5;1;1;0;536482
20231209;3100;3106;1;1;536482;"ZahorËice";0;1;5;1;1;0;536482
20220923;2100;2107;1;1;536491;"P¯edmÏ¯ice nad Jizerou";0;1;9;1;1;0;536491
20220923;3100;3106;1;1;536504;"Vacovice";0;1;5;1;1;0;536504
20220923;3100;3106;1;1;536512;"Truskovice";0;1;7;1;1;0;536512
20220923;7100;7105;1;1;536521;"Jind¯ichov";0;1;9;3;1;0;536521
20220923;3100;3106;1;1;536539;"Milejovice";0;1;7;1;1;0;536539
20220923;3100;3106;1;1;536547;"P¯echovice";0;1;7;1;1;0;536547
20220923;3100;3106;1;1;536555;"Krty-Hradec";0;1;7;1;1;0;536555
20220923;3100;3106;1;1;536563;"Mnichov";0;1;9;1;1;0;536563
20220923;7100;7105;1;1;536571;"Kamenn·";0;1;9;1;1;0;536571
20220923;2100;2107;1;1;536580;"ÿepov";0;1;12;1;1;0;536580
20220923;3100;3106;1;1;536598;"Tcho¯ovice";0;1;7;1;1;0;536598
20220923;3100;3106;1;1;536601;"Kocelovice";0;1;7;1;1;0;536601
20220923;2100;2107;1;1;536610;"SemËice";0;1;7;1;1;0;536610
20220923;3100;3106;1;1;536628;"HlupÌn";0;1;5;1;1;0;536628
20220923;2100;2107;1;1;536636;"Skalsko";0;1;9;1;1;0;536636
20220923;3100;3106;1;1;536644;"Neb¯ehovice";0;1;5;1;1;0;536644
20220923;2100;2107;1;1;536652;"Smilovice";0;1;9;1;1;0;536652
20220923;2100;2107;1;1;536661;"Sojovice";0;1;9;1;1;0;536661
20220923;3100;3106;1;1;536679;"T¯eöovice";0;1;7;1;1;0;536679
20220923;7100;7105;1;1;536687;"Klopina";0;1;9;2;1;0;536687
20220923;3100;3106;1;1;536695;"⁄lehle";0;1;7;1;1;0;536695
20220923;2100;2107;1;1;536709;"Straönov";0;1;7;1;1;0;536709
20220923;2100;2107;1;1;536717;"Strenice";0;1;5;1;1;0;536717
20220923;3100;3106;1;1;536725;"NÏmÏtice";0;1;5;1;1;0;536725
20220923;7100;7105;1;1;536733;"Kolöov";0;1;7;1;1;0;536733
20220923;3100;3106;1;1;536741;"Velk· Turn·";0;1;5;1;1;0;536741
20220923;3100;3106;1;1;536750;"Kv·skovice";0;1;5;1;1;0;536750
20220923;2100;2107;1;1;536768;"Sukorady";0;1;7;1;1;0;536768
20220923;3100;3106;1;1;536776;"SlanÌk";0;1;7;1;1;0;536776
20220923;3100;3106;1;1;536784;"Strunkovice nad VolyÚkou";0;1;7;1;1;0;536784
20220923;3100;3106;1;1;536792;"P¯ednÌ Zborovice";0;1;5;1;1;0;536792
20220923;3100;3106;1;1;536806;"Kraölovice";0;1;7;1;1;0;536806
20220923;7100;7105;1;1;536814;"Kosov";0;1;7;1;1;0;536814
20220923;3100;3106;1;1;536822;"Lom";0;1;7;1;1;0;536822
20220923;3100;3106;1;1;536831;"LibÏtice";0;1;7;1;1;0;536831
20220923;3100;3106;1;1;536849;"ÿepice";0;1;7;1;1;0;536849
20220923;2100;2107;1;1;536857;"VelkÈ Vöelisy";0;1;7;3;1;0;536857
20220923;3100;3106;1;1;536865;"Rovn·";0;1;9;1;1;0;536865
20220923;3100;3106;1;1;536873;"Zvotoky";0;1;7;1;1;0;536873
20220923;3100;3106;1;1;536881;"HornÌ Po¯ÌËÌ";0;1;7;1;1;0;536881
20220923;3100;3106;1;1;536890;"UzeniËky";0;1;7;1;1;0;536890
20220923;3100;3106;1;1;536903;"Chobot";0;1;7;1;1;0;536903
20220923;3100;3106;1;1;536911;"Pohorovice";0;1;7;1;1;0;536911
20220923;3100;3106;1;1;536920;"ätÏchovice";0;1;7;1;1;0;536920
20220923;2100;2107;1;1;536938;"Vöejany";0;1;9;1;1;0;536938
20220923;3100;3106;1;1;536946;"Kalenice";0;1;7;1;1;0;536946
20220923;3100;3106;1;1;536954;"Krejnice";0;1;7;1;1;0;536954
20220923;3100;3106;1;1;536962;"Niöovice";0;1;7;1;1;0;536962
20220923;2100;2107;1;1;536971;"éÔ·r";0;1;9;3;1;0;536971
20220923;2100;2107;1;1;536989;"éerËice";0;1;7;1;1;0;536989
20220923;2100;2107;1;1;536997;"éidnÏves";0;1;5;1;1;0;536997
20220923;2100;2108;1;2;537004;"Nymburk";0;1;21;15;1;0;537004
20220923;2100;2108;1;1;537021;"BÏrunice";0;1;11;5;1;0;537021
20220923;2100;2108;1;1;537039;"Bobnice";0;1;9;2;1;0;537039
20220923;2100;2108;1;1;537047;"B¯ÌstvÌ";0;1;7;1;1;0;537047
20220923;2100;2108;1;1;537055;"BudimÏ¯ice";0;1;7;2;1;0;537055
20220923;3100;3106;1;1;537063;"Bratronice";0;1;5;1;1;0;537063
20220923;3100;3105;1;1;537071;"Lipovice";0;1;7;1;1;0;537071
20220923;2100;2108;1;1;537080;"»inÏves";0;1;9;1;1;0;537080
20220923;2100;2108;1;1;537098;"Dlouhopolsko";0;1;7;1;1;0;537098
20220923;2100;2108;1;1;537101;"Doböice";0;1;9;1;1;0;537101
20220923;2100;2108;1;1;537110;"Dvory";0;1;7;2;1;0;537110
20220923;2100;2108;1;1;537128;"Dymokury";0;1;9;1;1;0;537128
20220923;3100;3105;1;1;537136;"KratuöÌn";0;1;5;1;1;0;537136
20220923;3100;3105;1;1;537144;"Dvory";0;1;7;1;1;0;537144
20220923;2100;2108;1;1;537152;"Ho¯·tev";0;1;9;1;1;0;537152
20220923;2100;2108;1;1;537161;"HradËany";0;1;7;1;1;0;537161
20220923;2100;2108;1;1;537179;"Hradiötko";0;1;9;1;1;0;537179
20220923;3100;3105;1;1;537187;"Drslavice";0;1;7;1;1;0;537187
20220923;3100;3105;1;1;537195;"Z·brdÌ";0;1;5;1;1;0;537195
20220923;3100;3105;1;1;537209;"éernovice";0;1;7;1;1;0;537209
20220923;2100;2108;1;1;537217;"Choù·nky";0;1;7;1;1;0;537217
20220923;2100;2108;1;1;537225;"ChotÏöice";0;1;9;1;1;0;537225
20220923;2100;2108;1;1;537233;"Chr·st";0;1;7;1;1;0;537233
20220923;3100;3105;1;1;537241;"Babice";0;1;5;1;1;0;537241
20220923;2100;2108;1;1;537250;"JÌkev";0;1;7;1;1;0;537250
20220923;2100;2108;1;1;537268;"Jizbice";0;1;7;1;1;0;537268
20220923;2100;2108;1;1;537276;"KamennÈ ZboûÌ";0;1;7;1;1;0;537276
20220923;7100;7105;1;1;537284;"Lesnice";0;1;9;1;1;0;537284
20220923;2100;2108;1;1;537292;"KnÏûice";0;1;7;3;1;0;537292
20220923;2100;2108;1;1;537306;"Kolaje";0;1;5;1;1;0;537306
20220923;2100;2108;1;1;537314;"KostelnÌ Lhota";0;1;9;1;1;0;537314
20220923;3100;3105;1;1;537322;"Luûice";0;1;6;1;1;0;537322
20220923;2100;2108;1;1;537331;"Kostomlaty nad Labem";0;1;15;3;1;0;537331
20220923;2100;2108;1;1;537349;"KoöÌk";0;1;7;3;1;0;537349
20220923;2100;2108;1;6;537357;"Kounice";0;1;9;1;1;0;537357
20220923;3100;3105;1;1;537365;"Olöovice";0;1;5;1;1;0;537365
20220923;2100;2108;1;1;537373;"Kovanice";0;1;9;2;1;0;537373
20220923;3100;3105;1;1;537381;"Mahouö";0;1;5;1;1;0;537381
20220923;2100;2108;1;1;537390;"Krchleby";0;1;7;1;1;0;537390
20220923;2100;2108;1;1;537403;"K¯eËkov";0;1;5;1;1;0;537403
20220923;2100;2108;1;6;537411;"K¯inec";0;1;11;4;1;0;537411
20220923;3100;3105;1;1;537420;"Chvalovice";0;1;7;1;1;0;537420
20220923;2100;2108;1;1;537438;"Libice nad Cidlinou";0;1;11;1;1;0;537438
20220923;2100;2108;1;6;537446;"LouËeÚ";0;1;11;3;1;0;537446
20220923;2100;2108;1;2;537454;"Lys· nad Labem";0;1;15;9;1;0;537454
20220923;2100;2108;1;1;537462;"Mcely";0;1;7;1;1;0;537462
20220923;2100;2108;1;2;537489;"MÏstec Kr·lovÈ";0;1;15;5;1;0;537489
20220923;2100;2108;1;1;537497;"MilËice";0;1;7;1;1;0;537497
20220923;2100;2108;1;2;537501;"Milovice";0;1;15;7;1;0;537501
20220923;3100;3105;1;1;537519;"Buk";0;1;7;1;1;0;537519
20220923;3100;3105;1;1;537527;"Bohunice";0;1;5;1;1;0;537527
20220923;3100;3105;1;1;537535;"⁄jezdec";0;1;7;1;1;0;537535
20220923;3100;3105;1;1;537543;"PÏËnov";0;1;7;1;1;0;537543
20220923;2100;2108;1;1;537551;"Od¯epsy";0;1;7;1;1;0;537551
20220923;2100;2108;1;1;537560;"Ok¯Ìnek";0;1;7;1;1;0;537560
20220923;2100;2108;1;1;537578;"OpoËnice";0;1;7;1;1;0;537578
20220923;2100;2108;1;1;537586;"Opolany";0;1;9;4;1;0;537586
20220923;6100;6103;1;1;537594;"St¯Ìteû";0;1;7;1;1;0;537594
20220923;6100;6103;1;1;537608;"⁄straöÌn";0;1;9;1;1;0;537608
20220923;2100;2108;1;1;537616;"Osko¯Ìnek";0;1;7;1;1;0;537616
20220923;2100;2108;1;1;537624;"Ostr·";0;1;7;1;1;0;537624
20220923;2100;2108;1;1;537632;"P·tek";0;1;7;1;1;0;537632
20220923;2100;2104;1;2;537641;"PeËky";0;1;21;6;1;0;537641
20220923;2100;2108;1;1;537659;"PÌskov· Lhota";0;1;7;1;1;0;537659
20220923;2100;2108;1;1;537667;"PÌsty";0;1;7;1;1;0;537667
20220923;2100;2104;1;1;537675;"PÚov-P¯edhradÌ";0;1;7;2;1;0;537675
20220923;2100;2108;1;2;537683;"PodÏbrady";0;1;21;15;1;0;537683
20220923;6100;6103;1;1;537691;"Ond¯ejov";0;1;9;1;1;0;537691
20220923;2100;2104;1;1;537705;"Po¯ÌËany";0;1;11;1;1;0;537705
20220923;7100;7105;1;1;537713;"Leötina";0;1;9;1;1;0;537713
20220923;2100;2108;1;1;537721;"P¯erov nad Labem";0;1;9;1;1;0;537721
20220923;6100;6103;1;1;537730;"⁄tÏchoviËky";0;1;7;1;1;0;537730
20220923;2100;2104;1;1;537748;"Ratenice";0;1;9;1;1;0;537748
20220923;2100;2108;1;2;537756;"RoûÔalovice";0;1;9;1;1;0;537756
20220923;2100;2108;1;2;537764;"Sadsk·";0;1;15;3;1;0;537764
20220923;2100;2108;1;1;537772;"S·ny";0;1;9;1;1;0;537772
20220923;2100;2108;1;1;537781;"Semice";0;1;7;1;1;0;537781
20220923;2100;2108;1;1;537799;"Senice";0;1;5;1;1;0;537799
20220923;2100;2108;1;1;537802;"SloveË";0;1;7;3;1;0;537802
20220923;2100;2108;1;1;537811;"SokoleË";0;1;9;1;1;0;537811
20220923;6100;6103;1;1;537829;"ProseË";0;1;7;1;1;0;537829
20220923;2100;2108;1;1;537837;"Star· Lys·";0;1;7;1;1;0;537837
20220923;4100;4102;1;1;537845;"TepliËka";0;1;5;1;1;0;537845
20220923;2100;2108;1;1;537853;"Straky";0;1;11;1;1;0;537853
20220923;2100;2108;1;1;537861;"Stratov";0;1;7;1;1;0;537861
20220923;4100;4102;1;1;537870;"B¯ezov·";0;1;7;1;1;0;537870
20220923;2100;2104;1;1;537888;"Tatce";0;1;7;1;1;0;537888
20220923;2100;2108;1;1;537896;"T¯ebestovice";0;1;7;1;1;0;537896
20241005;2100;2108;1;1;537896;"T¯ebestovice";0;1;7;1;1;0;537896
20220923;2100;2108;1;1;537900;"⁄myslovice";0;1;7;1;1;0;537900
20220923;4100;4102;1;1;537918;"Dalovice";0;1;7;1;1;0;537918
20220923;4100;4102;1;1;537926;"Jeniöov";0;1;11;1;1;0;537926
20220923;4100;4102;1;1;537934;"MÌrov·";0;1;9;1;1;0;537934
20220923;2100;2108;1;1;537942;"Vestec";0;1;9;1;1;0;537942
20220923;2100;2108;1;1;537951;"Vlkov pod Oökobrhem";0;1;5;1;1;0;537951
20220923;4100;4102;1;1;537969;"Otovice";0;1;7;1;1;0;537969
20220923;2100;2108;1;1;537977;"Vrbov· Lhota";0;1;7;1;1;0;537977
20220923;2100;2108;1;1;537985;"Vöechlapy";0;1;7;1;1;0;537985
20220923;2100;2108;1;1;537993;"Vyk·Ú";0;1;7;1;1;0;537993
20220923;4100;4102;1;1;538001;"AndÏlsk· Hora";0;1;7;1;1;0;538001
20220923;4100;4102;1;1;538019;"»ernava";0;1;7;1;1;0;538019
20220923;4100;4102;1;1;538027;"SmolnÈ Pece";0;1;7;1;1;0;538027
20220923;2100;2104;1;1;538035;"éehuÚ";0;1;7;1;1;0;538035
20220923;2100;2109;1;1;538043;"Babice";0;1;11;1;1;0;538043
20220923;2100;2109;1;1;538051;"Baöù";0;1;15;1;1;0;538051
20220923;1100;1100;2;5;538060;"Praha-BÏchovice";0;1;15;2;1;0;554782
20220923;1100;1100;2;5;538078;"Praha-Benice";0;1;7;1;1;0;554782
20220923;2100;2109;1;1;538086;"Bo¯anovice";0;1;9;1;1;0;538086
20220923;2100;2109;1;2;538094;"Brand˝s nad Labem-Star· Boleslav";0;1;21;15;1;0;538094
20220923;2100;2109;1;1;538108;"Br·zdim";0;1;9;1;1;0;538108
20220923;4100;4102;1;1;538116;"DÏpoltovice";0;1;7;1;1;0;538116
20220923;1100;1100;2;5;538124;"Praha-B¯ezinÏves";0;1;9;1;1;0;554782
20220923;2100;2109;1;2;538132;"»el·kovice";0;1;21;11;1;0;538132
20220923;2100;2109;1;1;538141;"»estlice";0;1;9;1;1;0;538141
20220923;4100;4102;1;1;538159;"H·jek";0;1;7;1;1;0;538159
20220923;2100;2109;1;1;538167;"Dob¯ejovice";0;1;9;1;1;0;538167
20220923;1100;1100;2;5;538175;"Praha-DolnÌ PoËernice";0;1;15;2;1;0;554782
20230916;3200;3205;1;1;538183;"Kbelany";0;1;7;1;1;0;538183
20220923;3200;3205;1;1;538183;"Kbelany";0;1;7;1;1;0;538183
20220923;2100;2109;1;1;538191;"D¯evËice";0;1;11;1;1;0;538191
20220923;1100;1100;2;5;538205;"Praha-DubeË";0;1;15;2;1;0;554782
20220923;1100;1100;2;5;538213;"Praha 20";0;1;25;12;1;0;554782
20220923;2100;2109;1;1;538221;"Horouöany";0;1;9;2;1;0;538221
20220923;2100;2109;1;1;538230;"HovorËovice";0;1;11;1;1;0;538230
20220923;2100;2109;1;1;538248;"Hrusice";0;1;9;1;1;0;538248
20220923;2100;2109;1;1;538256;"Husinec";0;1;9;1;1;0;538256
20220923;2100;2109;1;1;538264;"Jenötejn";0;1;9;1;1;0;538264
20220923;2100;2109;1;1;538272;"Jirny";0;1;13;3;1;0;538272
20220923;2100;2109;1;1;538281;"KaliötÏ";0;1;7;2;1;0;538281
20220923;2100;2109;1;1;538299;"Kamenice";0;1;15;2;1;0;538299
20220923;1100;1100;2;5;538302;"Praha-Kl·novice";0;1;15;2;1;0;554782
20220923;2100;2109;1;2;538311;"Klecany";0;1;15;2;1;0;538311
20220923;2100;2109;1;1;538329;"KlÌËany";0;1;7;1;1;0;538329
20220923;4100;4103;1;2;538337;"Kr·sno";0;1;11;1;1;0;538337
20220923;2100;2106;1;1;538345;"Kojetice";0;1;9;1;1;0;538345
20220923;1100;1100;2;5;538353;"Praha-KolodÏje";0;1;7;1;1;0;554782
20220923;1100;1100;2;5;538361;"Praha-Kolovraty";0;1;15;3;1;0;554782
20220923;2100;2109;1;1;538370;"Kostelec u K¯Ìûk˘";0;1;7;1;1;0;538370
20220923;1100;1100;2;5;538388;"Praha-Kr·lovice";0;1;5;1;1;0;554782
20220923;4100;4103;1;1;538396;"äabina";0;1;7;1;1;0;538396
20220923;1100;1100;2;5;538400;"Praha-K¯eslice";0;1;9;1;1;0;554782
20220923;2100;2109;1;1;538418;"K¯Ìûkov˝ ⁄jezdec";0;1;7;1;1;0;538418
20220923;2100;2109;1;1;538426;"Kunice";0;1;11;1;1;0;538426
20220923;4100;4103;1;6;538434;"Svatava";0;1;11;1;1;0;538434
20220923;2100;2109;1;1;538442;"LÌbeznice";0;1;15;1;1;0;538442
20220923;2100;2109;1;1;538451;"LouÚovice";0;1;9;1;1;0;538451
20220923;2100;2109;1;1;538469;"M·slovice";0;1;7;1;1;0;538469
20220923;2100;2109;1;1;538477;"MÏöice";0;1;15;1;1;0;538477
20220923;2100;2109;1;1;538485;"Miroöovice";0;1;9;1;1;0;538485
20220923;2100;2109;1;2;538493;"Mnichovice";0;1;11;4;1;0;538493
20220923;2100;2109;1;1;538507;"Mochov";0;1;11;1;1;0;538507
20220923;2100;2109;1;1;538515;"MratÌn";0;1;7;1;1;0;538515
20230325;2100;2109;1;1;538515;"MratÌn";0;1;7;1;1;0;538515
20220923;2100;2109;1;1;538523;"Muka¯ov";0;1;15;1;1;0;538523
20220923;1100;1100;2;5;538531;"Praha-NedvÏzÌ";0;1;5;1;1;0;554782
20220923;2100;2109;1;6;538540;"Nehvizdy";0;1;15;2;1;0;538540
20220923;2100;2109;1;1;538558;"Nov· Ves";0;1;7;1;1;0;538558
20220923;2100;2109;1;1;538566;"Nov˝ Vestec";0;1;7;1;1;0;538566
20220923;2100;2109;1;2;538574;"Odolena Voda";0;1;15;4;1;0;538574
20220923;2100;2109;1;1;538582;"Ond¯ejov";0;1;15;3;1;0;538582
20220923;4100;4103;1;1;538591;"DolnÌ Rychnov";0;1;9;1;1;0;538591
20220923;2100;2109;1;1;538604;"PanenskÈ B¯eûany";0;1;7;1;1;0;538604
20220923;2100;2109;1;1;538612;"Pet¯Ìkov";0;1;7;1;1;0;538612
20220923;2100;2109;1;1;538621;"Podolanka";0;1;7;1;1;0;538621
20220923;2100;2109;1;1;538639;"Polerady";0;1;7;1;1;0;538639
20220923;2100;2106;1;1;538647;"Post¯iûÌn";0;1;9;1;1;0;538647
20220923;2100;2109;1;1;538655;"P¯edboj";0;1;7;1;1;0;538655
20220923;4100;4103;1;1;538663;"Tatrovice";0;1;7;1;1;0;538663
20220923;2100;2109;1;1;538671;"P¯ezletice";0;1;7;1;1;0;538671
20220923;2100;2101;1;2;538680;"Pyöely";0;1;9;2;1;0;538680
20220923;2100;2109;1;1;538698;"RadÏjovice";0;1;9;1;1;0;538698
20220923;2100;2109;1;1;538701;"Radonice";0;1;15;1;1;0;538701
20220923;2100;2101;1;1;538710;"ÿehenice";0;1;7;1;1;0;538710
20220923;2100;2109;1;2;538728;"ÿÌËany";0;1;21;15;1;0;538728
20220923;1100;1100;2;5;538736;"Praha-Satalice";0;1;11;1;1;0;554782
20220923;7200;7204;1;1;538744;"B¯eznice";0;1;15;1;1;0;538744
20220923;2100;2109;1;1;538752;"Senohraby";0;1;9;1;1;0;538752
20220923;2100;2109;1;1;538761;"Sib¯ina";0;1;9;1;1;0;538761
20220923;2100;2109;1;1;538779;"Sluhy";0;1;7;1;1;0;538779
20220923;2100;2109;1;1;538787;"Sluötice";0;1;9;1;1;0;538787
20220923;4100;4101;1;1;538795;"Kr·sn·";0;1;7;1;1;0;538795
20220923;2100;2109;1;1;538809;"StranËice";0;1;15;1;1;0;538809
20220923;4100;4101;1;1;538817;"PodhradÌ";0;1;7;1;1;0;538817
20220923;2100;2109;1;1;538825;"Struha¯ov";0;1;9;1;1;0;538825
20220923;2100;2109;1;1;538833;"Sulice";0;1;13;3;1;0;538833
20220923;2100;2109;1;1;538841;"SvÏtice";0;1;9;1;1;0;538841
20220923;2100;2109;1;1;538850;"Svojetice";0;1;9;1;1;0;538850
20220923;4100;4101;1;1;538868;"PomezÌ nad Oh¯Ì";0;1;7;1;1;0;538868
20220923;2100;2109;1;1;538876;"äestajovice";0;1;11;2;1;0;538876
20220923;2100;2109;1;6;538884;"äkvorec";0;1;11;1;1;0;538884
20220923;2100;2109;1;1;538892;"Tehov";0;1;9;1;1;0;538892
20220923;4100;4101;1;1;538906;"MilÌkov";0;1;5;1;1;0;538906
20241005;4100;4101;1;1;538906;"MilÌkov";0;1;5;1;1;0;538906
20220923;2100;2109;1;6;538914;"L·znÏ TouöeÚ";0;1;15;1;1;0;538914
20220923;4100;4101;1;1;538922;"Okrouhl·";0;1;7;1;1;0;538922
20220923;1100;1100;2;5;538931;"Praha 22";0;1;25;9;1;0;554782
20220923;1100;1100;2;5;538949;"Praha 21";0;1;17;8;1;0;554782
20220923;2100;2109;1;2;538957;"⁄valy";0;1;15;3;1;0;538957
20220923;2100;2109;1;1;538965;"VeleÚ";0;1;9;1;1;0;538965
20220923;2100;2109;1;1;538973;"Velik· Ves";0;1;7;1;1;0;538973
20220923;2100;2109;1;1;538981;"VelkÈ Popovice";0;1;15;2;1;0;538981
20220923;2100;2109;1;1;538990;"VÏtruöice";0;1;7;1;1;0;538990
20220923;1100;1100;2;5;539007;"Praha-Vino¯";0;1;15;3;1;0;554782
20220923;2100;2109;1;1;539015;"Vodochody";0;1;9;1;1;0;539015
20220923;4100;4101;1;1;539023;"T¯ebeÚ";0;1;9;1;1;0;539023
20220923;2100;2109;1;1;539031;"Vöestary";0;1;9;1;1;0;539031
20220923;2100;2109;1;1;539040;"Vyöeho¯ovice";0;1;9;1;1;0;539040
20220923;2100;2109;1;1;539058;"Zdiby";0;1;15;2;1;0;539058
20220923;2100;2109;1;1;539066;"ZeleneË";0;1;11;2;1;0;539066
20220923;4100;4101;1;1;539074;"Vojtanov";0;1;7;1;1;0;539074
20220923;2100;2109;1;1;539082;"ZlonÌn";0;1;7;1;1;0;539082
20220923;2100;2109;1;1;539091;"Zv·novice";0;1;11;1;1;0;539091
20220923;2100;2110;1;1;539104;"Bojanovice";0;1;7;3;1;0;539104
20220923;4100;4101;1;1;539112;"Star· Voda";0;1;9;1;1;0;539112
20220923;2100;2110;1;1;539121;"»ernolice";0;1;9;1;1;0;539121
20220923;2100;2110;1;2;539139;"»ernoöice";0;1;21;7;1;0;539139
20220923;2100;2110;1;1;539147;"»ÌËovice";0;1;7;1;1;0;539147
20220923;2100;2110;1;1;539155;"»isovice";0;1;7;2;1;0;539155
20220923;2100;2110;1;6;539163;"Davle";0;1;11;2;1;0;539163
20220923;2100;2110;1;1;539171;"DobrovÌz";0;1;7;1;1;0;539171
20220923;2100;2110;1;1;539180;"Dob¯ÌË";0;1;7;1;1;0;539180
20220923;2100;2110;1;2;539198;"Dob¯ichovice";0;1;15;3;1;0;539198
20220923;2100;2106;1;1;539201;"Dolany nad Vltavou";0;1;9;1;1;0;539201
20220923;2100;2110;1;1;539210;"DolnÌ B¯eûany";0;1;17;3;1;0;539210
20220923;2100;2110;1;1;539228;"Holubice";0;1;9;1;1;0;539228
20220923;2100;2110;1;1;539236;"HoromÏ¯ice";0;1;15;2;1;0;539236
20220923;2100;2110;1;2;539244;"Hostivice";0;1;17;5;1;0;539244
20220923;2100;2110;1;1;539252;"Hradiötko";0;1;11;3;1;0;539252
20220923;2100;2110;1;1;539261;"Hvozdnice";0;1;9;1;1;0;539261
20220923;4100;4101;1;1;539279;"Velk· HleÔsebe";0;1;15;3;1;0;539279
20220923;2100;2110;1;1;539287;"ChoteË";0;1;9;1;1;0;539287
20220923;2100;2110;1;1;539295;"Chr·öùany";0;1;7;1;1;0;539295
20220923;2100;2110;1;1;539309;"Ch˝nÏ";0;1;15;2;1;0;539309
20220923;2100;2110;1;1;539317;"JeneË";0;1;7;1;1;0;539317
20220923;2100;2110;1;2;539325;"Jesenice";0;1;21;6;1;0;539325
20220923;2100;2110;1;2;539333;"JÌlovÈ u Prahy";0;1;15;6;1;0;539333
20220923;2100;2110;1;1;539341;"JÌloviötÏ";0;1;9;1;1;0;539341
20220923;2100;2110;1;1;539350;"JinoËany";0;1;9;1;1;0;539350
20220923;2100;2110;1;1;539368;"Kamenn˝ P¯Ìvoz";0;1;15;1;1;0;539368
20220923;4100;4101;1;1;539376;"Vlkovice";0;1;7;1;1;0;539376
20220923;2100;2110;1;1;539384;"KnÏûeves";0;1;15;1;1;0;539384
20220923;2100;2110;1;1;539392;"Koso¯";0;1;9;1;1;0;539392
20220923;2100;2110;1;1;539406;"Lety";0;1;7;1;1;0;539406
20220923;2100;2110;1;2;539414;"LibËice nad Vltavou";0;1;15;3;1;0;539414
20220923;2100;2110;1;1;539422;"Libe¯";0;1;9;2;1;0;539422
20220923;4100;4101;1;1;539431;"Z·dub-Z·viöÌn";0;1;9;1;1;0;539431
20220923;1100;1100;2;5;539449;"Praha-Lipence";0;1;15;1;1;0;554782
20220923;2100;2110;1;1;539457;"LÌönice";0;1;7;1;1;0;539457
20220923;1100;1100;2;5;539465;"Praha-Lochkov";0;1;9;1;1;0;554782
20220923;4100;4101;1;1;539473;"OvesnÈ Kladruby";0;1;7;1;1;0;539473
20220923;4100;4101;1;1;539481;"Valy";0;1;7;1;1;0;539481
20220923;2100;2110;1;1;539490;"MÏchenice";0;1;9;1;1;0;539490
20220923;2100;2110;1;1;539503;"Ohrobec";0;1;9;1;1;0;539503
20220923;2100;2110;1;1;539511;"Okrouhlo";0;1;9;1;1;0;539511
20220923;2100;2110;1;1;539520;"O¯ech";0;1;9;1;1;0;539520
20220923;4100;4101;1;1;539538;"Prameny";0;1;9;1;1;0;539538
20220923;2100;2110;1;1;539546;"Petrov";0;1;7;1;1;0;539546
20220923;4100;4101;1;1;539554;"Odrava";0;1;7;1;1;0;539554
20220923;2100;2110;1;1;539562;"Poho¯Ì";0;1;7;1;1;0;539562
20220923;2100;2110;1;1;539571;"Pr˘honice";0;1;11;1;1;0;539571
20220923;1100;1100;2;5;539589;"Praha-P¯ednÌ Kopanina";0;1;9;1;1;0;554782
20220923;2100;2110;1;1;539597;"Ps·ry";0;1;15;1;1;0;539597
20220923;1100;1100;2;5;539601;"Praha 16";0;1;15;8;1;0;554782
20220923;4100;4101;1;1;539619;"Tu¯any";0;1;5;1;1;0;539619
20220923;2100;2110;1;2;539627;"Roztoky";0;1;21;7;1;0;539627
20220923;1100;1100;2;5;539635;"Praha-ÿeporyje";0;1;11;3;1;0;554782
20220923;2100;2110;1;2;539643;"ÿevnice";0;1;15;2;1;0;539643
20220923;2100;2110;1;1;539651;"ÿitka";0;1;15;1;1;0;539651
20220923;2100;2110;1;1;539660;"Slapy";0;1;11;1;1;0;539660
20220923;1100;1100;2;5;539678;"Praha-Slivenec";0;1;11;3;1;0;554782
20220923;2100;2110;1;1;539686;"Statenice";0;1;9;1;1;0;539686
20220923;1100;1100;2;5;539694;"Praha 13";0;1;35;58;1;0;554782
20220923;2100;2110;1;1;539708;"St¯edokluky";0;1;9;1;1;0;539708
20220923;3200;3204;1;1;539716;"MÏcholupy";0;1;7;1;1;0;539716
20220923;1100;1100;2;5;539724;"Praha-äeberov";0;1;15;2;1;0;554782
20220923;2100;2110;1;6;539732;"ätÏchovice";0;1;15;3;1;0;539732
20220923;3200;3203;1;1;539741;"ätÏnovick˝ Borek";0;1;7;1;1;0;539741
20220923;2100;2110;1;1;539759;"T¯ebotov";0;1;11;2;1;0;539759
20220923;2100;2110;1;1;539767;"TuchomÏ¯ice";0;1;9;1;1;0;539767
20220923;2100;2110;1;1;539775;"Tursko";0;1;9;1;1;0;539775
20220923;3200;3204;1;1;539783;"Oplot";0;1;7;1;1;0;539783
20220923;1100;1100;2;5;539791;"Praha-⁄jezd";0;1;11;3;1;0;554782
20220923;2100;2110;1;1;539805;"⁄nÏtice";0;1;7;1;1;0;539805
20220923;2100;2110;1;1;539813;"VelkÈ P¯Ìlepy";0;1;15;1;1;0;539813
20220923;3200;3204;1;1;539821;"HornÌ Lukavice";0;1;7;1;1;0;539821
20220923;2100;2110;1;1;539830;"Vonoklasy";0;1;9;1;1;0;539830
20220923;2100;2110;1;1;539848;"VranÈ nad Vltavou";0;1;15;2;1;0;539848
20220923;2100;2110;1;1;539856;"Vöenory";0;1;9;1;1;0;539856
20220923;1100;1100;2;5;539864;"Praha-Zbraslav";0;1;17;10;1;0;554782
20220923;2100;2110;1;1;539872;"Zbuzany";0;1;11;1;1;0;539872
20220923;2100;2110;1;1;539881;"ZlatnÌky-Hodkovice";0;1;11;1;1;0;539881
20220923;1100;1100;2;5;539899;"Praha-ZliËÌn";0;1;15;5;1;0;554782
20220923;2100;2110;1;1;539902;"Zvole";0;1;15;1;1;0;539902
20220923;2100;2111;1;2;539911;"P¯Ìbram";0;1;25;39;1;0;539911
20220923;3200;3204;1;1;539929;"T˝niötÏ";0;1;6;1;1;0;539929
20220923;3200;3204;1;1;539937;"Skaöov";0;1;7;1;1;0;539937
20220923;3200;3204;1;1;539945;"Dolce";0;1;6;1;1;0;539945
20220923;2100;2111;1;1;539953;"BohutÌn";0;1;11;2;1;0;539953
20220923;7100;7105;1;1;539961;"Libina";0;1;15;5;1;0;539961
20220923;2100;2111;1;1;539970;"Borotice";0;1;9;1;1;0;539970
20220923;2100;2111;1;1;539988;"Bratkovice";0;1;7;1;1;0;539988
20230916;2100;2111;1;1;539988;"Bratkovice";0;1;7;1;1;0;539988
20220923;7100;7102;1;1;540005;"Lipinka";0;1;5;1;1;0;540005
20220923;2100;2111;1;2;540013;"B¯eznice";0;1;15;4;1;0;540013
20220923;2100;2111;1;1;540021;"Bukov· u P¯ÌbramÏ";0;1;9;1;1;0;540021
20220923;7100;7101;1;1;540030;"Lipov·-l·znÏ";0;1;15;2;1;0;540030
20220923;2100;2110;1;1;540048;"Buö";0;1;11;1;1;0;540048
20220923;3200;3204;1;1;540056;"St¯elice";0;1;7;1;1;0;540056
20220923;3200;3204;1;1;540064;"Lisov";0;1;5;1;1;0;540064
20220923;2100;2111;1;1;540072;"»enkov";0;1;7;1;1;0;540072
20220923;2100;2111;1;1;540081;"»Ìm";0;1;7;1;1;0;540081
20220923;2100;2111;1;1;540099;"DalekÈ DuönÌky";0;1;7;1;1;0;540099
20220923;3200;3204;1;1;540102;"Nezd¯ev";0;1;7;1;1;0;540102
20220923;2100;2111;1;2;540111;"Dob¯Ìö";0;1;21;6;1;0;540111
20220923;2100;2111;1;1;540129;"DolnÌ Hbity";0;1;15;5;1;0;540129
20220923;3200;3204;1;1;540137;"éivotice";0;1;7;1;1;0;540137
20220923;2100;2111;1;1;540145;"DrahlÌn";0;1;9;1;1;0;540145
20220923;2100;2111;1;1;540153;"Dr·sov";0;1;7;1;1;0;540153
20220923;7100;7105;1;1;540161;"LÌönice";0;1;7;1;1;0;540161
20220923;2100;2111;1;1;540170;"DrevnÌky";0;1;7;1;1;0;540170
20220923;2100;2111;1;1;540188;"Drhovy";0;1;7;1;1;0;540188
20220923;7100;7105;1;2;540196;"Loötice";0;1;15;5;1;0;540196
20220923;3200;3204;1;1;540200;"Kozlovice";0;1;7;1;1;0;540200
20220923;2100;2111;1;1;540218;"Dublovice";0;1;9;3;1;0;540218
20220923;7100;7105;1;1;540226;"LouËn· nad Desnou";0;1;9;2;1;0;540226
20220923;7100;7105;1;1;540234;"Lukavice";0;1;15;2;1;0;540234
20220923;2100;2111;1;1;540242;"Hluboö";0;1;9;1;1;0;540242
20220923;3200;3204;1;1;540251;"Drahkov";0;1;5;1;1;0;540251
20230325;3200;3204;1;1;540269;"Nov· Ves";0;1;7;1;1;0;540269
20220923;3200;3204;1;1;540269;"Nov· Ves";0;1;7;1;1;0;540269
20220923;2100;2111;1;1;540285;"H¯imÏûdice";0;1;9;1;1;0;540285
20220923;3200;3204;1;1;540293;"OtÏöice";0;1;7;1;1;0;540293
20220923;3200;3204;1;1;540307;"Chlumy";0;1;7;1;1;0;540307
20220923;2100;2111;1;1;540315;"HvoûÔany";0;1;11;4;1;0;540315
20220923;2100;2111;1;1;540323;"Chotilsko";0;1;9;1;1;0;540323
20220923;7100;7105;1;1;540331;"Mal· Morava";0;1;9;4;1;0;540331
20220923;3200;3204;1;1;540340;"NebÌlovy";0;1;7;1;1;0;540340
20220923;2100;2111;1;1;540358;"Chraötice";0;1;7;1;1;0;540358
20220923;7100;7105;1;1;540366;"MaletÌn";0;1;9;1;1;0;540366
20220923;2100;2111;1;1;540374;"Jablonn·";0;1;7;2;1;0;540374
20220923;7100;7101;1;1;540382;"Mikulovice";0;1;15;2;1;0;540382
20220923;2100;2111;1;1;540391;"Jesenice";0;1;11;1;1;0;540391
20220923;2100;2111;1;6;540404;"Jince";0;1;15;4;1;0;540404
20220923;3200;3204;1;1;540412;"P¯edenice";0;1;7;1;1;0;540412
20220923;3200;3204;1;1;540421;"Radkovice";0;1;7;1;1;0;540421
20220923;2100;2111;1;1;540439;"Kam˝k nad Vltavou";0;1;15;1;1;0;540439
20220923;2100;2111;1;1;540447;"KluËenice";0;1;9;1;1;0;540447
20220923;3200;3204;1;1;540463;"Bolkov";0;1;5;1;1;0;540463
20220923;7100;7105;1;2;540471;"Mohelnice";0;1;21;13;1;0;540471
20220923;7100;7105;1;1;540480;"MoraviËany";0;1;9;2;1;0;540480
20220923;2100;2111;1;1;540498;"Kosova Hora";0;1;15;1;1;0;540498
20220923;7100;7105;1;1;540501;"Nov˝ MalÌn";0;1;15;3;1;0;540501
20220923;7100;7105;1;1;540510;"Olöany";0;1;11;2;1;0;540510
20220923;3200;3204;1;1;540528;"⁄nÏtice";0;1;5;1;1;0;540528
20220923;2100;2111;1;1;540536;"Koz·rovice";0;1;9;1;1;0;540536
20220923;7100;7105;1;1;540544;"Oskava";0;1;15;4;1;0;540544
20220923;2100;2111;1;2;540552;"Kr·sn· Hora nad Vltavou";0;1;15;1;1;0;540552
20220923;3200;3203;1;1;540561;"Letkov";0;1;9;1;1;0;540561
20220923;2100;2111;1;1;540579;"K¯epenice";0;1;9;1;1;0;540579
20220923;2100;2111;1;1;540587;"K¯eöÌn";0;1;5;1;1;0;540587
20220923;7100;7105;1;1;540595;"PalonÌn";0;1;7;1;1;0;540595
20220923;7100;7105;1;1;540609;"Pavlov";0;1;11;4;1;0;540609
20220923;3200;3204;1;1;540617;"LÌöina";0;1;5;1;1;0;540617
20230617;3200;3204;1;1;540617;"LÌöina";0;1;5;1;1;0;540617
20220923;2100;2111;1;1;540625;"L·z";0;1;7;1;1;0;540625
20220923;3200;3204;1;1;540633;"Kotovice";0;1;6;1;1;0;540633
20220923;3200;3203;1;1;540641;"Mokrouöe";0;1;7;1;1;0;540641
20220923;7100;7105;1;1;540650;"PÌsa¯ov";0;1;9;2;1;0;540650
20220923;3200;3204;1;1;540668;"Honezovice";0;1;7;1;1;0;540668
20220923;3200;3204;1;1;540676;"Srby";0;1;7;1;1;0;540676
20220923;7100;7101;1;1;540684;"PÌseËn·";0;1;15;1;1;0;540684
20220923;3200;3204;1;1;540692;"SedliötÏ";0;1;7;1;1;0;540692
20220923;3200;3204;1;1;540706;"VlËtejn";0;1;5;1;1;0;540706
20220923;2100;2111;1;1;540714;"Mal· Hraötice";0;1;9;1;1;0;540714
20220923;3200;3206;1;1;540722;"SmÏdËice";0;1;7;1;1;0;540722
20220923;7100;7105;1;1;540731;"Police";0;1;7;1;1;0;540731
20220923;2100;2111;1;1;540749;"Mileöov";0;1;9;1;1;0;540749
20220923;2100;2111;1;1;540757;"MilÌn";0;1;15;4;1;0;540757
20220923;2100;2110;1;2;540765;"MnÌöek pod Brdy";0;1;15;5;1;0;540765
20220923;7100;7105;1;1;540773;"Post¯elmov";0;1;15;2;1;0;540773
20220923;2100;2111;1;1;540781;"Mokrovraty";0;1;9;1;1;0;540781
20220923;2100;2111;1;1;540790;"Nalûovice";0;1;13;1;1;0;540790
20220923;3200;3206;1;1;540803;"Chlum";0;1;7;1;1;0;540803
20220923;2100;2111;1;1;540811;"NeËÌn";0;1;11;1;1;0;540811
20220923;2100;2111;1;1;540820;"Nedrahovice";0;1;9;1;1;0;540820
20220923;2100;2111;1;1;540846;"Nechvalice";0;1;9;3;1;0;540846
20220923;7100;7105;1;1;540854;"R·jec";0;1;7;1;1;0;540854
20220923;7100;7105;1;1;540862;"RapotÌn";0;1;15;3;1;0;540862
20220923;7100;7105;1;1;540871;"Rohle";0;1;9;3;1;0;540871
20220923;2100;2111;1;1;540889;"Nov· Ves pod PleöÌ";0;1;7;1;1;0;540889
20220923;2100;2111;1;1;540897;"NovÈ Dvory";0;1;7;1;1;0;540897
20220923;2100;2111;1;2;540901;"Nov˝ KnÌn";0;1;15;2;1;0;540901
20220923;7100;7105;1;1;540919;"Rovensko";0;1;9;1;1;0;540919
20220923;3200;3206;1;1;540927;"»il·";0;1;5;1;1;0;540927
20220923;2100;2111;1;1;540935;"Obecnice";0;1;15;2;1;0;540935
20220923;2100;2111;1;1;540943;"Obory";0;1;7;1;1;0;540943
20220923;2100;2111;1;1;540951;"Obo¯iötÏ";0;1;7;1;1;0;540951
20220923;2100;2111;1;1;540960;"Ohrazenice";0;1;7;1;1;0;540960
20220923;7100;7105;1;1;540978;"Ruda nad Moravou";0;1;15;5;1;0;540978
20220923;7100;7105;1;1;540986;"SobotÌn";0;1;11;2;1;0;540986
20220923;3200;3206;1;1;541001;"HradiötÏ";0;1;5;1;1;0;541001
20230325;3200;3206;1;1;541001;"HradiötÏ";0;1;5;1;1;0;541001
20220923;2100;2111;1;1;541010;"OubÏnice";0;1;9;1;1;0;541010
20220923;2100;2111;1;1;541028;"PeËice";0;1;7;1;1;0;541028
20220923;7100;7101;1;1;541036;"Star· »erven· Voda";0;1;9;1;1;0;541036
20220923;2100;2111;1;1;541044;"Petrovice";0;1;15;3;1;0;541044
20220923;2100;2111;1;1;541052;"PiËÌn";0;1;7;1;1;0;541052
20220923;3200;3206;1;6;541061;"ZvÌkovec";0;1;7;1;1;0;541061
20220923;7100;7105;1;2;541079;"StarÈ MÏsto";0;1;15;5;1;0;541079
20220923;2100;2111;1;1;541087;"PoËepice";0;1;9;1;1;0;541087
20220923;3200;3206;1;1;541095;"BezdÏkov";0;1;5;1;1;0;541095
20220923;7100;7105;1;1;541109;"Sudkov";0;1;15;1;1;0;541109
20220923;7100;7101;1;1;541117;"SupÌkovice";0;1;9;1;1;0;541117
20220923;7100;7105;1;1;541125;"SvÈbohov";0;1;7;1;1;0;541125
20220923;2100;2111;1;1;541133;"Prosenick· Lhota";0;1;7;1;1;0;541133
20220923;3200;3206;1;1;541141;"Chomle";0;1;5;1;1;0;541141
20220923;3200;3206;1;1;541150;"Kamenn˝ ⁄jezd";0;1;9;1;1;0;541150
20220923;7100;7105;1;2;541168;"ätÌty";0;1;15;5;1;0;541168
20220923;3200;3206;1;1;541176;"Svojkovice";0;1;7;1;1;0;541176
20220923;3200;3206;1;1;541192;"Nevid";0;1;7;1;1;0;541192
20220923;2100;2111;1;1;541206;"Rosovice";0;1;9;1;1;0;541206
20220923;7100;7101;1;1;541214;"Uheln·";0;1;9;1;1;0;541214
20220923;7100;7105;1;2;541222;"⁄sov";0;1;15;1;1;0;541222
20220923;2100;2111;1;2;541231;"Roûmit·l pod T¯emöÌnem";0;1;15;11;1;0;541231
20220923;7100;7101;1;1;541249;"V·penn·";0;1;15;1;1;0;541249
20220923;2100;2111;1;1;541257;"RybnÌky";0;1;7;1;1;0;541257
20220923;7100;7105;1;1;541265;"VelkÈ Losiny";0;1;15;5;1;0;541265
20220923;2100;2111;1;1;541273;"S·dek";0;1;7;1;1;0;541273
20220923;2100;2111;1;2;541281;"SedlËany";0;1;21;13;1;0;541281
20220923;3200;3207;1;1;541290;"HornÌ Kozolupy";0;1;7;3;1;0;541290
20220923;7100;7101;1;2;541303;"Vidnava";0;1;15;1;1;0;541303
20220923;2100;2111;1;1;541311;"Smolotely";0;1;7;1;1;0;541311
20220923;2100;2111;1;1;541320;"Solenice";0;1;5;1;1;0;541320
20250315;2100;2111;1;1;541320;"Solenice";0;1;5;1;1;0;541320
20220923;2100;2111;1;1;541338;"Star· Huù";0;1;15;1;1;0;541338
20220923;7100;7101;1;1;541346;"VlËice";0;1;5;1;1;0;541346
20220923;7100;7105;1;2;541354;"Z·b¯eh";0;1;21;15;1;0;541354
20220923;3200;3207;1;1;541362;"ZadnÌ Chodov";0;1;7;1;1;0;541362
20220923;2100;2111;1;1;541371;"Suchodol";0;1;7;1;1;0;541371
20220923;2100;2111;1;1;541389;"SvatÈ Pole";0;1;7;1;1;0;541389
20220923;2100;2111;1;1;541397;"Svat˝ Jan";0;1;11;1;1;0;541397
20220923;3200;3207;1;1;541401;"Broumov";0;1;7;1;1;0;541401
20220923;2100;2111;1;1;541419;"ätÏtkovice";0;1;7;1;1;0;541419
20220923;2100;2111;1;1;541427;"Tochovice";0;1;11;2;1;0;541427
20220923;3200;3207;1;1;541435;"⁄nehle";0;1;7;1;1;0;541435
20220923;3200;3207;1;1;541443;"Obora";0;1;7;1;1;0;541443
20230107;2100;2111;1;1;541451;"T¯ebsko";0;1;5;1;2;0;541451
20220923;2100;2111;1;1;541451;"T¯ebsko";0;1;5;;1;1;541451
20220923;3200;3207;1;1;541460;"Zho¯";0;1;7;1;1;0;541460
20220923;7100;7105;1;1;541478;"Zvole";0;1;9;1;1;0;541478
20220923;3200;3207;1;1;541486;"Prostibo¯";0;1;5;1;1;0;541486
20220923;3200;3207;1;1;541494;"Kokaöice";0;1;7;1;1;0;541494
20220923;2100;2111;1;1;541508;"VÏöÌn";0;1;11;2;1;0;541508
20220923;2100;2111;1;1;541516;"ViöÚov·";0;1;9;1;1;0;541516
20220923;2100;2111;1;1;541524;"Volenice";0;1;11;2;1;0;541524
20220923;3200;3207;1;1;541532;"MilÌ¯e";0;1;7;1;1;0;541532
20220923;2100;2111;1;1;541541;"Voznice";0;1;7;1;1;0;541541
20220923;3200;3207;1;1;541559;"KoËov";0;1;7;1;1;0;541559
20220923;2100;2111;1;1;541567;"Vranovice";0;1;7;1;1;0;541567
20220923;7100;7101;1;2;541575;"éulov·";0;1;15;2;1;0;541575
20220923;2100;2111;1;1;541583;"Vysok· u P¯ÌbramÏ";0;1;5;1;1;0;541583
20220923;2100;2111;1;6;541591;"Vysok˝ Chlumec";0;1;9;3;1;0;541591
20220923;3200;3207;1;1;541605;"Brod nad Tichou";0;1;7;1;1;0;541605
20220923;2100;2111;1;1;541613;"Zaluûany";0;1;7;1;1;0;541613
20220923;3200;3207;1;1;541621;"Tisov·";0;1;7;1;1;0;541621
20241005;3200;3207;1;1;541621;"Tisov·";0;1;7;1;1;0;541621
20220923;7200;7203;1;2;541630;"VsetÌn";0;1;21;25;1;0;541630
20220923;7200;7203;1;1;541648;"Branky";0;1;15;1;1;0;541648
20220923;2100;2112;1;2;541656;"RakovnÌk";0;1;21;17;1;0;541656
20220923;3200;3207;1;1;541664;"Z·chlumÌ";0;1;7;1;1;0;541664
20220923;2100;2112;1;1;541672;"Branov";0;1;7;1;1;0;541672
20220923;3200;3207;1;1;541681;"OöelÌn";0;1;7;1;1;0;541681
20220923;2100;2112;1;1;541699;"»ist·";0;1;11;3;1;0;541699
20220923;3200;3207;1;1;541702;"Lom u Tachova";0;1;7;1;1;0;541702
20220923;7200;7203;1;1;541711;"Byst¯iËka";0;1;11;1;1;0;541711
20220923;2100;2112;1;1;541729;"Ho¯esedly";0;1;7;1;1;0;541729
20220923;2100;2112;1;1;541737;"Ho¯oviËky";0;1;9;1;1;0;541737
20220923;3200;3202;1;1;541745;"Myslovice";0;1;7;1;1;0;541745
20220923;3200;3202;1;1;541753;"Jeûovy";0;1;7;1;1;0;541753
20220923;2100;2112;1;1;541761;"H¯ebeËnÌky";0;1;7;3;1;0;541761
20220923;2100;2112;1;1;541770;"H¯edle";0;1;9;1;1;0;541770
20220923;3200;3202;1;1;541788;"PoleÚ";0;1;7;1;1;0;541788
20220923;3200;3202;1;1;541796;"Hejn·";0;1;7;1;1;0;541796
20220923;7200;7203;1;1;541800;"DolnÌ BeËva";0;1;15;1;1;0;541800
20220923;2100;2112;1;1;541818;"Chr·öùany";0;1;7;1;1;0;541818
20220923;3200;3202;1;1;541826;"Kejnice";0;1;7;1;1;0;541826
20220923;2100;2112;1;2;541834;"Jesenice";0;1;15;2;1;0;541834
20220923;3200;3202;1;1;541842;"BÏha¯ov";0;1;5;1;1;0;541842
20220923;3200;3202;1;1;541851;"Klenov·";0;1;7;1;1;0;541851
20220923;3200;3202;1;1;541869;"Javor";0;1;7;1;1;0;541869
20220923;2100;2112;1;6;541877;"KnÏûeves";0;1;13;1;1;0;541877
20220923;3200;3202;1;1;541885;"T˝nec";0;1;9;1;1;0;541885
20220923;2100;2112;1;1;541893;"Koleöovice";0;1;9;1;1;0;541893
20220923;2100;2112;1;1;541907;"Kounov";0;1;7;1;1;0;541907
20220923;3200;3202;1;1;541915;"Obytce";0;1;7;1;1;0;541915
20220923;3200;3202;1;1;541923;"B¯eûany";0;1;7;1;1;0;541923
20220923;3200;3202;1;1;541931;"Kv·öÚovice";0;1;7;1;1;0;541931
20220923;2100;2112;1;1;541940;"KrouËov·";0;1;5;1;1;0;541940
20220923;3200;3202;1;1;541958;"Olöany";0;1;7;1;1;0;541958
20220923;2100;2112;1;1;541966;"Krup·";0;1;9;1;1;0;541966
20220923;2100;2112;1;1;541974;"Kruöovice";0;1;7;1;1;0;541974
20220923;2100;2112;1;6;541982;"K¯ivokl·t";0;1;9;1;1;0;541982
20220923;2100;2103;1;1;541991;"L·ny";0;1;11;2;1;0;541991
20220923;2100;2112;1;1;542008;"Laöovice";0;1;7;1;1;0;542008
20220923;2100;2112;1;1;542016;"Liöany";0;1;9;1;1;0;542016
20220923;3200;3202;1;1;542024;"»ÌhaÚ";0;1;7;1;1;0;542024
20220923;2100;2112;1;1;542032;"Lubn·";0;1;11;1;1;0;542032
20220923;2100;2112;1;1;542041;"Luûn·";0;1;15;2;1;0;542041
20220923;3200;3202;1;1;542059;"Ml˝nskÈ Struhadlo";0;1;5;1;1;0;542059
20220923;2100;2112;1;1;542067;"MÏsteËko";0;1;5;1;1;0;542067
20220923;2100;2112;1;1;542075;"MilostÌn";0;1;7;1;1;0;542075
20220923;3200;3202;1;1;542083;"HnaËov";0;1;9;1;1;0;542083
20220923;3200;3202;1;1;542091;"Horsk· Kvilda";0;1;7;1;1;0;542091
20220923;2100;2112;1;6;542105;"Möec";0;1;9;1;1;0;542105
20220923;2100;2112;1;1;542113;"MöeckÈ éehrovice";0;1;7;2;1;0;542113
20220923;2100;2112;1;1;542121;"MutÏjovice";0;1;11;2;1;0;542121
20220923;2100;2112;1;1;542130;"NesuchynÏ";0;1;7;1;1;0;542130
20220923;3200;3202;1;1;542148;"Modrava";0;1;7;1;1;0;542148
20220923;3200;3204;1;1;542156;"Borovy";0;1;7;1;1;0;542156
20220923;2100;2112;1;2;542164;"NovÈ StraöecÌ";0;1;21;4;1;0;542164
20220923;3200;3202;1;1;542172;"»ervenÈ Po¯ÌËÌ";0;1;7;1;1;0;542172
20220923;2100;2112;1;1;542181;"Nov˝ D˘m";0;1;5;1;1;0;542181
20220923;2100;2112;1;1;542199;"Oleön·";0;1;9;1;1;0;542199
20220923;2100;2112;1;1;542202;"Or·Ëov";0;1;7;1;1;0;542202
20220923;2100;2112;1;1;542211;"PanoöÌ ⁄jezd";0;1;7;1;1;0;542211
20220923;2100;2112;1;1;542229;"Petrovice";0;1;7;1;1;0;542229
20220923;2100;2112;1;1;542237;"Pochvalov";0;1;5;1;1;0;542237
20240622;2100;2112;1;1;542237;"Pochvalov";0;1;5;1;1;0;542237
20220923;2100;2112;1;1;542253;"P¯ÌËina";0;1;7;1;1;0;542253
20220923;2100;2112;1;1;542270;"Pöovlky";0;1;5;1;1;0;542270
20220923;2100;2112;1;1;542288;"PustovÏty";0;1;7;1;1;0;542288
20220923;3200;3204;1;1;542296;"Nezdice";0;1;5;1;1;0;542296
20220923;7200;7201;1;1;542318;"Blazice";0;1;7;1;1;0;542318
20220923;2100;2112;1;1;542326;"Ruda";0;1;7;1;1;0;542326
20220923;2100;2112;1;1;542334;"Rynholec";0;1;7;1;1;0;542334
20220923;7200;7201;1;1;542342;"HonÏtice";0;1;7;1;1;0;542342
20220923;2100;2112;1;1;542351;"ÿevniËov";0;1;11;2;1;0;542351
20220923;2100;2112;1;1;542369;"Senec";0;1;7;1;1;0;542369
20220923;2100;2112;1;6;542377;"Senomaty";0;1;13;2;1;0;542377
20220923;2100;2112;1;1;542385;"Skryje";0;1;7;1;1;0;542385
20220923;7200;7201;1;1;542393;"Vrbka";0;1;7;1;1;0;542393
20220923;4200;4203;1;1;542407;"Trnovany";0;1;7;1;1;0;542407
20220923;2100;2112;1;6;542415;"Slabce";0;1;11;5;1;0;542415
20220923;4200;4203;1;1;542423;"»ernouËek";0;1;7;1;1;0;542423
20220923;2100;2112;1;1;542431;"SrbeË";0;1;9;1;1;0;542431
20220923;4200;4203;1;1;542440;"Oleöko";0;1;7;1;1;0;542440
20220923;2100;2112;1;1;542458;"SvojetÌn";0;1;7;1;1;0;542458
20220923;2100;2112;1;1;542466;"S˝ko¯ice";0;1;9;1;1;0;542466
20220923;2100;2112;1;1;542474;"äanov";0;1;7;1;1;0;542474
20220923;4200;4203;1;1;542482;"Z·luûÌ";0;1;5;1;1;0;542482
20220923;4200;4203;1;1;542491;"MalÌË";0;1;7;1;1;0;542491
20220923;2100;2112;1;1;542504;"T¯eboc";0;1;5;1;1;0;542504
20220923;2100;2112;1;1;542512;"T¯tice";0;1;7;1;1;0;542512
20220923;4200;4203;1;1;542521;"Michalovice";0;1;7;1;1;0;542521
20220923;4200;4203;1;1;542539;"PÌöùany";0;1;7;1;1;0;542539
20240323;4200;4203;1;1;542539;"PÌöùany";0;1;7;1;1;0;542539
20220923;4200;4204;1;1;542547;"Blöany u Loun";0;1;7;1;1;0;542547
20220923;4200;4204;1;1;542555;"OpoËno";0;1;5;1;1;0;542555
20220923;2100;2112;1;1;542563;"Velk· Bukov·";0;1;9;1;1;0;542563
20220923;4200;4204;1;6;542571;"CÌtoliby";0;1;15;1;1;0;542571
20220923;4200;4204;1;1;542580;"Obora";0;1;7;1;1;0;542580
20220923;2100;2112;1;1;542598;"Vöetaty";0;1;7;1;1;0;542598
20220923;2100;2112;1;1;542601;"Zavidov";0;1;7;1;1;0;542601
20220923;2100;2112;1;1;542610;"ZbeËno";0;1;7;2;1;0;542610
20220923;4200;4204;1;1;542628;"»ernËice";0;1;15;1;1;0;542628
20220923;4200;4204;1;1;542636;"Nov· Ves";0;1;5;1;1;0;542636
20220923;7200;7203;1;1;542644;"Francova Lhota";0;1;15;2;1;0;542644
20220923;7200;7203;1;1;542679;"Halenkov";0;1;15;2;1;0;542679
20220923;7200;7203;1;1;542687;"HornÌ BeËva";0;1;15;1;1;0;542687
20220923;7200;7203;1;1;542725;"HornÌ LideË";0;1;15;1;1;0;542725
20220923;7200;7203;1;1;542750;"Hoöù·lkov·";0;1;15;1;1;0;542750
20220923;7200;7203;1;1;542768;"HovÏzÌ";0;1;15;2;1;0;542768
20220923;7200;7203;1;1;542784;"Huslenky";0;1;15;2;1;0;542784
20220923;7200;7203;1;1;542814;"Hutisko-Solanec";0;1;15;1;1;0;542814
20220923;7200;7203;1;1;542831;"ChorynÏ";0;1;9;1;1;0;542831
20220923;7200;7203;1;1;542865;"Jabl˘nka";0;1;11;1;1;0;542865
20220923;7200;7203;1;1;542903;"Jarcov·";0;1;11;1;1;0;542903
20220923;7200;7203;1;2;542911;"Karolinka";0;1;15;2;1;0;542911
20220923;7200;7203;1;1;542946;"Kate¯inice";0;1;15;1;1;0;542946
20220923;7200;7203;1;2;542989;"KelË";0;1;15;6;1;0;542989
20220923;7200;7203;1;1;542997;"Kladeruby";0;1;9;1;1;0;542997
20220923;4200;4204;1;1;543012;"éerotÌn";0;1;7;1;1;0;543012
20220923;7200;7203;1;1;543021;"Kunovice";0;1;9;1;1;0;543021
20220923;7200;7203;1;1;543098;"LaËnov";0;1;9;1;1;0;543098
20220923;4200;4204;1;1;543128;"StaÚkovice";0;1;9;1;1;0;543128
20220923;7100;7103;1;1;543543;"Hruöka";0;1;7;1;1;0;543543
20220923;2100;2112;1;6;544248;"PavlÌkov";0;1;9;4;1;0;544248
20220923;3100;3101;1;3;544256;"»eskÈ BudÏjovice";0;1;45;90;1;0;544256
20220923;7200;7203;1;1;544264;"Leskovec";0;1;9;1;1;0;544264
20220923;3100;3101;1;1;544272;"Borek";0;1;11;1;1;0;544272
20220923;3100;3101;1;2;544281;"Borovany";0;1;17;8;1;0;544281
20220923;3100;3101;1;1;544299;"Boröov nad Vltavou";0;1;9;3;1;0;544299
20220923;7200;7203;1;1;544302;"Leön·";0;1;15;7;1;0;544302
20220923;3100;3101;1;1;544329;"»ejkovice";0;1;7;1;1;0;544329
20220923;5100;5101;1;1;544337;"Hamr na Jeze¯e";0;1;7;2;1;0;544337
20220923;5100;5103;1;1;544345;"ProseË pod JeötÏdem";0;1;9;1;1;0;544345
20220923;5100;5103;1;1;544353;"He¯manice";0;1;9;1;1;0;544353
20220923;3100;3101;1;1;544361;"DÌvËice";0;1;9;1;1;0;544361
20220923;7200;7203;1;1;544370;"LideËko";0;1;15;1;1;0;544370
20220923;3100;3101;1;6;544388;"DolnÌ Bukovsko";0;1;15;7;1;0;544388
20220923;7200;7203;1;1;544396;"Lipt·l";0;1;15;1;1;0;544396
20220923;3100;3101;1;1;544400;"Doudleby";0;1;7;1;1;0;544400
20220923;7200;7203;1;1;544418;"LouËka";0;1;11;2;1;0;544418
20220923;3100;3101;1;1;544426;"D¯ÌteÚ";0;1;15;7;1;0;544426
20220923;7200;7203;1;1;544434;"Luûn·";0;1;9;1;1;0;544434
20220923;3100;3101;1;1;544442;"DubnÈ";0;1;15;4;1;0;544442
20220923;3100;3101;1;1;544451;"DynÌn";0;1;7;1;1;0;544451
20220923;7200;7203;1;1;544469;"Mal· Byst¯ice";0;1;7;1;1;0;544469
20220923;5100;5103;1;1;544477;"Str·û nad Nisou";0;1;9;1;1;0;544477
20220923;3100;3101;1;2;544485;"Hlubok· nad Vltavou";0;1;21;7;1;0;544485
20220923;3100;3101;1;1;544493;"Homole";0;1;11;2;1;0;544493
20220923;7200;7203;1;1;544507;"Mikul˘vka";0;1;11;1;1;0;544507
20220923;3100;3101;1;1;544515;"HornÌ Stropnice";0;1;15;3;1;0;544515
20220923;3100;3101;1;1;544523;"HosÌn";0;1;9;2;1;0;544523
20220923;5100;5103;1;1;544531;"»tve¯Ìn";0;1;7;1;1;0;544531
20220923;3100;3101;1;1;544540;"Hranice";0;1;7;1;1;0;544540
20220923;3100;3101;1;1;544558;"HrdÏjovice";0;1;11;1;1;0;544558
20220923;7200;7203;1;6;544566;"Nov˝ Hrozenkov";0;1;15;3;1;0;544566
20220923;7200;7203;1;1;544574;"Oznice";0;1;9;1;1;0;544574
20220923;5100;5103;1;1;544582;"Radimovice";0;1;7;1;1;0;544582
20230325;5100;5103;1;1;544582;"Radimovice";0;1;7;1;1;0;544582
20220923;3100;3101;1;1;544591;"Chr·öùany";0;1;15;4;1;0;544591
20220923;5100;5103;1;1;544604;"éÔ·rek";0;1;7;1;1;0;544604
20220923;3100;3101;1;1;544612;"Jankov";0;1;9;2;1;0;544612
20220923;7200;7203;1;1;544621;"Police";0;1;11;1;1;0;544621
20220923;3100;3101;1;1;544639;"JÌlovice";0;1;15;5;1;0;544639
20220923;4200;4201;1;1;544647;"Bynovec";0;1;7;1;1;0;544647
20230617;4200;4201;1;1;544647;"Bynovec";0;1;7;1;1;0;544647
20220923;7200;7203;1;1;544655;"PozdÏchov";0;1;9;1;1;0;544655
20220923;3100;3101;1;1;544663;"Kamenn˝ ⁄jezd";0;1;15;3;1;0;544663
20220923;7200;7203;1;1;544671;"Prlov";0;1;7;1;1;0;544671
20220923;4200;4201;1;1;544680;"Janov";0;1;7;1;1;0;544680
20220923;7200;7203;1;1;544698;"Prost¯ednÌ BeËva";0;1;11;1;1;0;544698
20220923;4200;4201;1;1;544701;"Labsk· Str·Ú";0;1;7;1;1;0;544701
20220923;7100;7103;1;1;544710;"Vincencov";0;1;7;1;1;0;544710
20220923;7200;7203;1;1;544728;"Prûno";0;1;9;1;1;0;544728
20220923;3100;3101;1;6;544736;"Ledenice";0;1;15;4;1;0;544736
20220923;3100;3101;1;1;544744;"LibÌn";0;1;9;3;1;0;544744
20220923;6100;6104;1;1;544752;"P¯Ìötpo";0;1;7;1;1;0;544752
20220923;3100;3101;1;1;544761;"LipÌ";0;1;7;2;1;0;544761
20220923;3100;3101;1;2;544779;"Liöov";1;2;21;4;1;0;544779
20220923;3100;3101;1;2;544779;"Liöov";2;1;15;4;1;0;544779
20220923;3100;3101;1;2;544779;"Liöov";2;2;6;4;1;0;544779
20220923;7200;7203;1;1;544787;"Ratibo¯";0;1;11;1;1;0;544787
20220923;3100;3101;1;1;544795;"LitvÌnovice";0;1;9;3;1;0;544795
20220923;3100;3101;1;1;544809;"LoËenice";0;1;9;2;1;0;544809
20220923;3100;3101;1;1;544817;"Mladoöovice";0;1;7;3;1;0;544817
20220923;3100;3101;1;1;544825;"Nedabyle";0;1;7;1;1;0;544825
20220923;6100;6104;1;1;544833;"BaËkovice";0;1;5;1;1;0;544833
20220923;7200;7203;1;2;544841;"Roûnov pod RadhoötÏm";0;1;21;14;1;0;544841
20220923;7200;7203;1;1;544850;"R˘ûÔka";0;1;11;1;1;0;544850
20220923;3100;3101;1;2;544868;"NovÈ Hrady";0;1;15;3;1;0;544868
20220923;6100;6104;1;1;544876;"Lhotice";0;1;7;1;1;0;544876
20220923;3100;3101;1;1;544884;"Oleönice";0;1;11;2;1;0;544884
20220923;3100;3101;1;1;544892;"OleönÌk";0;1;9;2;1;0;544892
20230325;7200;7203;1;1;544906;"Seninka";0;1;7;1;1;0;544906
20220923;7200;7203;1;1;544906;"Seninka";0;1;7;1;1;0;544906
20220923;7200;7203;1;1;544914;"St¯eln·";0;1;7;1;1;0;544914
20220923;7200;7203;1;1;544922;"St¯Ìteû nad BeËvou";0;1;15;1;1;0;544922
20220923;7200;7204;1;1;544931;"ätudlov";0;1;9;1;1;0;544931
20220923;7200;7203;1;1;544949;"Valaösk· Byst¯ice";0;1;15;2;1;0;544949
20220923;6100;6104;1;1;544957;"LovËovice";0;1;5;1;1;0;544957
20220923;3100;3101;1;1;544965;"Radoöovice";0;1;5;1;1;0;544965
20220923;3100;3101;1;1;544973;"RoudnÈ";0;1;11;1;1;0;544973
20220923;3100;3101;1;2;544981;"Rudolfov";0;1;15;3;1;0;544981
20220923;7200;7203;1;1;544990;"Valaösk· Polanka";0;1;9;1;1;0;544990
20220923;3100;3101;1;1;545007;"ÿÌmov";0;1;9;1;1;0;545007
20220923;3100;3101;1;1;545015;"Sedlec";0;1;7;3;1;0;545015
20220923;3100;3101;1;1;545023;"SlavËe";0;1;15;3;1;0;545023
20220923;6100;6104;1;1;545031;"Menhartice";0;1;7;1;1;0;545031
20220923;6100;6104;1;1;545040;"Radotice";0;1;7;1;1;0;545040
20220923;7200;7203;1;2;545058;"ValaöskÈ Mezi¯ÌËÌ";0;1;25;26;1;0;545058
20220923;3100;3101;1;1;545066;"Srubec";0;1;9;2;1;0;545066
20220923;3100;3101;1;1;545074;"StarÈ HodÏjovice";0;1;9;1;1;0;545074
20220923;3100;3101;1;1;545082;"Str·ûkovice";0;1;7;1;1;0;545082
20220923;3100;3101;1;1;545091;"St¯Ìûov";0;1;7;1;1;0;545091
20220923;3100;3101;1;1;545104;"Svat˝ Jan nad MalöÌ";0;1;9;1;1;0;545104
20220923;7200;7204;1;1;545112;"ValaöskÈ P¯Ìkazy";0;1;9;1;1;0;545112
20220923;3100;3101;1;6;545121;"äevÏtÌn";0;1;15;1;1;0;545121
20220923;3100;3101;1;1;545139;"ätÏp·novice";0;1;9;1;1;0;545139
20220923;7200;7203;1;1;545147;"Velk· Lhota";0;1;9;2;1;0;545147
20220923;3100;3101;1;1;545155;"TemelÌn";0;1;11;6;1;0;545155
20220923;7200;7203;1;1;545163;"VelkÈ Karlovice";0;1;15;2;1;0;545163
20220923;3100;3101;1;2;545171;"TrhovÈ Sviny";0;1;23;11;1;0;545171
20220923;6100;6104;1;1;545180;"SlavÌkovice";0;1;6;1;1;0;545180
20220923;7200;7203;1;1;545198;"VidËe";0;1;15;1;1;0;545198
20220923;3100;3101;1;2;545201;"T˝n nad Vltavou";0;1;21;12;1;0;545201
20220923;7200;7203;1;1;545210;"Vigantice";0;1;9;1;1;0;545210
20220923;3100;3101;1;1;545228;"VËeln·";0;1;9;1;1;0;545228
20220923;7200;7203;1;1;545236;"Zaöov·";0;1;15;3;1;0;545236
20220923;7200;7203;1;1;545244;"ZdÏchov";0;1;11;1;1;0;545244
20220923;7200;7203;1;2;545252;"Zub¯Ì";0;1;21;5;1;0;545252
20220923;3100;3101;1;1;545261;"Vr·bËe";0;1;9;1;1;0;545261
20220923;7100;7102;1;1;545279;"Domaöov nad Byst¯icÌ";0;1;7;1;1;0;545279
20220923;3100;3101;1;1;545287;"Vöemyslice";0;1;11;4;1;0;545287
20220923;6200;6203;1;1;545295;"SkaliËka";0;1;7;1;1;0;545295
20220923;6100;6104;1;1;545309;"Koûichovice";0;1;9;1;1;0;545309
20220923;3100;3101;1;1;545317;"Z·bo¯Ì";0;1;7;1;1;0;545317
20220923;6200;6207;1;1;545325;"Velk˝ Karlov";0;1;5;1;1;0;545325
20220923;3100;3101;1;2;545341;"Zliv";0;1;15;3;1;0;545341
20220923;3100;3101;1;1;545368;"éabov¯esky";0;1;9;1;1;0;545368
20220923;3100;3101;1;1;545376;"é·r";0;1;7;1;1;0;545376
20220923;3100;3101;1;1;545384;"éimutice";0;1;15;7;1;0;545384
20220923;3100;3102;1;2;545392;"»esk˝ Krumlov";0;1;23;16;1;0;545392
20220923;3100;3102;1;1;545406;"Beneöov nad »ernou";0;1;11;1;1;0;545406
20220923;3100;3102;1;6;545414;"Besednice";0;1;11;1;1;0;545414
20220923;3100;3102;1;1;545431;"Brloh";0;1;9;1;1;0;545431
20220923;3100;3102;1;1;545449;"Bujanov";0;1;9;1;1;0;545449
20220923;3100;3102;1;1;545457;"»ern· v PoöumavÌ";0;1;9;1;1;0;545457
20220923;3100;3102;1;1;545465;"DolnÌ Dvo¯iötÏ";0;1;9;1;1;0;545465
20220923;3100;3102;1;1;545473;"DolnÌ T¯ebonÌn";0;1;15;2;1;0;545473
20220923;3100;3102;1;6;545481;"Frymburk";0;1;9;1;1;0;545481
20220923;3100;3102;1;1;545490;"Holubov";0;1;9;1;1;0;545490
20220923;3100;3102;1;1;545503;"HornÌ Dvo¯iötÏ";0;1;9;1;1;0;545503
20220923;3100;3102;1;2;545511;"HornÌ Plan·";0;1;15;2;1;0;545511
20220923;3100;3102;1;6;545520;"Ho¯ice na äumavÏ";0;1;9;1;1;0;545520
20220923;4200;4201;1;1;545538;"Star˝ äachov";0;1;7;1;1;0;545538
20220923;3100;3102;1;1;545546;"Chvalöiny";0;1;9;1;1;0;545546
20220923;3100;3102;1;1;545554;"K·jov";0;1;15;2;1;0;545554
20220923;3100;3102;1;2;545562;"Kaplice";0;1;21;9;1;0;545562
20220923;3100;3102;1;6;545571;"K¯emûe";0;1;15;2;1;0;545571
20220923;3100;3102;1;1;545597;"Lipno nad Vltavou";0;1;7;1;1;0;545597
20220923;3100;3102;1;1;545601;"LouËovice";0;1;11;2;1;0;545601
20220923;3100;3102;1;1;545619;"Malonty";0;1;11;1;1;0;545619
20220923;3100;3102;1;1;545627;"Mirkovice";0;1;9;1;1;0;545627
20220923;3100;3102;1;1;545643;"Net¯ebice";0;1;9;1;1;0;545643
20220923;3100;3102;1;1;545660;"Omlenice";0;1;11;1;1;0;545660
20220923;4200;4201;1;1;545678;"Markvartice";0;1;9;1;1;0;545678
20220923;3100;3102;1;1;545694;"Pohorsk· Ves";0;1;9;1;1;0;545694
20220923;4200;4201;1;1;545708;"Lobendava";0;1;7;1;1;0;545708
20220923;3100;3102;1;1;545716;"P¯ednÌ V˝toÚ";0;1;7;1;1;0;545716
20220923;3100;3102;1;6;545724;"P¯ÌdolÌ";0;1;11;1;1;0;545724
20220923;3100;3102;1;1;545732;"P¯ÌseËn·";0;1;7;1;1;0;545732
20220923;3100;3102;1;2;545767;"Roûmberk nad Vltavou";0;1;7;1;1;0;545767
20230325;3100;3102;1;2;545767;"Roûmberk nad Vltavou";0;1;7;1;1;0;545767
20220923;3100;3102;1;1;545775;"Roûmit·l na äumavÏ";0;1;9;1;1;0;545775
20220923;4200;4201;1;1;545783;"Dobrn·";0;1;7;1;1;0;545783
20220923;4200;4201;1;1;545791;"Merboltice";0;1;7;1;1;0;545791
20220923;3100;3102;1;1;545805;"SobÏnov";0;1;7;1;1;0;545805
20220923;3100;3102;1;1;545813;"SvÏtlÌk";0;1;9;1;1;0;545813
20220923;3100;3102;1;2;545821;"VeleöÌn";0;1;15;3;1;0;545821
20220923;3100;3102;1;2;545830;"VÏt¯nÌ";0;1;17;3;1;0;545830
20220923;3100;3102;1;2;545848;"VyööÌ Brod";0;1;15;2;1;0;545848
20220923;4200;4201;1;1;545856;"DolnÌ Habartice";0;1;7;1;1;0;545856
20220923;3100;3102;1;1;545864;"Zlat· Koruna";0;1;15;1;1;0;545864
20220923;3100;3102;1;1;545872;"ZubËice";0;1;7;1;1;0;545872
20220923;3100;3103;1;2;545881;"Jind¯ich˘v Hradec";0;1;27;30;1;0;545881
20220923;4200;4201;1;1;545899;"Frantiökov nad PlouËnicÌ";0;1;7;1;1;0;545899
20220923;3100;3105;1;1;545902;"Borov· Lada";0;1;7;1;1;0;545902
20220923;8100;8106;2;5;545911;"Moravsk· Ostrava a P¯Ìvoz";0;1;35;47;1;0;554821
20220923;4200;4201;1;1;545929;"HornÌ Habartice";0;1;7;1;1;0;545929
20220923;5100;5103;1;1;545937;"Laûany";0;1;7;1;1;0;545937
20220923;5100;5103;1;1;545953;"Pace¯ice";0;1;7;1;1;0;545953
20220923;3200;3203;2;5;545970;"PlzeÚ 1";0;1;27;56;1;0;554791
20220923;3200;3203;2;5;545988;"PlzeÚ 2-Slovany";0;1;27;34;1;0;554791
20220923;5100;5103;1;1;545996;"»ernousy";0;1;9;1;1;0;545996
20220923;3200;3203;2;5;546003;"PlzeÚ 3";0;1;33;63;1;0;554791
20220923;4200;4204;1;1;546011;"JimlÌn";0;1;9;2;1;0;546011
20220923;3100;3103;1;1;546020;"BudeË";0;1;7;1;1;0;546020
20220923;3100;3103;1;1;546038;"BudÌökovice";0;1;11;2;1;0;546038
20220923;8100;8106;2;5;546046;"Slezsk· Ostrava";0;1;35;27;1;0;554821
20220923;3100;3103;1;1;546054;"Cizkrajov";0;1;9;1;1;0;546054
20220923;4200;4202;1;1;546062;"Pesvice";0;1;5;1;1;0;546062
20220923;4200;4202;1;1;546071;"RaËetice";0;1;9;1;1;0;546071
20220923;3100;3103;1;2;546089;"»eskÈ Velenice";0;1;15;3;1;0;546089
20220923;3100;3103;1;1;546097;"»esk˝ Rudolec";0;1;15;2;1;0;546097
20220923;3100;3103;1;1;546101;"»ÌmÏ¯";0;1;13;2;1;0;546101
20220923;3100;3103;1;2;546127;"DaËice";0;1;21;14;1;0;546127
20220923;8100;8106;2;5;546135;"Ostrava-Jih";0;1;45;95;1;0;554821
20220923;3100;3103;1;1;546143;"Deön·";0;1;11;1;1;0;546143
20220923;3100;3103;1;2;546151;"Deötn·";0;1;9;1;1;0;546151
20220923;4200;4202;1;1;546160;"Nezabylice";0;1;9;1;1;0;546160
20220923;4200;4204;1;1;546178;"⁄herce";0;1;7;1;1;0;546178
20260328;4200;4204;1;1;546178;"⁄herce";0;1;7;1;1;0;546178
20220923;4200;4207;1;1;546186;"Ryjice";0;1;7;1;1;0;546186
20220923;6100;6101;1;1;546194;"BaËkov";0;1;7;1;1;0;546194
20220923;3200;3203;2;5;546208;"PlzeÚ 4";0;1;25;25;1;0;554791
20220923;6100;6101;1;1;546216;"Jitkov";0;1;7;1;1;0;546216
20220923;8100;8106;2;5;546224;"Poruba";0;1;45;49;1;0;554821
20220923;5100;5101;1;1;546232;"Kozly";0;1;7;1;1;0;546232
20220923;5100;5101;1;1;546259;"KvÌtkov";0;1;9;1;1;0;546259
20220923;5100;5101;1;1;546267;"TuhaÚ";0;1;9;1;1;0;546267
20220923;5100;5101;1;1;546275;"SluneËn·";0;1;7;1;1;0;546275
20220923;5100;5101;1;1;546283;"Svojkov";0;1;7;1;1;0;546283
20220923;3100;3103;1;1;546291;"HatÌn";0;1;7;2;1;0;546291
20220923;3100;3103;1;1;546305;"He¯maneË";0;1;7;1;1;0;546305
20220923;4200;4201;1;1;546330;"Kunratice";0;1;7;1;1;0;546330
20220923;4200;4201;1;1;546348;"Srbsk· Kamenice";0;1;7;1;1;0;546348
20220923;3100;3103;1;1;546364;"HornÌ PÏna";0;1;9;2;1;0;546364
20240622;3200;3204;1;1;546372;"Bukov·";0;1;7;1;1;0;546372
20220923;3200;3204;1;1;546372;"Bukov·";0;1;7;;1;1;546372
20231209;3200;3204;1;1;546372;"Bukov·";0;1;7;1;1;0;546372
20230107;3200;3204;1;1;546372;"Bukov·";0;1;7;1;2;0;546372
20220923;3100;3103;1;1;546381;"HornÌ RadouÚ";0;1;5;1;1;0;546381
20220923;3200;3204;1;1;546399;"MÌöov";0;1;7;1;1;0;546399
20220923;3100;3103;1;1;546402;"Hosp¯Ìz";0;1;9;1;1;0;546402
20220923;3200;3205;1;1;546411;"⁄herce";0;1;9;1;1;0;546411
20220923;4200;4204;1;1;546429;"Chraberce";0;1;7;1;1;0;546429
20220923;4200;4205;1;1;546437;"VolevËice";0;1;5;1;1;0;546437
20220923;3100;3103;1;1;546445;"H¯Ìöice";0;1;9;1;1;0;546445
20220923;4200;4201;1;1;546453;"K·men";0;1;7;1;1;0;546453
20220923;3100;3103;1;6;546461;"Chlum u T¯ebonÏ";0;1;15;5;1;0;546461
20220923;5200;5205;1;1;546470;"LitÌË";0;1;9;1;1;0;546470
20220923;3200;3206;1;1;546488;"Sir·";0;1;7;1;1;0;546488
20220923;4200;4201;1;1;546496;"LudvÌkovice";0;1;15;1;1;0;546496
20220923;3100;3103;1;1;546500;"Jaroöov nad Neû·rkou";0;1;15;4;1;0;546500
20220923;4200;4202;1;2;546518;"LouËn· pod KlÌnovcem";0;1;9;1;1;0;546518
20220923;3200;3206;1;1;546526;"TÏökov";0;1;7;1;1;0;546526
20220923;3200;3206;1;1;546534;"T˝Ëek";0;1;7;1;1;0;546534
20220923;3100;3103;1;2;546542;"Kardaöova ÿeËice";0;1;15;3;1;0;546542
20220923;3200;3206;1;1;546551;"⁄jezd u SvatÈho K¯Ìûe";0;1;7;1;1;0;546551
20220923;5100;5102;1;1;546577;"PuleËn˝";0;1;7;1;1;0;546577
20220923;5100;5102;1;1;546585;"Ji¯etÌn pod Bukovou";0;1;7;1;1;0;546585
20220923;5100;5103;1;1;546593;"Nov· Ves";0;1;7;1;1;0;546593
20220923;5100;5103;1;1;546607;"DÏt¯ichov";0;1;11;1;1;0;546607
20220923;3100;3103;1;1;546615;"Kunûak";0;1;11;3;1;0;546615
20220923;3100;3103;1;1;546623;"L·senice";0;1;9;1;1;0;546623
20220923;5100;5103;1;1;546631;"BÌl˝ Potok";0;1;9;1;1;0;546631
20220923;5100;5103;1;1;546658;"Jan˘v D˘l";0;1;7;1;1;0;546658
20220923;3100;3103;1;1;546666;"LodhÈ¯ov";0;1;7;2;1;0;546666
20220923;3100;3103;1;2;546674;"Lomnice nad LuûnicÌ";0;1;15;1;1;0;546674
20220923;4200;4203;1;1;546691;"Lk·Ú";0;1;7;1;1;0;546691
20220923;3100;3103;1;1;546712;"Majdalena";0;1;11;1;1;0;546712
20220923;4200;4203;1;1;546721;"Sedlec";0;1;7;1;1;0;546721
20220923;4200;4203;1;1;546755;"Brz·nky";0;1;7;1;1;0;546755
20220923;4200;4203;1;1;546763;"HornÌ ÿepËice";0;1;7;1;1;0;546763
20220923;4200;4203;1;1;546771;"Kam˝k";0;1;7;1;1;0;546771
20220923;4200;4203;1;1;546780;"B˝Ëkovice";0;1;7;1;1;0;546780
20230325;4200;4203;1;1;546780;"B˝Ëkovice";0;1;7;1;1;0;546780
20220923;3100;3103;1;2;546798;"Nov· Byst¯ice";0;1;15;4;1;0;546798
20220923;3100;3103;1;2;546801;"Nov· VËelnice";0;1;11;2;1;0;546801
20220923;4200;4203;1;1;546810;"Chudoslavice";0;1;7;1;1;0;546810
20220923;4200;4203;1;1;546828;"StaÚkovice";0;1;7;1;1;0;546828
20220923;3100;3103;1;1;546844;"Novosedly nad Neû·rkou";0;1;11;3;1;0;546844
20220923;4200;4203;1;1;546852;"»ernÏves";0;1;7;1;1;0;546852
20220923;4200;4204;1;1;546861;"DobromÏ¯ice";0;1;9;1;1;0;546861
20220923;4200;4204;1;1;546879;"LÌöùany";0;1;9;1;1;0;546879
20220923;4200;4204;1;1;546887;"Vröovice";0;1;5;1;1;0;546887
20251206;4200;4204;1;1;546895;"Brodec";0;1;7;;2;1;546895
20250614;4200;4204;1;1;546895;"Brodec";0;1;7;;2;1;546895
20241207;4200;4204;1;1;546895;"Brodec";0;1;7;;2;1;546895
20240622;4200;4204;1;1;546895;"Brodec";0;1;7;;2;1;546895
20231209;4200;4204;1;1;546895;"Brodec";0;1;7;;2;1;546895
20230617;4200;4204;1;1;546895;"Brodec";0;1;7;;2;1;546895
20230107;4200;4204;1;1;546895;"Brodec";0;1;7;;2;1;546895
20260328;4200;4204;1;1;546895;"Brodec";0;1;7;;2;1;546895
20220923;4200;4204;1;1;546895;"Brodec";0;1;7;;1;1;546895
20220923;4200;4206;1;1;546909;"Lukov";0;1;7;1;1;0;546909
20220923;3100;3103;1;1;546917;"PÌseËnÈ";0;1;11;1;1;0;546917
20220923;4200;4207;1;1;546925;"Stebno";0;1;5;1;1;0;546925
20220923;6100;6104;1;1;546933;"Ok¯eöice";0;1;7;1;1;0;546933
20220923;6200;6207;1;1;546941;"Doböice";0;1;15;2;1;0;546941
20220923;8100;8101;1;1;546950;"Nov· Pl·Ú";0;1;7;1;1;0;546950
20220923;3100;3103;1;1;546968;"Pluh˘v éÔ·r";0;1;11;3;1;0;546968
20220923;7100;7102;1;1;546976;"HraniËnÈ Petrovice";0;1;7;1;1;0;546976
20220923;8100;8104;1;1;546984;"BÌlov";0;1;7;1;1;0;546984
20220923;3100;3103;1;1;546992;"PopelÌn";0;1;9;2;1;0;546992
20220923;8100;8104;1;1;547000;"éivotice u NovÈho JiËÌna";0;1;9;1;1;0;547000
20220923;7100;7102;1;1;547018;"St¯eÚ";0;1;7;1;1;0;547018
20220923;7100;7102;1;1;547026;"Bystrovany";0;1;9;1;1;0;547026
20220923;1100;1100;2;5;547034;"Praha 11";0;1;35;62;1;0;554782
20220923;1100;1100;2;5;547042;"Praha-Kunratice";0;1;11;6;1;0;554782
20220923;1100;1100;2;5;547051;"Praha-Libuö";0;1;17;6;1;0;554782
20220923;3100;3103;1;1;547069;"Rapöach";0;1;7;1;1;0;547069
20220923;7100;7102;1;1;547077;"Samotiöky";0;1;9;1;1;0;547077
20220923;3100;3103;1;1;547085;"RodvÌnov";0;1;7;2;1;0;547085
20220923;7100;7102;1;1;547093;"Mutkov";0;1;7;1;1;0;547093
20220923;1100;1100;2;5;547107;"Praha 12";0;1;35;50;1;0;554782
20220923;1100;1100;2;5;547115;"Praha-Velk· Chuchle";0;1;11;3;1;0;554782
20220923;7100;7102;1;1;547123;"Kom·rov";0;1;7;1;1;0;547123
20220923;8100;8105;1;1;547131;"SvatoÚovice";0;1;7;1;1;0;547131
20220923;1100;1100;2;5;547140;"Praha-Lysolaje";0;1;9;1;1;0;554782
20220923;1100;1100;2;5;547158;"Praha-Nebuöice";0;1;11;2;1;0;554782
20220923;3100;3103;1;2;547166;"Slavonice";0;1;15;3;1;0;547166
20220923;1100;1100;2;5;547174;"Praha 17";0;1;23;18;1;0;554782
20220923;8100;8105;1;1;547182;"Kozmice";0;1;15;2;1;0;547182
20220923;8100;8105;1;1;547191;"Jezdkovice";0;1;7;1;1;0;547191
20220923;3100;3103;1;1;547204;"StarÈ HobzÌ";0;1;15;1;1;0;547204
20220923;3100;3103;1;6;547212;"StarÈ MÏsto pod Landötejnem";0;1;9;1;1;0;547212
20220923;3100;3103;1;2;547221;"Str·û nad Neû·rkou";0;1;15;2;1;0;547221
20220923;3100;3103;1;2;547239;"Strmilov";0;1;15;2;1;0;547239
20220923;3100;3103;1;1;547247;"St¯Ìb¯ec";0;1;9;3;1;0;547247
20220923;6100;6102;1;1;547255;"äv·bov";0;1;7;1;1;0;547255
20220923;3100;3103;1;1;547263;"Studen·";0;1;13;10;1;0;547263
20220923;1100;1100;2;5;547271;"Praha-Suchdol";0;1;15;5;1;0;554782
20220923;3100;3103;1;2;547280;"Suchdol nad LuûnicÌ";0;1;17;7;1;0;547280
20220923;1100;1100;2;5;547298;"Praha-œ·blice";0;1;15;2;1;0;554782
20220923;1100;1100;2;5;547301;"Praha-DolnÌ Chabry";0;1;15;4;1;0;554782
20220923;1100;1100;2;5;547310;"Praha-»akovice";0;1;21;8;1;0;554782
20220923;1100;1100;2;5;547328;"Praha-Troja";0;1;9;1;1;0;554782
20220923;3100;3103;1;2;547336;"T¯eboÚ";0;1;25;12;1;0;547336
20220923;1100;1100;2;5;547344;"Praha 19";0;1;15;6;1;0;554782
20220923;1100;1100;2;5;547361;"Praha 14";0;1;31;32;1;0;554782
20220923;1100;1100;2;5;547379;"Praha-DolnÌ MÏcholupy";0;1;15;2;1;0;554782
20220923;1100;1100;2;5;547387;"Praha 15";0;1;31;23;1;0;554782
20220923;1100;1100;2;5;547395;"Praha-Petrovice";0;1;15;4;1;0;554782
20220923;1100;1100;2;5;547409;"Praha-ätÏrboholy";0;1;9;1;1;0;554782
20220923;1100;1100;2;5;547417;"Praha 18";0;1;23;12;1;0;554782
20220923;7100;7104;1;1;547433;"Vlkoö";0;1;9;1;1;0;547433
20220923;3100;3103;1;1;547441;"VolfÌ¯ov";0;1;11;4;1;0;547441
20220923;7100;7104;1;1;547450;"V˝kleky";0;1;5;1;1;0;547450
20220923;3100;3103;1;1;547468;"Zahr·dky";0;1;7;1;1;0;547468
20220923;5100;5104;1;1;547476;"Paseky nad Jizerou";0;1;9;1;1;0;547476
20220923;5100;5104;1;1;547484;"Ktov·";0;1;7;1;1;0;547484
20220923;6100;6103;1;2;547492;"Pelh¯imov";0;1;21;24;1;0;547492
20220923;7100;7104;1;1;547514;"Z·beötnÌ Lhota";0;1;5;1;1;0;547514
20220923;5200;5203;1;1;547531;"Ho¯enice";0;1;6;1;1;0;547531
20220923;6100;6103;1;1;547549;"BohdalÌn";0;1;7;1;1;0;547549
20220923;5200;5203;1;1;547565;"Vestec";0;1;9;1;1;0;547565
20220923;6100;6103;1;6;547581;"Boûejov";0;1;11;1;1;0;547581
20220923;6100;6103;1;1;547603;"Brat¯ice";0;1;9;1;1;0;547603
20220923;6100;6103;1;1;547638;"BudÌkov";0;1;7;1;1;0;547638
20220923;5200;5203;1;6;547646;"VelkÈ Po¯ÌËÌ";0;1;15;2;1;0;547646
20220923;5200;5203;1;1;547654;"äestajovice";0;1;9;1;1;0;547654
20220923;6100;6103;1;1;547662;"Cetoraz";0;1;7;1;1;0;547662
20220923;6100;6103;1;1;547689;"»·slavsko";0;1;7;1;1;0;547689
20220923;5200;5203;1;1;547701;"LibchynÏ";0;1;5;1;1;0;547701
20220923;6100;6103;1;1;547719;"»astrov";0;1;11;3;1;0;547719
20220923;5200;5203;1;1;547727;"Sendraû";0;1;7;1;1;0;547727
20220923;6100;6103;1;1;547735;"»ejov";0;1;9;1;1;0;547735
20220923;5200;5203;1;1;547743;"VernÈ¯ovice";0;1;7;1;1;0;547743
20220923;5200;5203;1;1;547751;"Bukovice";0;1;9;1;1;0;547751
20220923;6100;6103;1;2;547760;"»ernovice";0;1;9;3;1;0;547760
20220923;6100;6103;1;2;547778;"»erven· ÿeËice";0;1;15;1;1;0;547778
20220923;5200;5203;1;1;547786;"Adröpach";0;1;9;1;1;0;547786
20220923;5300;5301;1;1;547794;"HodonÌn";0;1;7;1;1;0;547794
20220923;5300;5301;1;1;547808;"Rozhovice";0;1;7;1;1;0;547808
20220923;5300;5301;1;1;547816;"JenÌkov";0;1;9;1;1;0;547816
20220923;5300;5301;1;1;547824;"K¯iûanovice";0;1;7;1;1;0;547824
20220923;5300;5301;1;1;547832;"Licibo¯ice";0;1;7;1;1;0;547832
20220923;5300;5301;1;1;547841;"Vyûice";0;1;7;1;1;0;547841
20220923;5300;5301;1;1;547859;"Z·jezdec";0;1;7;1;1;0;547859
20220923;5300;5301;1;1;547867;"Bor u SkutËe";0;1;7;1;1;0;547867
20220923;5300;5301;1;1;547875;"Lipovec";0;1;7;1;1;0;547875
20220923;6100;6103;1;1;547883;"Hojanovice";0;1;7;1;1;0;547883
20230325;6100;6103;1;1;547883;"Hojanovice";0;1;7;1;1;0;547883
20220923;5300;5301;1;1;547891;"Stolany";0;1;7;1;1;0;547891
20220923;5300;5304;1;1;547905;"RybnÌk";0;1;9;1;1;0;547905
20220923;6100;6103;1;2;547913;"HornÌ Cerekev";0;1;15;4;1;0;547913
20220923;5300;5304;1;1;547921;"TrpÌk";0;1;7;1;1;0;547921
20220923;6100;6103;1;1;547930;"HornÌ Ves";0;1;7;1;1;0;547930
20220923;6100;6103;1;1;547948;"Ho¯epnÌk";0;1;13;1;1;0;547948
20220923;6100;6103;1;1;547956;"Ho¯ice";0;1;7;1;1;0;547956
20220923;5300;5304;1;1;547964;"Sobkovice";0;1;5;1;1;0;547964
20220923;5300;5304;1;1;547972;"Hr·dek";0;1;5;1;1;0;547972
20220923;5300;5304;1;1;547981;"Albrechtice";0;1;7;1;1;0;547981
20220923;6100;6103;1;2;547999;"Humpolec";0;1;21;15;1;0;547999
20220923;5300;5304;1;1;548006;"BoöÌn";0;1;7;1;1;0;548006
20220923;5300;5304;1;1;548014;"Dlouh· T¯ebov·";0;1;15;1;1;0;548014
20220923;5300;5304;1;1;548022;"VraËovice-Orlov";0;1;5;1;1;0;548022
20260328;5300;5304;1;1;548022;"VraËovice-Orlov";0;1;5;1;1;0;548022
20220923;5300;5304;1;1;548031;"DlouhoÚovice";0;1;7;1;1;0;548031
20220923;5300;5304;1;1;548049;"HelvÌkovice";0;1;7;1;1;0;548049
20220923;5200;5201;1;1;548057;"Vrchovnice";0;1;7;1;1;0;548057
20220923;5200;5201;1;1;548065;"ObÏdovice";0;1;7;1;1;0;548065
20220923;6100;6103;1;1;548073;"Jeûov";0;1;7;1;1;0;548073
20220923;6100;6103;1;1;548081;"Ji¯ice";0;1;9;1;1;0;548081
20220923;6100;6103;1;1;548090;"KaliötÏ";0;1;9;1;1;0;548090
20220923;6100;6103;1;1;548103;"K·men";0;1;7;1;1;0;548103
20220923;6100;6103;1;2;548111;"Kamenice nad Lipou";0;1;15;5;1;0;548111
20220923;6100;6103;1;1;548120;"Kejûlice";0;1;7;1;1;0;548120
20220923;6100;6103;1;1;548146;"Koberovice";0;1;7;1;1;0;548146
20220923;5200;5201;1;1;548154;"SvÏtÌ";0;1;7;1;1;0;548154
20220923;6100;6103;1;1;548162;"Komorovice";0;1;7;1;1;0;548162
20220923;6100;6103;1;1;548171;"Koöetice";0;1;9;1;1;0;548171
20220923;6100;6101;1;1;548189;"Kouty";0;1;7;1;1;0;548189
20220923;6100;6101;1;1;548197;"NejepÌn";0;1;5;1;1;0;548197
20220923;6100;6103;1;1;548201;"K¯eË";0;1;9;1;1;0;548201
20220923;6100;6103;1;1;548219;"K¯elovice";0;1;7;1;1;0;548219
20220923;6100;6103;1;1;548227;"K¯eöÌn";0;1;7;1;1;0;548227
20220923;6100;6103;1;1;548235;"Leskovice";0;1;7;1;1;0;548235
20220923;6100;6101;1;1;548243;"HornÌ Paseka";0;1;7;1;1;0;548243
20220923;6100;6101;1;1;548251;"Podmoky";0;1;7;1;1;0;548251
20220923;6100;6101;1;1;548260;"Bartouöov";0;1;7;1;1;0;548260
20220923;6100;6101;1;1;548278;"B¯evnice";0;1;7;1;1;0;548278
20220923;6100;6101;1;1;548286;"Knyk";0;1;7;1;1;0;548286
20220923;6100;6101;1;1;548308;"Kyjov";0;1;7;1;1;0;548308
20220923;6100;6101;1;1;548316;"Michalovice";0;1;7;1;1;0;548316
20220923;6100;6101;1;1;548324;"Skorkov";0;1;7;1;1;0;548324
20220923;6100;6103;1;6;548332;"Lukavec";0;1;15;1;1;0;548332
20220923;6100;6101;1;1;548341;"SlavnÌË";0;1;5;1;1;0;548341
20220923;6100;6101;1;1;548359;"Ostrov";0;1;9;1;1;0;548359
20220923;6100;6103;1;1;548367;"MezilesÌ";0;1;7;1;1;0;548367
20220923;6100;6101;1;1;548375;"»eËkovice";0;1;5;1;1;0;548375
20220923;6100;6103;1;1;548383;"MladÈ B¯ÌötÏ";0;1;7;2;1;0;548383
20220923;6100;6103;1;1;548391;"Mnich";0;1;7;3;1;0;548391
20220923;6100;6103;1;1;548405;"MoraveË";0;1;7;1;1;0;548405
20220923;6100;6101;1;1;548413;"Jilem";0;1;7;1;1;0;548413
20220923;6100;6101;1;1;548421;"SedletÌn";0;1;7;1;1;0;548421
20220923;6100;6101;1;1;548430;"BezdÏkov";0;1;7;1;1;0;548430
20220923;6100;6101;1;1;548448;"DolnÌ Sokolovec";0;1;7;1;1;0;548448
20220923;6100;6103;1;6;548456;"Nov· Cerekev";0;1;15;6;1;0;548456
20220923;6100;6103;1;6;548464;"Nov˝ Rychnov";0;1;9;4;1;0;548464
20220923;6100;6103;1;1;548472;"ObrataÚ";0;1;11;1;1;0;548472
20220923;6100;6101;1;1;548481;"L·ny";0;1;7;1;1;0;548481
20220923;6100;6101;1;1;548499;"Sloupno";0;1;7;1;1;0;548499
20220923;6100;6103;1;1;548502;"Onöov";0;1;9;1;1;0;548502
20220923;6100;6103;1;2;548511;"Pacov";0;1;15;8;1;0;548511
20220923;6100;6101;1;1;548529;"Koch·nov";0;1;7;1;1;0;548529
20220923;6100;6101;1;1;548537;"⁄ho¯ilka";0;1;7;1;1;0;548537
20220923;6100;6103;1;1;548545;"PÌöù";0;1;7;1;1;0;548545
20220923;6100;6101;1;1;548553;"SlavÏtÌn";0;1;5;1;1;0;548553
20220923;6100;6103;1;2;548561;"PoË·tky";0;1;15;2;1;0;548561
20220923;6100;6101;1;1;548570;"Kunemil";0;1;7;1;1;0;548570
20220923;6100;6101;1;1;548588;"OkrouhliËka";0;1;7;1;1;0;548588
20220923;6100;6101;1;1;548596;"He¯manice";0;1;6;1;1;0;548596
20220923;6100;6103;1;1;548600;"Poön·";0;1;7;1;1;0;548600
20220923;6100;6101;1;1;548618;"Kraborovice";0;1;7;1;1;0;548618
20220923;6100;6101;1;1;548626;"ZvÏstovice";0;1;7;1;1;0;548626
20220923;6100;6101;1;1;548634;"Podmoklany";0;1;7;1;1;0;548634
20220923;5200;5204;1;1;548642;"H¯ibiny-Ledsk·";0;1;9;1;1;0;548642
20220923;5200;5204;1;1;548651;"Libel";0;1;7;1;1;0;548651
20220923;5200;5204;1;1;548669;"Rohenice";0;1;7;1;1;0;548669
20220923;5200;5201;1;1;548677;"Vysok˝ ⁄jezd";0;1;5;1;1;0;548677
20220923;5200;5204;1;1;548685;"Krchleby";0;1;7;1;1;0;548685
20220923;5200;5204;1;1;548693;"SvÌdnice";0;1;7;1;1;0;548693
20220923;5200;5204;1;1;548707;"Vrbice";0;1;7;1;1;0;548707
20220923;6100;6103;1;1;548715;"ÿeËice";0;1;7;1;1;0;548715
20220923;5200;5204;1;1;548723;"Polom";0;1;7;1;1;0;548723
20220923;6100;6103;1;1;548731;"SalaËova Lhota";0;1;7;1;1;0;548731
20220923;6100;6103;1;1;548740;"SamöÌn";0;1;9;2;1;0;548740
20220923;5200;5204;1;1;548758;"Proruby";0;1;7;1;1;0;548758
20220923;6100;6103;1;1;548766;"Sedlice";0;1;7;1;1;0;548766
20220923;6100;6103;1;1;548774;"Senoûaty";0;1;7;1;1;0;548774
20220923;5200;5204;1;1;548782;"Jahodov";0;1;7;1;1;0;548782
20220923;5200;5204;1;1;548791;"ChlÌstov";0;1;7;1;1;0;548791
20220923;5200;5205;1;1;548804;"Lampertice";0;1;9;1;1;0;548804
20220923;5200;5205;1;1;548812;"Stanovice";0;1;7;1;1;0;548812
20221115;5200;5205;1;1;548812;"Stanovice";0;1;7;1;1;0;548812
20220923;5200;5205;1;1;548821;"BorovniËka";0;1;7;1;1;0;548821
20220923;5200;5205;1;1;548839;"Z·b¯ezÌ-ÿeËice";0;1;7;1;1;0;548839
20220923;5200;5205;1;1;548847;"ZdobÌn";0;1;7;1;1;0;548847
20220923;5200;5202;1;1;548855;"B¯Ìöùany";0;1;7;1;1;0;548855
20220923;5200;5202;1;1;548863;"Milovice u Ho¯ic";0;1;7;1;1;0;548863
20220923;5200;5202;1;1;548871;"PetroviËky";0;1;7;1;1;0;548871
20220923;5200;5202;1;1;548880;"Sukorady";0;1;7;1;1;0;548880
20220923;5200;5202;1;1;548898;"RokytÚany";0;1;7;1;1;0;548898
20220923;5200;5202;1;1;548901;"BÌlsko u Ho¯ic";0;1;7;1;1;0;548901
20220923;5200;5202;1;1;548910;"OhaveË";0;1;7;1;1;0;548910
20220923;5200;5202;1;1;548928;"Kostelec";0;1;7;1;1;0;548928
20220923;6100;6103;1;1;548936;"TÏmice";0;1;7;1;1;0;548936
20220923;5200;5202;1;1;548944;"KovaË";0;1;7;1;1;0;548944
20220923;5200;5202;1;1;548952;"BudËeves";0;1;5;1;1;0;548952
20220923;5200;5202;1;1;548961;"SedliötÏ";0;1;7;1;1;0;548961
20220923;5200;5202;1;1;548979;"Borek";0;1;7;1;1;0;548979
20220923;6100;6103;1;1;548987;"⁄tÏchovice";0;1;7;1;1;0;548987
20220923;5200;5202;1;1;548995;"»erven· T¯emeön·";0;1;7;1;1;0;548995
20220923;6100;6103;1;1;549002;"VËelniËka";0;1;9;1;1;0;549002
20220923;6100;6103;1;1;549011;"Velk· Chyöka";0;1;9;1;1;0;549011
20220923;5200;5202;1;1;549029;"V¯esnÌk";0;1;7;1;1;0;549029
20220923;5200;5202;1;1;549037;"ChoteË";0;1;7;1;1;0;549037
20220923;6100;6103;1;1;549045;"Velk˝ RybnÌk";0;1;5;1;1;0;549045
20220923;6100;6103;1;1;549053;"Vesel·";0;1;9;1;1;0;549053
20220923;6100;6103;1;1;549061;"VÏûn·";0;1;7;1;1;0;549061
20220923;5200;5202;1;1;549070;"B¯ezina";0;1;7;1;1;0;549070
20220923;5200;5202;1;1;549088;"DolnÌ Lochov";0;1;5;1;1;0;549088
20220923;5200;5202;1;1;549096;"StarÈ MÌsto";0;1;7;1;1;0;549096
20220923;5200;5202;1;1;549100;"Brada-RybnÌËek";0;1;7;1;1;0;549100
20220923;5200;5202;1;1;549118;"DÌlce";0;1;7;1;1;0;549118
20220923;6100;6103;1;1;549126;"Vojslavice";0;1;5;1;1;0;549126
20220923;6100;6103;1;1;549134;"Vyklantice";0;1;7;1;1;0;549134
20220923;6100;6103;1;1;549142;"Vyskytn·";0;1;9;3;1;0;549142
20220923;5200;5202;1;1;549151;"Jinolice";0;1;7;1;1;0;549151
20220923;5200;5202;1;1;549169;"Kbelnice";0;1;7;1;1;0;549169
20220923;6100;6103;1;1;549177;"ZachotÌn";0;1;7;1;1;0;549177
20220923;5200;5202;1;1;549185;"Oha¯ice";0;1;5;;1;1;549185
20230107;5200;5202;1;1;549185;"Oha¯ice";0;1;5;1;2;0;549185
20220923;5200;5202;1;1;549193;"Z·mostÌ-Blata";0;1;7;1;1;0;549193
20220923;5200;5202;1;1;549207;"Nevratice";0;1;5;1;1;0;549207
20220923;6100;6103;1;1;549215;"éeliv";0;1;9;1;1;0;549215
20220923;5200;5202;1;1;549223;"Chyjice";0;1;5;1;1;0;549223
20220923;6100;6103;1;2;549231;"éirovnice";0;1;15;5;1;0;549231
20220923;3100;3104;1;2;549240;"PÌsek";0;1;27;29;1;0;549240
20220923;3100;3104;1;1;549258;"Albrechtice nad Vltavou";0;1;15;4;1;0;549258
20220923;3100;3104;1;6;549266;"Bernartice";0;1;15;3;1;0;549266
20220923;5200;5202;1;1;549274;"RaöÌn";0;1;5;1;1;0;549274
20220923;5200;5202;1;1;549282;"Butoves";0;1;7;1;1;0;549282
20220923;3100;3104;1;1;549291;"Boûetice";0;1;7;1;1;0;549291
20220923;3100;3104;1;1;549304;"Branice";0;1;7;1;1;0;549304
20220923;5200;5202;1;1;549312;"Kac·kova Lhota";0;1;7;1;1;0;549312
20220923;3100;3104;1;1;549321;"Cerhonice";0;1;7;1;1;0;549321
20220923;3100;3104;1;1;549339;"»imelice";0;1;11;2;1;0;549339
20220923;3100;3104;1;1;549347;"»Ìûov·";0;1;15;1;1;0;549347
20220923;5200;5202;1;1;549355;"Cholenice";0;1;7;1;1;0;549355
20220923;3100;3104;1;1;549363;"Dobev";0;1;11;4;1;0;549363
20220923;3100;3101;1;1;549371;"DraûÌË";0;1;7;1;1;0;549371
20220923;3100;3104;1;1;549380;"Drhovle";0;1;9;4;1;0;549380
20220923;3100;3104;1;1;549398;"He¯maÚ";0;1;7;1;1;0;549398
20250315;3100;3104;1;1;549398;"He¯maÚ";0;1;7;1;1;0;549398
20220923;7200;7204;1;6;549401;"Pozlovice";0;1;15;1;1;0;549401
20220923;3100;3104;1;1;549410;"Hrazany";0;1;7;1;1;0;549410
20220923;3100;3104;1;1;549428;"Hrejkovice";0;1;9;2;1;0;549428
20220923;7200;7204;1;1;549436;"Kom·rov";0;1;7;1;1;0;549436
20220923;7200;7204;1;1;549444;"Old¯ichovice";0;1;7;1;1;0;549444
20220923;3100;3104;1;1;549452;"Chyöky";0;1;15;2;1;0;549452
20220923;7200;7204;1;1;549461;"Poho¯elice";0;1;15;1;1;0;549461
20220923;3100;3104;1;1;549479;"JetÏtice";0;1;9;1;1;0;549479
20220923;3100;3104;1;1;549487;"Kest¯any";0;1;11;2;1;0;549487
20220923;3100;3104;1;1;549495;"Kluky";0;1;7;1;1;0;549495
20220923;3100;3104;1;1;549509;"Kostelec nad Vltavou";0;1;9;3;1;0;549509
20220923;3100;3104;1;1;549517;"Kov·¯ov";0;1;15;3;1;0;549517
20220923;3100;3104;1;1;549525;"Kr·lova Lhota";0;1;7;1;1;0;549525
20220923;7200;7204;1;1;549533;"PoteË";0;1;15;1;1;0;549533
20220923;3100;3104;1;1;549541;"KuËe¯";0;1;9;1;1;0;549541
20220923;7200;7204;1;1;549550;"Lhotsko";0;1;5;1;1;0;549550
20220923;3100;3104;1;1;549568;"Lety";0;1;7;1;1;0;549568
20220923;3100;3104;1;2;549576;"Milevsko";0;1;21;9;1;0;549576
20220923;3100;3104;1;2;549584;"Mirotice";0;1;15;3;1;0;549584
20220923;3100;3104;1;2;549592;"Mirovice";0;1;15;2;1;0;549592
20220923;3100;3104;1;1;549606;"Miöovice";0;1;7;1;1;0;549606
20220923;3100;3104;1;1;549614;"MyslÌn";0;1;5;1;1;0;549614
20220923;7200;7204;1;1;549622;"LÌpa";0;1;9;1;1;0;549622
20220923;3100;3107;1;1;549631;"NadÏjkov";0;1;15;1;1;0;549631
20220923;7200;7204;1;1;549649;"TeËovice";0;1;15;1;1;0;549649
20230107;3100;3104;1;1;549657;"NevÏzice";0;1;7;1;2;0;549657
20220923;3100;3104;1;1;549657;"NevÏzice";0;1;7;;1;1;549657
20220923;8100;8102;1;1;549665;"Raökovice";0;1;7;2;1;0;549665
20220923;8100;8102;1;1;549673;"Kr·sn·";0;1;7;1;1;0;549673
20220923;3100;3104;1;1;549681;"OrlÌk nad Vltavou";0;1;7;1;1;0;549681
20220923;7200;7201;1;1;549690;"Bo¯enovice";0;1;9;1;1;0;549690
20220923;3100;3104;1;1;549703;"Oslov";0;1;9;2;1;0;549703
20220923;3100;3104;1;1;549711;"Ostrovec";0;1;7;1;1;0;549711
20220923;7200;7201;1;1;549720;"P¯Ìlepy";0;1;7;1;1;0;549720
20220923;6200;6203;1;1;549738;"PonÏtovice";0;1;7;1;1;0;549738
20220923;6200;6203;1;1;549746;"P¯edkl·öte¯Ì";0;1;15;1;1;0;549746
20220923;3100;3104;1;1;549754;"PodolÌ I";0;1;9;1;1;0;549754
20220923;3100;3104;1;2;549771;"ProtivÌn";0;1;21;11;1;0;549771
20220923;6200;6203;1;1;549789;"ÿÌËky";0;1;7;1;1;0;549789
20220923;3100;3104;1;1;549797;"P¯eötÏnice";0;1;7;1;1;0;549797
20220923;3100;3104;1;1;549801;"Putim";0;1;9;1;1;0;549801
20220923;3100;3104;1;1;549827;"Raûice";0;1;9;1;1;0;549827
20220923;6100;6105;1;1;549835;"MilasÌn";0;1;5;1;1;0;549835
20220923;3100;3104;1;6;549843;"Sepekov";0;1;15;2;1;0;549843
20220923;3100;3104;1;1;549851;"Sk·ly";0;1;9;1;1;0;549851
20220923;3100;3104;1;1;549860;"SlabËice";0;1;9;1;1;0;549860
20220923;3100;3104;1;1;549878;"Smetanova Lhota";0;1;7;1;1;0;549878
20220923;6100;6105;1;1;549886;"St¯Ìteû";0;1;5;1;1;0;549886
20220923;6200;6203;1;1;549894;"Skryje";0;1;7;1;1;0;549894
20220923;6200;6203;1;1;549908;"⁄jezd u Tiönova";0;1;7;1;1;0;549908
20220923;6100;6105;1;1;549916;"Pik·rec";0;1;9;1;1;0;549916
20220923;6100;6105;1;1;549924;"Radkov";0;1;7;1;1;0;549924
20220923;3100;3104;1;1;549932;"T·lÌn";0;1;7;1;1;0;549932
20220923;6100;6105;1;1;549941;"RosiËka";0;1;5;1;1;0;549941
20220923;6100;6105;1;1;549959;"UbuöÌnek";0;1;7;1;1;0;549959
20220923;7100;7103;1;1;549967;"HaËky";0;1;7;1;1;0;549967
20220923;3100;3104;1;1;549975;"VeselÌËko";0;1;7;1;1;0;549975
20220923;7100;7103;1;1;549983;"PolomÌ";0;1;7;1;1;0;549983
20220923;3100;3104;1;1;549991;"Vr·û";0;1;7;1;1;0;549991
20220923;3100;3104;1;1;550001;"Vrcovice";0;1;5;1;1;0;550001
20220923;6200;6207;1;1;550019;"Vracovice";0;1;7;1;1;0;550019
20220923;3100;3104;1;1;550027;"Z·ho¯Ì";0;1;9;1;1;0;550027
20220923;3100;3104;1;1;550035;"ZbelÌtov";0;1;7;1;1;0;550035
20220923;3100;3104;1;1;550043;"ZbÏöiËky";0;1;7;1;1;0;550043
20220923;6200;6207;1;1;550051;"Plenkovice";0;1;7;1;1;0;550051
20220923;3100;3104;1;1;550060;"Zho¯";0;1;7;1;1;0;550060
20220923;6200;6207;1;1;550078;"P¯eskaËe";0;1;7;1;1;0;550078
20220923;6200;6207;1;1;550086;"K¯Ìdl˘vky";0;1;5;1;1;0;550086
20220923;3100;3105;1;2;550094;"Prachatice";0;1;21;9;1;0;550094
20220923;6200;6206;1;1;550108;"Kozlany";0;1;7;1;1;0;550108
20220923;3100;3105;1;1;550116;"Bohumilice";0;1;7;1;1;0;550116
20220923;3100;3105;1;1;550124;"Boöice";0;1;7;1;1;0;550124
20220923;6200;6206;1;1;550132;"Olöany";0;1;9;1;1;0;550132
20220923;6200;6206;1;1;550141;"Medlovice";0;1;7;1;1;0;550141
20220923;3100;3105;1;1;550159;"Buöanovice";0;1;9;1;1;0;550159
20220923;3100;3105;1;1;550167;"»kynÏ";0;1;15;4;1;0;550167
20220923;6200;6206;1;1;550175;"PodomÌ";0;1;9;1;1;0;550175
20220923;3100;3105;1;6;550183;"Dub";0;1;9;1;1;0;550183
20220923;6200;6206;1;1;550191;"Uh¯ice";0;1;7;1;1;0;550191
20220923;3100;3105;1;1;550205;"HornÌ Vltavice";0;1;9;1;1;0;550205
20220923;6200;6206;1;1;550213;"Heröpice";0;1;7;1;1;0;550213
20220923;3100;3105;1;1;550221;"Hracholusky";0;1;9;1;1;0;550221
20220923;3100;3105;1;2;550230;"Husinec";0;1;15;1;1;0;550230
20220923;3100;3105;1;1;550248;"Chlumany";0;1;7;1;1;0;550248
20220923;6200;6204;1;1;550256;"Kaönice";0;1;5;1;1;0;550256
20220923;3100;3105;1;1;550264;"Chroboly";0;1;9;1;1;0;550264
20220923;6200;6203;1;1;550272;"CvrËovice";0;1;9;1;1;0;550272
20220923;6100;6102;1;1;550281;"Hybr·lec";0;1;7;1;1;0;550281
20220923;6100;6102;1;1;550299;"SmrËn·";0;1;7;1;1;0;550299
20220923;6100;6104;1;1;550302;"Kuroslepy";0;1;7;1;1;0;550302
20220923;6100;6104;1;1;550311;"T¯esov";0;1;5;1;1;0;550311
20220923;3100;3105;1;1;550329;"Ktiö";0;1;7;1;1;0;550329
20220923;3100;3105;1;1;550337;"Kvilda";0;1;7;1;1;0;550337
20220923;3100;3105;1;1;550345;"LaûiötÏ";0;1;9;1;1;0;550345
20220923;3100;3105;1;1;550353;"Lenora";0;1;7;1;1;0;550353
20220923;3100;3105;1;6;550361;"Lhenice";0;1;11;2;1;0;550361
20220923;6100;6104;1;1;550370;"Pokojovice";0;1;7;1;1;0;550370
20220923;6100;6104;1;1;550388;"MartÌnkov";0;1;7;1;1;0;550388
20220923;3100;3105;1;1;550396;"NÏmËice";0;1;7;1;1;0;550396
20220923;6100;6104;1;1;550400;"Bohuöice";0;1;7;1;1;0;550400
20220923;3100;3105;1;1;550418;"Malovice";0;1;11;4;1;0;550418
20220923;3100;3105;1;1;550426;"MiËovice";0;1;9;1;1;0;550426
20220923;3100;3105;1;1;550434;"Nebahovy";0;1;9;1;1;0;550434
20220923;3100;3105;1;2;550442;"Netolice";0;1;15;4;1;0;550442
20220923;3100;3105;1;1;550451;"Nov· Pec";0;1;9;1;1;0;550451
20220923;6100;6104;1;1;550469;"P·lovice";0;1;5;1;1;0;550469
20220923;6100;6104;1;1;550477;"ChotÏbudice";0;1;5;1;1;0;550477
20220923;3100;3105;1;1;550485;"Radhostice";0;1;7;1;1;0;550485
20220923;6100;6104;1;1;550493;"Radkovice u BudËe";0;1;7;1;1;0;550493
20220923;6100;6104;1;1;550507;"Litoho¯";0;1;9;1;1;0;550507
20220923;3100;3105;1;1;550515;"Stachy";0;1;15;4;1;0;550515
20220923;3100;3105;1;1;550523;"Stoûec";0;1;7;1;1;0;550523
20240622;3100;3105;1;1;550523;"Stoûec";0;1;7;1;1;0;550523
20220923;3100;3105;1;6;550531;"Str·ûn˝";0;1;7;1;1;0;550531
20220923;3100;3105;1;6;550540;"Strunkovice nad BlanicÌ";0;1;11;4;1;0;550540
20220923;3100;3105;1;1;550558;"Svat· Ma¯Ì";0;1;9;1;1;0;550558
20220923;6100;6104;1;1;550566;"Lukov";0;1;7;1;1;0;550566
20220923;3100;3105;1;1;550574;"äumavskÈ Hoötice";0;1;7;1;1;0;550574
20220923;3100;3105;1;1;550582;"TÏöovice";0;1;9;2;1;0;550582
20220923;6100;6104;1;1;550591;"Jiratice";0;1;7;1;1;0;550591
20220923;3100;3105;1;1;550604;"Tvrzice";0;1;7;1;1;0;550604
20220923;6100;6104;1;1;550612;"HornÌ SmrËnÈ";0;1;6;1;1;0;550612
20220923;3100;3105;1;1;550621;"Vacov";0;1;15;6;1;0;550621
20220923;6100;6104;1;1;550639;"HroznatÌn";0;1;7;1;1;0;550639
20220923;3100;3105;1;2;550647;"Vimperk";0;1;17;7;1;0;550647
20220923;3100;3105;1;1;550655;"VitÏjovice";0;1;9;1;1;0;550655
20220923;3100;3105;1;2;550663;"Vlachovo B¯ezÌ";0;1;15;1;1;0;550663
20220923;3100;3105;1;2;550671;"Volary";0;1;15;3;1;0;550671
20220923;3100;3105;1;1;550680;"Z·blatÌ";0;1;7;1;1;0;550680
20220923;3100;3105;1;1;550698;"Z·lezly";0;1;7;2;1;0;550698
20220923;3100;3105;1;1;550701;"Zbytiny";0;1;9;1;1;0;550701
20220923;6100;6104;1;1;550710;"Krahulov";0;1;9;1;1;0;550710
20220923;3100;3105;1;1;550728;"ZdÌkov";0;1;15;5;1;0;550728
20220923;7200;7202;1;1;550736;"HostÏtÌn";0;1;7;1;1;0;550736
20220923;7200;7202;1;2;550744;"Kunovice";0;1;17;5;1;0;550744
20220923;7200;7202;1;2;550752;"StarÈ MÏsto";0;1;17;5;1;0;550752
20220923;3100;3105;1;1;550761;"éelnava";0;1;5;1;1;0;550761
20220923;6100;6104;1;1;550779;"NalouËany";0;1;7;1;1;0;550779
20220923;3100;3106;1;2;550787;"Strakonice";0;1;21;26;1;0;550787
20220923;6200;6206;1;1;550795;"Podb¯eûice";0;1;7;1;1;0;550795
20220923;3100;3106;1;2;550809;"Bavorov";0;1;15;1;1;0;550809
20220923;3100;3106;1;2;550817;"BÏlËice";0;1;11;2;1;0;550817
20220923;6200;6206;1;1;550825;"Holubice";0;1;9;1;1;0;550825
20220923;3100;3106;1;1;550833;"BÌlsko";0;1;15;1;1;0;550833
20220923;6200;6207;1;1;550841;"Ji¯ice u Moravsk˝ch BudÏjovic";0;1;5;1;1;0;550841
20220923;3100;3106;1;2;550850;"Blatn·";0;1;15;11;1;0;550850
20220923;3100;3106;1;1;550906;"Cehnice";0;1;7;2;1;0;550906
20220923;3100;3106;1;1;550922;"»ejetice";0;1;9;2;1;0;550922
20220923;3100;3106;1;1;550949;"»ep¯ovice";0;1;7;1;1;0;550949
20220923;3100;3106;1;6;550957;"»estice";0;1;11;3;1;0;550957
20220923;3100;3106;1;1;550965;"»ÌËenice";0;1;5;1;1;0;550965
20220923;6200;6202;2;5;550973;"Brno-st¯ed";0;1;45;70;1;0;582786
20220923;3100;3106;1;1;550981;"Doubravice";0;1;7;2;1;0;550981
20220923;6200;6202;2;5;550990;"Brno-éabov¯esky";0;1;25;25;1;0;582786
20220923;6200;6202;2;5;551007;"Brno-Kr·lovo Pole";0;1;27;19;1;0;582786
20220923;3100;3106;1;1;551015;"Drahonice";0;1;9;1;1;0;551015
20220923;3100;3106;1;1;551023;"Dr·ûov";0;1;9;3;1;0;551023
20220923;6200;6202;2;5;551031;"Brno-sever";0;1;35;45;1;0;582786
20220923;3100;3106;1;1;551040;"D¯eöÌn";0;1;9;3;1;0;551040
20220923;6200;6202;2;5;551058;"Brno-éidenice";0;1;29;19;1;0;582786
20220923;6200;6202;2;5;551066;"Brno-»ernovice";0;1;21;7;1;0;582786
20220923;6200;6202;2;5;551074;"Brno-jih";0;1;19;9;1;0;582786
20220923;6200;6202;2;5;551082;"Brno-Bohunice";0;1;21;13;1;0;582786
20220923;6200;6202;2;5;551091;"Brno-Star˝ LÌskovec";0;1;21;12;1;0;582786
20220923;3100;3106;1;1;551104;"Hoslovice";0;1;7;2;1;0;551104
20220923;6200;6202;2;5;551112;"Brno-Nov˝ LÌskovec";0;1;19;9;1;0;582786
20220923;3100;3106;1;1;551121;"Hoötice";0;1;7;1;1;0;551121
20220923;3100;3106;1;1;551139;"ChelËice";0;1;7;1;1;0;551139
20220923;6200;6202;2;5;551147;"Brno-Kohoutovice";0;1;21;11;1;0;582786
20220923;3100;3106;1;1;551155;"Chr·öùovice";0;1;7;2;1;0;551155
20220923;3100;3106;1;1;551163;"JinÌn";0;1;7;1;1;0;551163
20220923;6200;6202;2;5;551171;"Brno-Jundrov";0;1;15;4;1;0;582786
20220923;3100;3106;1;1;551180;"Kadov";0;1;9;4;1;0;551180
20220923;6200;6202;2;5;551198;"Brno-Bystrc";0;1;27;24;1;0;582786
20220923;3100;3106;1;6;551201;"Katovice";0;1;13;1;1;0;551201
20220923;6200;6202;2;5;551210;"Brno-KnÌniËky";0;1;9;1;1;0;582786
20220923;6200;6202;2;5;551228;"Brno-KomÌn";0;1;17;6;1;0;582786
20220923;6200;6202;2;5;551236;"Brno-Medl·nky";0;1;15;4;1;0;582786
20220923;6200;6202;2;5;551244;"Brno-ÿeËkovice a Mokr· Hora";0;1;23;14;1;0;582786
20220923;6200;6202;2;5;551252;"Brno-MalomÏ¯ice a Ob¯any";0;1;15;4;1;0;582786
20220923;3100;3106;1;1;551261;"Kraselov";0;1;7;1;1;0;551261
20220923;6200;6202;2;5;551279;"Brno-Vinohrady";0;1;21;10;1;0;582786
20220923;6200;6202;2;5;551287;"Brno-LÌöeÚ";0;1;29;19;1;0;582786
20220923;6200;6202;2;5;551295;"Brno-Slatina";0;1;21;8;1;0;582786
20220923;6200;6202;2;5;551309;"Brno-Tu¯any";0;1;17;5;1;0;582786
20220923;6200;6202;2;5;551317;"Brno-Chrlice";0;1;15;3;1;0;582786
20220923;6200;6202;2;5;551325;"Brno-Bosonohy";0;1;15;2;1;0;582786
20220923;3100;3106;1;1;551333;"LibÏjovice";0;1;9;3;1;0;551333
20220923;3100;3106;1;1;551341;"Litochovice";0;1;7;1;1;0;551341
20220923;3100;3106;1;1;551350;"Ln·¯e";0;1;7;2;1;0;551350
20220923;6200;6202;2;5;551368;"Brno-éebÏtÌn";0;1;11;4;1;0;582786
20220923;6200;6202;2;5;551376;"Brno-Ivanovice";0;1;7;2;1;0;582786
20220923;3100;3106;1;1;551384;"Malenice";0;1;9;1;1;0;551384
20220923;3100;3106;1;1;551392;"MeËichov";0;1;7;1;1;0;551392
20220923;6200;6202;2;5;551406;"Brno-Jehnice";0;1;7;1;1;0;582786
20231209;6200;6202;2;5;551406;"Brno-Jehnice";0;1;7;1;1;0;
20220923;3100;3106;1;1;551414;"MiloÚovice";0;1;7;1;1;0;551414
20220923;6200;6202;2;5;551422;"Brno-O¯eöÌn";0;1;7;1;1;0;582786
20220923;6200;6202;2;5;551431;"Brno-⁄tÏchov";0;1;7;1;1;0;582786
20220923;2100;2103;1;1;551457;"StudenÏves";0;1;7;1;1;0;551457
20220923;2100;2105;1;1;551465;"Koöice";0;1;5;1;1;0;551465
20220923;3100;3106;1;1;551473;"Myötice";0;1;9;1;1;0;551473
20220923;2100;2108;1;1;551481;"KnÏûiËky";0;1;9;1;1;0;551481
20231209;2100;2108;1;1;551481;"KnÏûiËky";0;1;9;1;1;0;551481
20220923;3100;3101;1;1;551490;"Braniöov";0;1;7;1;1;0;551490
20220923;3100;3101;1;1;551503;"»Ìûkrajice";0;1;9;1;1;0;551503
20220923;3100;3106;1;1;551520;"Nihoöovice";0;1;7;1;1;0;551520
20220923;3100;3102;1;1;551538;"St¯Ìteû";0;1;7;1;1;0;551538
20220923;6100;6103;1;1;551546;"Dubovice";0;1;7;1;1;0;551546
20220923;3100;3106;1;1;551554;"Novosedly";0;1;7;1;1;0;551554
20220923;3100;3106;1;1;551562;"Osek";0;1;9;1;1;0;551562
20220923;3100;3106;1;1;551571;"ParaËov";0;1;7;1;1;0;551571
20220923;6100;6103;1;1;551589;"HornÌ R·potice";0;1;7;1;1;0;551589
20220923;3100;3106;1;1;551597;"Hajany";0;1;7;1;1;0;551597
20220923;3100;3107;1;1;551601;"Turovec";0;1;9;1;1;0;551601
20220923;3100;3106;1;1;551619;"Pracejovice";0;1;7;1;1;0;551619
20220923;3100;3106;1;1;551627;"P¯edmÌ¯";0;1;7;2;1;0;551627
20220923;3100;3106;1;1;551635;"P¯edslavice";0;1;7;1;1;0;551635
20220923;3100;3106;1;1;551643;"P¯eöùovice";0;1;9;2;1;0;551643
20220923;4100;4102;1;1;551651;"Hory";0;1;7;1;1;0;551651
20220923;3100;3106;1;6;551660;"Radomyöl";0;1;9;4;1;0;551660
20220923;3100;3106;1;1;551678;"Radoöovice";0;1;13;3;1;0;551678
20220923;3200;3202;1;1;551686;"Podmokly";0;1;7;1;1;0;551686
20220923;8100;8101;1;1;551694;"Velk· ät·hle";0;1;9;1;1;0;551694
20220923;8100;8101;1;1;551708;"Dlouh· Str·Ú";0;1;5;1;1;0;551708
20220923;3100;3106;1;2;551716;"Sedlice";0;1;11;2;1;0;551716
20220923;8100;8101;1;1;551724;"Mezina";0;1;7;1;1;0;551724
20220923;8100;8101;1;1;551732;"Moravskoslezsk˝ KoËov";0;1;9;1;1;0;551732
20220923;3100;3106;1;1;551741;"SkoËice";0;1;7;1;1;0;551741
20220923;3100;3106;1;1;551759;"Sousedovice";0;1;7;1;1;0;551759
20220923;8100;8101;1;1;551767;"StarÈ MÏsto";0;1;7;1;1;0;551767
20220923;3100;3106;1;1;551775;"Straöice";0;1;7;2;1;0;551775
20220923;8100;8101;1;1;551783;"Valöov";0;1;7;1;1;0;551783
20220923;3100;3106;1;1;551791;"St¯elskÈ Hoötice";0;1;11;4;1;0;551791
20220923;8100;8101;1;1;551805;"HornÌ éivotice";0;1;9;1;1;0;551805
20220923;8100;8101;1;1;551813;"StarÈ He¯minovy";0;1;5;1;1;0;551813
20220923;8100;8101;1;1;551821;"Tvrdkov";0;1;7;2;1;0;551821
20220923;3100;3106;1;1;551830;"äkvo¯etice";0;1;9;1;1;0;551830
20220923;8100;8101;1;1;551848;"Petrovice";0;1;5;1;1;0;551848
20220923;3100;3106;1;6;551856;"ätÏkeÚ";0;1;9;3;1;0;551856
20220923;8100;8101;1;1;551864;"DÌvËÌ Hrad";0;1;7;1;1;0;551864
20220923;8100;8101;1;1;551872;"Hlinka";0;1;5;1;1;0;551872
20220923;8100;8101;1;1;551881;"SlezskÈ Pavlovice";0;1;5;1;1;0;551881
20220923;3100;3106;1;1;551899;"T¯ebohostice";0;1;7;2;1;0;551899
20220923;8100;8101;1;1;551902;"Mal· ät·hle";0;1;7;1;1;0;551902
20220923;8100;8101;1;1;551911;"Star· Ves";0;1;9;1;1;0;551911
20220923;8100;8101;1;2;551929;"AndÏlsk· Hora";0;1;7;1;1;0;551929
20220923;3100;3106;1;1;551937;"Uzenice";0;1;7;1;1;0;551937
20220923;8100;8101;1;1;551945;"Rudn· pod PradÏdem";0;1;7;1;1;0;551945
20220923;3100;3106;1;2;551953;"VodÚany";0;1;21;11;1;0;551953
20220923;3100;3106;1;1;551961;"Volenice";0;1;11;2;1;0;551961
20220923;3100;3106;1;2;551970;"VolynÏ";0;1;15;5;1;0;551970
20220923;3100;3106;1;1;551988;"Z·bo¯Ì";0;1;9;1;1;0;551988
20220923;8100;8101;1;1;551996;"LudvÌkov";0;1;7;1;1;0;551996
20220923;8100;8101;1;1;552003;"»akov·";0;1;7;1;1;0;552003
20220923;7100;7102;1;1;552011;"ätarnov";0;1;15;1;1;0;552011
20220923;7100;7102;1;1;552020;"Hluöovice";0;1;9;1;1;0;552020
20220923;7100;7102;1;1;552038;"LouËka";0;1;7;1;1;0;552038
20220923;3100;3107;1;2;552046;"T·bor";0;1;27;41;1;0;552046
20220923;3100;3107;1;2;552054;"BechynÏ";0;1;15;7;1;0;552054
20220923;7100;7102;1;1;552062;"BÌlsko";0;1;7;1;1;0;552062
20220923;7100;7102;1;1;552071;"DubËany";0;1;7;1;1;0;552071
20220923;7100;7102;1;1;552089;"TovÈ¯";0;1;7;1;1;0;552089
20220923;3100;3107;1;1;552097;"Borkovice";0;1;9;1;1;0;552097
20220923;3100;3107;1;6;552101;"BorotÌn";0;1;15;1;1;0;552101
20220923;7100;7102;1;1;552119;"VÏrovany";0;1;9;1;1;0;552119
20220923;3100;3107;1;1;552127;"Brad·Ëov";0;1;6;1;1;0;552127
20220923;3100;3107;1;1;552135;"B¯eznice";0;1;7;1;1;0;552135
20220923;3100;3107;1;1;552143;"Budislav";0;1;9;1;1;0;552143
20220923;7100;7102;1;1;552151;"SkrbeÚ";0;1;9;1;1;0;552151
20220923;7100;7102;1;1;552160;"PÚovice";0;1;9;1;1;0;552160
20220923;7100;7102;1;1;552178;"HaÚovice";0;1;9;1;1;0;552178
20220923;7100;7102;1;1;552186;"»ervenka";0;1;11;1;1;0;552186
20220923;7100;7102;1;1;552194;"SlavÏtÌn";0;1;7;1;1;0;552194
20220923;3100;3107;1;1;552208;"DÌrn·";0;1;9;2;1;0;552208
20220923;7100;7102;1;1;552216;"LubÏnice";0;1;7;1;1;0;552216
20220923;3100;3107;1;1;552224;"Dobronice u BechynÏ";0;1;7;1;1;0;552224
20220923;7100;7102;1;1;552232;"LouËany";0;1;15;1;1;0;552232
20220923;3100;3107;1;1;552241;"DolnÌ Ho¯ice";0;1;15;1;1;0;552241
20220923;7100;7102;1;1;552259;"Olbramice";0;1;5;1;1;0;552259
20220923;7100;7102;1;1;552267;"SeniËka";0;1;5;1;1;0;552267
20220923;3100;3107;1;1;552275;"Dr·chov";0;1;7;1;1;0;552275
20220923;3100;3107;1;1;552283;"Draûice";0;1;9;1;1;0;552283
20220923;3100;3107;1;1;552291;"DraûiËky";0;1;7;1;1;0;552291
20220923;7100;7102;1;1;552305;"Lipina";0;1;7;1;1;0;552305
20220923;7100;7102;1;1;552313;"Domaöov u äternberka";0;1;7;1;1;0;552313
20220923;3100;3107;1;1;552321;"Hlavatce";0;1;9;1;1;0;552321
20220923;7100;7102;1;1;552330;"Hl·snice";0;1;7;1;1;0;552330
20220923;7100;7102;1;1;552348;"MladÏjovice";0;1;7;1;1;0;552348
20220923;7100;7102;1;1;552356;"Babice";0;1;7;1;1;0;552356
20220923;7100;7102;1;1;552364;"⁄stÌn";0;1;7;1;1;0;552364
20220923;7100;7102;1;1;552372;"Medlov";0;1;15;4;1;0;552372
20220923;7100;7102;1;1;552381;"Nov· HradeËn·";0;1;9;1;1;0;552381
20220923;7100;7102;1;1;552399;"éelechovice";0;1;7;1;1;0;552399
20220923;7100;7102;1;1;552402;"Bukovany";0;1;7;1;1;0;552402
20220923;7100;7102;1;1;552411;"P¯·slavice";0;1;9;1;1;0;552411
20220923;7100;7102;1;1;552429;"SvÈsedlice";0;1;7;1;1;0;552429
20220923;7100;7102;1;1;552437;"KrËmaÚ";0;1;7;1;1;0;552437
20220923;7100;7102;1;1;552445;"Daskab·t";0;1;7;1;1;0;552445
20220923;3100;3107;1;1;552453;"ChotÏmice";0;1;7;1;1;0;552453
20220923;3100;3107;1;1;552461;"Chotoviny";0;1;15;3;1;0;552461
20220923;3100;3107;1;1;552470;"ChoustnÌk";0;1;9;2;1;0;552470
20220923;8100;8102;1;1;552488;"Vojkovice";0;1;9;1;1;0;552488
20220923;3100;3107;1;2;552496;"Ch˝nov";0;1;15;3;1;0;552496
20220923;8100;8102;1;1;552500;"Pazderna";0;1;7;1;1;0;552500
20220923;8100;8102;1;1;552518;"Noöovice";0;1;11;1;1;0;552518
20220923;8100;8102;1;1;552526;"NiûnÌ Lhoty";0;1;7;1;1;0;552526
20220923;3100;3107;1;2;552534;"Jistebnice";0;1;15;5;1;0;552534
20220923;8100;8102;1;1;552542;"Dobratice";0;1;9;1;1;0;552542
20220923;8100;8102;1;1;552551;"StarÈ MÏsto";0;1;9;1;1;0;552551
20220923;8100;8102;1;1;552569;"Sta¯ÌË";0;1;7;1;1;0;552569
20220923;8100;8102;1;1;552577;"PstruûÌ";0;1;11;1;1;0;552577
20220923;3100;3107;1;1;552585;"Koöice";0;1;9;1;1;0;552585
20220923;8100;8102;1;1;552593;"Malenovice";0;1;7;1;1;0;552593
20220923;8100;8102;1;1;552607;"DolnÌ Toöanovice";0;1;9;1;1;0;552607
20220923;8100;8102;1;1;552615;"VÏlopolÌ";0;1;5;1;1;0;552615
20220923;8100;8102;1;1;552623;"T¯anovice";0;1;15;1;1;0;552623
20220923;8100;8102;1;1;552631;"HornÌ Toöanovice";0;1;9;1;1;0;552631
20220923;8100;8102;1;1;552640;"ÿeka";0;1;9;1;1;0;552640
20220923;8100;8102;1;1;552658;"Smilovice";0;1;7;1;1;0;552658
20220923;3100;3107;1;6;552666;"Malöice";0;1;11;2;1;0;552666
20220923;8100;8102;1;1;552674;"St¯Ìteû";0;1;9;1;1;0;552674
20220923;8100;8102;1;1;552682;"VyönÌ Lhoty";0;1;7;1;1;0;552682
20220923;8100;8102;1;1;552691;"éabeÚ";0;1;15;1;1;0;552691
20220923;3100;3107;1;2;552704;"Mlad· Voûice";0;1;15;3;1;0;552704
20220923;3100;3107;1;1;552712;"Ml˝ny";0;1;7;1;1;0;552712
20220923;3100;3107;1;1;552721;"Myslkovice";0;1;7;1;1;0;552721
20220923;8100;8103;1;1;552739;"HornÌ Such·";0;1;15;4;1;0;552739
20220923;3100;3107;1;1;552747;"Nemyöl";0;1;7;1;1;0;552747
20220923;7100;7104;1;1;552755;"VÏûky";0;1;7;1;1;0;552755
20220923;3100;3107;1;1;552763;"Nov· Ves u Ch˝nova";0;1;9;1;1;0;552763
20220923;7100;7104;1;1;552771;"»echy";0;1;7;1;1;0;552771
20220923;7100;7104;1;1;552780;"K¯tomil";0;1;7;1;1;0;552780
20220923;3100;3107;1;1;552798;"Old¯ichov";0;1;7;1;1;0;552798
20220923;3100;3107;1;1;552801;"Opa¯any";0;1;15;5;1;0;552801
20220923;7100;7104;1;1;552810;"Nahoöovice";0;1;7;1;1;0;552810
20220923;3100;3107;1;2;552828;"Plan· nad LuûnicÌ";0;1;15;4;1;0;552828
20220923;7100;7104;1;1;552836;"Turovice";0;1;7;1;1;0;552836
20220923;7100;7104;1;1;552844;"Olöovec";0;1;9;1;1;0;552844
20220923;3100;3107;1;1;552852;"Pohn·nÌ";0;1;9;1;1;0;552852
20220923;3100;3107;1;1;552861;"Pojbuky";0;1;9;1;1;0;552861
20220923;7100;7104;1;1;552879;"Uh¯iËice";0;1;9;1;1;0;552879
20220923;7100;7104;1;1;552887;"St¯Ìbrnice";0;1;7;1;1;0;552887
20220923;3100;3107;1;1;552895;"P¯eho¯ov";0;1;9;1;1;0;552895
20220923;7100;7104;1;1;552909;"MÏrovice nad Hanou";0;1;15;1;1;0;552909
20220923;3100;3107;1;1;552917;"RadenÌn";0;1;9;1;1;0;552917
20220923;3100;3107;1;1;552925;"RadÏtice";0;1;7;1;1;0;552925
20220923;3100;3107;1;1;552933;"Radimovice u éelËe";0;1;9;1;1;0;552933
20220923;3100;3107;1;1;552941;"Radkov";0;1;7;1;1;0;552941
20220923;7100;7104;1;1;552950;"äiöma";0;1;7;1;1;0;552950
20220923;7100;7104;1;1;552968;"HornÌ TÏöice";0;1;5;1;1;0;552968
20220923;3100;3107;1;1;552976;"Rataje";0;1;7;1;1;0;552976
20220923;7100;7104;1;1;552984;"DolnÌ TÏöice";0;1;5;1;1;0;552984
20220923;3100;3107;1;1;552992;"Ratibo¯skÈ Hory";0;1;15;1;1;0;552992
20220923;7100;7104;1;1;553000;"Oplocany";0;1;7;1;1;0;553000
20220923;3100;3107;1;1;553018;"Roudn·";0;1;7;1;1;0;553018
20220923;7200;7203;1;1;553026;"Valaösk· Senice";0;1;9;1;1;0;553026
20220923;3100;3107;1;1;553034;"ÿepeË";0;1;7;1;1;0;553034
20220923;8100;8105;1;1;553042;"Mladecko";0;1;5;1;1;0;553042
20241005;8100;8105;1;1;553042;"Mladecko";0;1;5;1;1;0;553042
20220923;8100;8105;1;1;553051;"DolnÌ éivotice";0;1;15;1;1;0;553051
20220923;3100;3107;1;2;553069;"Sezimovo ⁄stÌ";0;1;21;8;1;0;553069
20220923;3100;3107;1;1;553077;"Skalice";0;1;9;3;1;0;553077
20220923;3100;3107;1;1;553085;"Skopytce";0;1;9;2;1;0;553085
20220923;8100;8105;1;1;553093;"Hlavnice";0;1;9;1;1;0;553093
20220923;8100;8105;1;1;553107;"Brat¯Ìkovice";0;1;5;1;1;0;553107
20220923;8100;8105;1;1;553115;"Lhotka u Litultovic";0;1;7;1;1;0;553115
20220923;3100;3107;1;1;553123;"Smilovy Hory";0;1;7;1;1;0;553123
20220923;3100;3107;1;2;553131;"SobÏslav";0;1;21;9;1;0;553131
20220923;3100;3107;1;6;553140;"St·dlec";0;1;9;4;1;0;553140
20220923;8100;8105;1;1;553158;"Neplachovice";0;1;9;1;1;0;553158
20220923;3100;3107;1;1;553166;"SudomÏ¯ice u BechynÏ";0;1;15;3;1;0;553166
20220923;3100;3107;1;1;553174;"SudomÏ¯ice u T·bora";0;1;7;1;1;0;553174
20220923;3100;3107;1;1;553182;"Sviny";0;1;7;1;1;0;553182
20220923;7100;7105;1;1;553191;"Vikantice";0;1;7;1;1;0;553191
20220923;3100;3107;1;1;553204;"äebÌ¯ov";0;1;9;1;1;0;553204
20220923;7100;7105;1;1;553212;"Janouöov";0;1;7;1;1;0;553212
20220923;7100;7105;1;1;553221;"Hrabov·";0;1;11;1;1;0;553221
20220923;3100;3107;1;1;553239;"TuËapy";0;1;15;2;1;0;553239
20220923;7100;7105;1;1;553247;"Kop¯ivn·";0;1;7;1;1;0;553247
20220923;3100;3107;1;1;553255;"Val";0;1;7;1;1;0;553255
20220923;3100;3107;1;1;553263;"Vesce";0;1;7;1;1;0;553263
20220923;3100;3107;1;2;553271;"VeselÌ nad LuûnicÌ";0;1;21;7;1;0;553271
20220923;3100;3107;1;1;553280;"Vilice";0;1;7;1;1;0;553280
20220923;3100;3107;1;1;553298;"Vlastibo¯";0;1;9;1;1;0;553298
20220923;7100;7101;1;1;553301;"Hradec-Nov· Ves";0;1;7;2;1;0;553301
20220923;3100;3107;1;1;553310;"Vlkov";0;1;7;1;1;0;553310
20220923;3100;3107;1;1;553328;"Vodice";0;1;9;1;1;0;553328
20220923;7100;7105;1;1;553336;"T¯eötina";0;1;7;1;1;0;553336
20220923;7100;7105;1;1;553344;"Jakubovice";0;1;7;1;1;0;553344
20220923;7100;7105;1;1;553352;"Post¯elm˘vek";0;1;7;1;1;0;553352
20220923;3100;3107;1;1;553361;"Z·löÌ";0;1;7;1;1;0;553361
20220923;7100;7105;1;1;553379;"DolnÌ StudÈnky";0;1;15;1;1;0;553379
20220923;7100;7105;1;1;553387;"HrabÏöice";0;1;7;1;1;0;553387
20220923;7100;7105;1;1;553395;"Rejchartice";0;1;7;1;1;0;553395
20220923;3100;3107;1;1;553409;"ZvÏrotice";0;1;9;1;1;0;553409
20220923;3100;3107;1;1;553417;"éeleË";0;1;15;2;1;0;553417
20220923;3200;3201;1;2;553425;"Domaûlice";0;1;21;12;1;0;553425
20220923;3200;3201;1;1;553433;"Babylon";0;1;7;1;1;0;553433
20220923;3200;3201;1;2;553441;"BÏl· nad Radbuzou";0;1;15;2;1;0;553441
20220923;3200;3201;1;1;553450;"BlÌûejov";0;1;11;5;1;0;553450
20220923;7100;7101;1;1;553468;"Velk· Kraö";0;1;9;1;1;0;553468
20220923;7100;7105;1;1;553476;"Nemile";0;1;7;1;1;0;553476
20220923;7100;7101;1;1;553484;"Skoroöice";0;1;15;1;1;0;553484
20220923;8100;8105;1;1;553492;"Z·vada";0;1;9;1;1;0;553492
20220923;3200;3204;1;1;553506;"Bukovec";0;1;7;1;1;0;553506
20220923;3200;3201;1;1;553514;"»ermn·";0;1;9;1;1;0;553514
20220923;3200;3202;1;1;553522;"Tuûice";0;1;7;1;1;0;553522
20220923;3200;3202;1;1;553531;"»ernÌkov";0;1;7;2;1;0;553531
20220923;3200;3201;1;1;553549;"»esk· Kubice";0;1;11;3;1;0;553549
20220923;3200;3201;1;1;553557;"DÌly";0;1;7;1;1;0;553557
20220923;3200;3204;1;1;553565;"Pol·nka";0;1;7;1;1;0;553565
20220923;3200;3201;1;1;553573;"DrahotÌn";0;1;7;1;1;0;553573
20220923;3200;3201;1;1;553581;"Draûenov";0;1;9;1;1;0;553581
20220923;3200;3203;1;1;553590;"NezbavÏtice";0;1;9;1;1;0;553590
20220923;3200;3205;1;1;553603;"Studen·";0;1;7;1;1;0;553603
20220923;3200;3206;1;1;553611;"Litohlavy";0;1;9;1;1;0;553611
20220923;3200;3201;1;1;553620;"Hlohov·";0;1;7;1;1;0;553620
20220923;5100;5101;1;1;553638;"Tachov";0;1;7;1;1;0;553638
20220923;4200;4203;1;1;553646;"Dol·nky nad Oh¯Ì";0;1;7;1;1;0;553646
20220923;3200;3204;1;2;553654;"Hol˝öov";0;1;15;6;1;0;553654
20220923;3200;3204;1;1;553662;"HornÌ Kamenice";0;1;7;1;1;0;553662
20220923;3200;3201;1;2;553671;"Horöovsk˝ T˝n";0;1;15;7;1;0;553671
20220923;3200;3201;1;2;553689;"HostouÚ";0;1;13;2;1;0;553689
20220923;4200;4207;1;2;553697;"Trmice";0;1;15;2;1;0;553697
20220923;5200;5202;1;1;553701;"BaËalky";0;1;7;1;1;0;553701
20220923;5300;5302;1;1;553719;"Srnojedy";0;1;9;1;1;0;553719
20220923;3200;3201;1;1;553727;"Chocomyöl";0;1;7;1;1;0;553727
20220923;3200;3201;1;1;553735;"Chodov";0;1;7;1;1;0;553735
20220923;3200;3201;1;1;553743;"Chodsk· Lhota";0;1;7;1;1;0;553743
20220923;3200;3201;1;1;553751;"Chrastavice";0;1;7;1;1;0;553751
20220923;5300;5304;1;1;553760;"BÏstovice";0;1;7;1;1;0;553760
20220923;3200;3201;1;1;553778;"KaniËky";0;1;7;1;1;0;553778
20220923;3200;3201;1;2;553786;"KdynÏ";0;1;15;10;1;0;553786
20220923;3200;3201;1;6;553794;"KlenËÌ pod »erchovem";0;1;15;1;1;0;553794
20220923;3200;3201;1;6;553816;"KoloveË";0;1;9;1;1;0;553816
20220923;3200;3201;1;1;553824;"Kout na äumavÏ";0;1;11;1;1;0;553824
20220923;3200;3201;1;1;553832;"K¯enovy";0;1;7;1;1;0;553832
20220923;3200;3204;1;1;553841;"KvÌËovice";0;1;7;1;1;0;553841
20220923;3200;3201;1;1;553859;"Libkov";0;1;7;1;1;0;553859
20220923;3200;3201;1;1;553867;"LouËim";0;1;7;1;1;0;553867
20220923;6200;6201;1;1;553875;"Louka";0;1;5;1;1;0;553875
20220923;6200;6201;1;1;553883;"⁄stup";0;1;5;1;1;0;553883
20220923;3200;3201;1;1;553891;"LuûeniËky";0;1;7;2;1;0;553891
20220923;7200;7201;1;1;553905;"MrlÌnek";0;1;9;1;1;0;553905
20220923;3200;3201;1;1;553913;"Meclov";0;1;15;2;1;0;553913
20220923;3200;3201;1;1;553921;"Mezholezy";0;1;7;1;1;0;553921
20220923;3200;3201;1;1;553930;"Mezholezy";0;1;7;1;1;0;553930
20220923;3200;3201;1;1;553948;"MilavËe";0;1;11;2;1;0;553948
20220923;3200;3201;1;1;553956;"MÌ¯kov";0;1;7;1;1;0;553956
20220923;6100;6104;1;1;553964;"»astohostice";0;1;7;1;1;0;553964
20220923;6200;6206;1;1;553972;"RybnÌËek";0;1;7;1;1;0;553972
20220923;3200;3201;1;1;553981;"Mr·kov";0;1;9;1;1;0;553981
20220923;3200;3201;1;1;553999;"MutÏnÌn";0;1;7;1;1;0;553999
20220923;3200;3201;1;1;554006;"Nemanice";0;1;7;1;1;0;554006
20220923;8100;8102;1;1;554014;"N·vsÌ";0;1;15;3;1;0;554014
20220923;3200;3204;1;1;554022;"NeumÏ¯";0;1;7;1;1;0;554022
20220923;3200;3201;1;1;554031;"Nevolice";0;1;7;1;1;0;554031
20220923;8100;8106;1;1;554049;"Olbramice";0;1;9;1;1;0;554049
20220923;3200;3201;1;1;554057;"Nov˝ KramolÌn";0;1;9;1;1;0;554057
20220923;8100;8104;1;1;554065;"JakubËovice nad Odrou";0;1;7;1;1;0;554065
20220923;3200;3201;1;1;554073;"OsvraËÌn";0;1;13;1;1;0;554073
20220923;3200;3201;1;1;554081;"PaseËnice";0;1;7;1;1;0;554081
20220923;3200;3201;1;1;554090;"Pec";0;1;7;1;1;0;554090
20220923;7100;7102;1;1;554103;"ÿÌdeË";0;1;7;1;1;0;554103
20220923;3200;3201;1;2;554111;"PobÏûovice";0;1;15;2;1;0;554111
20220923;3200;3201;1;1;554120;"Pocinovice";0;1;11;1;1;0;554120
20220923;3200;3201;1;1;554138;"Post¯ekov";0;1;11;1;1;0;554138
20220923;7100;7105;1;1;554146;"VernÌ¯ovice";0;1;7;1;1;0;554146
20220923;3200;3201;1;1;554154;"Puclice";0;1;7;1;1;0;554154
20220923;6200;6201;1;1;554162;"Crhov";0;1;7;1;1;0;554162
20220923;8100;8104;1;1;554171;"äenov u NovÈho JiËÌna";0;1;15;1;1;0;554171
20220923;3200;3201;1;1;554189;"RybnÌk";0;1;7;1;1;0;554189
20220923;8100;8105;1;1;554197;"Branka u Opavy";0;1;9;1;1;0;554197
20220923;3200;3201;1;1;554201;"SemnÏvice";0;1;7;1;1;0;554201
20220923;8100;8106;2;5;554219;"Nov· BÏl·";0;1;15;1;1;0;554821
20220923;8100;8106;2;5;554227;"VÌtkovice";0;1;15;6;1;0;554821
20220923;8100;8106;2;5;554235;"Star· BÏl·";0;1;15;3;1;0;554821
20220923;8100;8106;2;5;554243;"Pustkovec";0;1;15;1;1;0;554821
20220923;3200;3201;1;1;554251;"Sp·Úov";0;1;7;1;1;0;554251
20220923;3200;3201;1;1;554260;"Srbice";0;1;7;3;1;0;554260
20220923;3200;3201;1;1;554278;"Srby";0;1;9;1;1;0;554278
20220923;8100;8106;2;5;554286;"Mari·nskÈ Hory a Hulv·ky";0;1;15;9;1;0;554821
20220923;3200;3201;1;2;554294;"StaÚkov";0;1;15;5;1;0;554294
20220923;8100;8106;2;5;554308;"Pet¯kovice";0;1;15;2;1;0;554821
20220923;3200;3201;1;1;554316;"Str·û";0;1;7;1;1;0;554316
20220923;8100;8106;2;5;554324;"Lhotka";0;1;15;1;1;0;554821
20220923;8100;8106;2;5;554332;"Hoöù·lkovice";0;1;9;1;1;0;554821
20220923;3200;3201;1;1;554341;"TlumaËov";0;1;7;1;1;0;554341
20220923;3200;3201;1;1;554359;"Trhanov";0;1;7;1;1;0;554359
20220923;8100;8106;2;5;554367;"Nov· Ves";0;1;9;1;1;0;554821
20220923;8100;8106;2;5;554375;"Proskovice";0;1;15;1;1;0;554821
20220923;3200;3201;1;1;554383;"⁄jezd";0;1;7;1;1;0;554383
20220923;3200;3201;1;1;554391;"⁄nÏjovice";0;1;7;1;1;0;554391
20220923;3200;3201;1;1;554405;"⁄silov";0;1;7;1;1;0;554405
20220923;3200;3201;1;1;554413;"Velk˝ Malahov";0;1;9;1;1;0;554413
20220923;3200;3201;1;1;554421;"Vidice";0;1;7;1;1;0;554421
20220923;8100;8106;2;5;554430;"Mich·lkovice";0;1;15;2;1;0;554821
20220923;3200;3201;1;1;554448;"Vöepadly";0;1;8;1;1;0;554448
20220923;3200;3201;1;6;554456;"Vöeruby";0;1;15;1;1;0;554456
20220923;3200;3201;1;1;554464;"Zaho¯any";0;1;13;5;1;0;554464
20220923;3200;3201;1;1;554472;"éd·nov";0;1;7;1;1;0;554472
20220923;4100;4101;1;2;554481;"Cheb";0;1;29;32;1;0;554481
20220923;4100;4101;1;2;554499;"Aö";0;1;23;14;1;0;554499
20220923;4100;4101;1;1;554502;"DolnÌ éandov";0;1;9;1;1;0;554502
20220923;4100;4101;1;1;554511;"Drmoul";0;1;9;1;1;0;554511
20220923;4100;4101;1;2;554529;"Frantiökovy L·znÏ";0;1;15;6;1;0;554529
20220923;8100;8106;2;5;554537;"Radvanice a Bartovice";0;1;21;6;1;0;554821
20220923;4100;4101;1;1;554545;"Hazlov";0;1;9;1;1;0;554545
20220923;4100;4101;1;2;554553;"Hranice";0;1;15;3;1;0;554553
20220923;8100;8106;2;5;554561;"Kr·snÈ Pole";0;1;15;2;1;0;554821
20220923;8100;8106;2;5;554570;"Martinov";0;1;15;1;1;0;554821
20220923;8100;8106;2;5;554588;"Polanka nad Odrou";0;1;15;4;1;0;554821
20220923;4100;4101;1;1;554596;"K¯iûovatka";0;1;7;1;1;0;554596
20220923;4100;4101;1;2;554600;"L·znÏ Kynûvart";0;1;9;1;1;0;554600
20220923;4100;4101;1;1;554618;"Lib·";0;1;9;1;1;0;554618
20220923;4100;4101;1;1;554626;"Lipov·";0;1;11;1;1;0;554626
20220923;4100;4101;1;2;554634;"Luby";0;1;9;2;1;0;554634
20220923;4100;4101;1;2;554642;"Mari·nskÈ L·znÏ";0;1;21;17;1;0;554642
20220923;4100;4101;1;1;554651;"Milhostov";0;1;7;1;1;0;554651
20220923;8100;8106;2;5;554669;"Hrabov·";0;1;15;4;1;0;554821
20220923;4100;4101;1;1;554677;"Mnichov";0;1;9;1;1;0;554677
20220923;8100;8106;2;5;554685;"Svinov";0;1;17;3;1;0;554821
20220923;4100;4101;1;1;554693;"Nebanice";0;1;7;1;1;0;554693
20220923;4100;4101;1;1;554707;"Nov˝ Kostel";0;1;7;1;1;0;554707
20230325;4100;4101;1;1;554707;"Nov˝ Kostel";0;1;7;1;1;0;554707
20220923;8100;8106;2;5;554715;"T¯ebovice";0;1;15;1;1;0;554821
20220923;8100;8106;2;5;554723;"Plesn·";0;1;15;1;1;0;554821
20220923;3200;3203;2;5;554731;"PlzeÚ 5-K¯imice";0;1;11;1;1;0;554791
20220923;4100;4101;1;2;554740;"Plesn·";0;1;9;1;1;0;554740
20220923;3200;3203;2;5;554758;"PlzeÚ 6-Litice";0;1;11;1;1;0;554791
20220923;3200;3203;2;5;554766;"PlzeÚ 7-RadËice";0;1;9;1;1;0;554791
20220923;3200;3203;2;5;554774;"PlzeÚ 8-»ernice";0;1;9;1;1;0;554791
20220923;1100;1100;1;4;554782;"Praha hl.m.";0;1;65;1123;1;0;
20220923;3200;3203;1;3;554791;"PlzeÚ";0;1;47;184;1;0;
20220923;4200;4207;1;3;554804;"⁄stÌ nad Labem";0;1;37;97;1;0;
20220923;4100;4101;1;2;554812;"Skaln·";0;1;15;1;1;0;554812
20220923;8100;8106;1;3;554821;"Ostrava";0;1;55;268;1;0;
20220923;5300;5301;1;1;554847;"Mr·kotÌn";0;1;7;1;1;0;554847
20220923;4100;4101;1;1;554855;"TrstÏnice";0;1;9;1;1;0;554855
20220923;5200;5205;1;1;554863;"DolnÌ Brusnice";0;1;9;1;1;0;554863
20220923;6100;6104;1;1;554871;"St¯Ìteû";0;1;7;1;1;0;554871
20220923;4100;4101;1;1;554880;"T¯i Sekery";0;1;11;1;1;0;554880
20220923;6200;6206;1;1;554898;"RostÏnice-Zvonovice";0;1;7;1;1;0;554898
20220923;7100;7102;1;1;554901;"K¯elov-B¯uchotÌn";0;1;9;2;1;0;554901
20220923;8100;8104;1;1;554910;"VraûnÈ";0;1;9;1;1;0;554910
20220923;8100;8102;1;1;554928;"VendrynÏ";0;1;17;4;1;0;554928
20220923;8100;8104;1;1;554936;"BÌtov";0;1;9;1;1;0;554936
20220923;7100;7102;1;1;554944;"Mrsklesy";0;1;7;1;1;0;554944
20220923;5300;5301;1;1;554952;"Otradov";0;1;7;1;1;0;554952
20220923;4100;4102;1;3;554961;"Karlovy Vary";0;1;35;50;1;0;554961
20220923;4100;4102;1;2;554979;"Abertamy";0;1;9;1;1;0;554979
20220923;4100;4102;1;2;554995;"BeËov nad Teplou";0;1;9;1;1;0;554995
20220923;4100;4102;1;2;555029;"Bochov";0;1;15;1;1;0;555029
20220923;4100;4102;1;1;555045;"BoûiËany";0;1;7;1;1;0;555045
20220923;8100;8103;1;3;555088;"HavÌ¯ov";0;1;43;79;1;0;555088
20220923;5300;5302;2;5;555096;"Pardubice IV";0;1;15;5;1;0;555134
20220923;5300;5302;2;5;555100;"Pardubice VI";0;1;15;6;1;0;555134
20220923;5300;5302;2;5;555118;"Pardubice VII";0;1;15;6;1;0;555134
20220923;5300;5302;2;5;555126;"Pardubice II";0;1;15;19;1;0;555134
20220923;5300;5302;1;3;555134;"Pardubice";0;1;39;92;1;0;
20220923;4100;4102;1;2;555169;"HornÌ Blatn·";0;1;7;1;1;0;555169
20220923;4100;4102;1;2;555185;"HroznÏtÌn";0;1;15;1;1;0;555185
20220923;4200;4201;1;1;555193;"TÏchlovice";0;1;7;1;1;0;555193
20220923;4100;4102;1;2;555207;"Chyöe";0;1;9;1;1;0;555207
20220923;4100;4102;1;2;555215;"J·chymov";0;1;15;3;1;0;555215
20220923;4200;4207;1;1;555223;"VelkÈ Chvojno";0;1;9;2;1;0;555223
20220923;6200;6207;1;1;555231;"Suchohrdly";0;1;9;1;1;0;555231
20220923;5300;5304;1;1;555240;"SemanÌn";0;1;7;1;1;0;555240
20220923;4100;4102;1;1;555258;"Kolov·";0;1;9;1;1;0;555258
20220923;6100;6101;1;1;555266;"Nov· Ves u SvÏtlÈ";0;1;9;1;1;0;555266
20220923;8100;8105;1;1;555274;"NovÈ Sedlice";0;1;9;1;1;0;555274
20220923;6200;6204;1;1;555282;"KurdÏjov";0;1;9;1;1;0;555282
20220923;8100;8103;1;1;555291;"ChotÏbuz";0;1;15;1;1;0;555291
20220923;4100;4102;1;2;555304;"Kr·snÈ ⁄dolÌ";0;1;9;1;1;0;555304
20220923;8100;8104;1;1;555312;"Kujavy";0;1;7;1;1;0;555312
20220923;8100;8105;2;5;555339;"MalÈ Hoötice";0;1;9;2;1;0;505927
20220923;4100;4102;1;1;555347;"Kyselka";0;1;9;1;1;0;555347
20220923;8100;8105;2;5;555355;"Kom·rov";0;1;9;1;1;0;505927
20220923;4100;4102;1;1;555363;"MerklÌn";0;1;9;1;1;0;555363
20220923;8100;8105;2;5;555371;"SuchÈ Lazce";0;1;11;1;1;0;505927
20220923;4100;4102;1;2;555380;"Nejdek";0;1;15;13;1;0;555380
20220923;4100;4102;1;2;555398;"Nov· Role";0;1;15;4;1;0;555398
20220923;8100;8105;2;5;555401;"Podvihov";0;1;7;1;1;0;505927
20220923;8100;8105;2;5;555410;"ZlatnÌky";0;1;7;1;1;0;505927
20220923;4100;4102;1;2;555428;"Ostrov";0;1;21;14;1;0;555428
20220923;8100;8105;2;5;555436;"Milostovice";0;1;7;1;1;0;505927
20220923;4100;4102;1;1;555444;"OtroËÌn";0;1;9;1;1;0;555444
20220923;4100;4102;1;1;555452;"Pernink";0;1;9;1;1;0;555452
20220923;8100;8105;2;5;555461;"VlaötoviËky";0;1;7;1;1;0;505927
20220923;4100;4102;1;1;555479;"Pot˘Ëky";0;1;9;1;1;0;555479
20220923;4100;4102;1;1;555525;"Pöov";0;1;9;1;1;0;555525
20220923;4100;4102;1;1;555533;"Sadov";0;1;7;2;1;0;555533
20220923;4100;4102;1;1;555550;"Stanovice";0;1;9;1;1;0;555550
20220923;4100;4102;1;1;555584;"Str·û nad Oh¯Ì";0;1;9;2;1;0;555584
20220923;4100;4102;1;1;555592;"Struûn·";0;1;7;1;1;0;555592
20220923;4100;4102;1;1;555614;"äemnice";0;1;7;1;1;0;555614
20220923;4100;4102;1;1;555622;"ätÏdr·";0;1;7;1;1;0;555622
20220923;4100;4101;1;2;555631;"Tepl·";0;1;15;3;1;0;555631
20220923;4100;4102;1;2;555657;"Touûim";0;1;15;3;1;0;555657
20220923;4100;4102;1;1;555681;"⁄tvina";0;1;9;1;1;0;555681
20220923;4100;4102;1;1;555690;"ValeË";0;1;9;1;1;0;555690
20220923;4100;4102;1;1;555703;"Velichov";0;1;9;1;1;0;555703
20220923;4100;4102;1;1;555711;"VeruöiËky";0;1;7;1;1;0;555711
20220923;4100;4102;1;1;555738;"Vojkovice";0;1;7;2;1;0;555738
20220923;4100;4102;1;2;555762;"élutice";0;1;9;2;1;0;555762
20220923;3200;3202;1;2;555771;"Klatovy";0;1;27;28;1;0;555771
20220923;3200;3202;1;1;555797;"BÏöiny";0;1;15;3;1;0;555797
20220923;3200;3202;1;1;555801;"BezdÏkov";0;1;15;2;1;0;555801
20220923;3200;3202;1;1;555835;"Boleöiny";0;1;9;5;1;0;555835
20220923;3200;3202;1;1;555894;"BudÏtice";0;1;5;2;1;0;555894
20220923;3200;3202;1;6;555941;"»achrov";0;1;9;3;1;0;555941
20220923;3200;3202;1;6;556041;"Deöenice";0;1;15;3;1;0;556041
20230325;3200;3202;1;1;556068;"Dlaûov";0;1;7;1;1;0;556068
20220923;3200;3202;1;1;556068;"Dlaûov";0;1;7;1;1;0;556068
20220923;3200;3202;1;1;556076;"Dlouh· Ves";0;1;9;1;1;0;556076
20220923;3200;3202;1;1;556084;"Pr·öily";0;1;7;1;1;0;556084
20220923;3200;3202;1;1;556106;"Dolany";0;1;9;1;1;0;556106
20220923;3200;3202;1;2;556181;"Hartmanice";0;1;15;1;1;0;556181
20220923;3200;3202;1;1;556203;"HlavÚovice";0;1;9;1;1;0;556203
20220923;3200;3202;1;2;556254;"HoraûÔovice";0;1;17;11;1;0;556254
20220923;3200;3202;1;1;556301;"Hr·dek";0;1;15;5;1;0;556301
20220923;3200;3202;1;1;556319;"Hradeöice";0;1;7;3;1;0;556319
20220923;3200;3202;1;1;556335;"Chanovice";0;1;15;5;1;0;556335
20220923;3200;3202;1;1;556343;"Chlistov";0;1;7;1;1;0;556343
20220923;3200;3202;1;6;556378;"Chudenice";0;1;9;1;1;0;556378
20220923;3200;3202;1;1;556386;"ChudenÌn";0;1;11;2;1;0;556386
20220923;3200;3202;1;2;556394;"Janovice nad ⁄hlavou";0;1;9;2;1;0;556394
20220923;3200;3202;1;2;556432;"KaöperskÈ Hory";0;1;15;1;1;0;556432
20220923;3200;3202;1;6;556467;"Kolinec";0;1;15;8;1;0;556467
20220923;3200;3202;1;1;556505;"K¯enice";0;1;7;1;1;0;556505
20220923;3200;3202;1;1;556629;"Mal˝ Bor";0;1;9;2;1;0;556629
20220923;3200;3202;1;2;556637;"MÏËÌn";0;1;15;6;1;0;556637
20220923;8100;8105;2;5;556700;"V·vrovice";0;1;9;1;1;0;505927
20220923;3200;3202;1;1;556718;"MochtÌn";0;1;13;5;1;0;556718
20220923;3200;3202;1;1;556726;"Mokrosuky";0;1;7;1;1;0;556726
20220923;3200;3202;1;1;556734;"MyslÌv";0;1;9;3;1;0;556734
20220923;3200;3202;1;2;556751;"NalûovskÈ Hory";0;1;15;7;1;0;556751
20220923;3200;3202;1;1;556815;"Nezdice na äumavÏ";0;1;7;1;1;0;556815
20220923;3200;3202;1;2;556831;"N˝rsko";0;1;13;6;1;0;556831
20220923;8100;8104;1;1;556858;"Bravantice";0;1;9;1;1;0;556858
20220923;7200;7203;1;1;556866;"Lhota u VsetÌna";0;1;11;1;1;0;556866
20220923;7200;7204;1;1;556874;"Petr˘vka";0;1;7;1;1;0;556874
20220923;5300;5301;1;1;556882;"Rabötejnsk· Lhota";0;1;15;2;1;0;556882
20220923;5100;5103;2;5;556891;"Liberec-Vratislavice nad Nisou";0;1;15;7;1;0;563889
20220923;3200;3202;1;1;556912;"PaËejov";0;1;15;4;1;0;556912
20220923;3200;3202;1;1;556921;"Petrovice u Suöice";0;1;9;2;1;0;556921
20220923;4100;4102;1;1;556947;"Pila";0;1;7;1;1;0;556947
20220923;3200;3202;1;2;556955;"Pl·nice";0;1;13;8;1;0;556955
20220923;6200;6201;1;1;556963;"Speöov";0;1;9;1;1;0;556963
20220923;8100;8102;1;1;556971;"Ropice";0;1;15;1;1;0;556971
20220923;7200;7204;1;1;556980;"Rokytnice";0;1;9;2;1;0;556980
20220923;7100;7104;1;1;556998;"Jezernice";0;1;9;1;1;0;556998
20220923;3200;3202;1;1;557005;"P¯edslav";0;1;9;5;1;0;557005
20220923;3200;3202;1;2;557013;"RabÌ";0;1;9;3;1;0;557013
20220923;3200;3202;1;2;557021;"Rejötejn";0;1;7;1;1;0;557021
20220923;2100;2107;1;1;557030;"Skorkov";0;1;7;2;1;0;557030
20220923;6200;6206;1;1;557048;"Mou¯Ìnov";0;1;9;1;1;0;557048
20220923;5300;5302;2;5;557064;"Pardubice III";0;1;15;15;1;0;555134
20220923;5300;5302;2;5;557072;"Pardubice V";0;1;15;18;1;0;555134
20220923;3200;3207;1;1;557081;"Sytno";0;1;9;1;1;0;557081
20220923;3200;3202;1;1;557099;"SobÏöice";0;1;7;1;1;0;557099
20220923;7200;7204;1;1;557102;"Bohuslavice nad Vl·¯Ì";0;1;9;1;1;0;557102
20220923;3200;3202;1;1;557111;"SrnÌ";0;1;7;1;1;0;557111
20220923;3200;3202;1;1;557129;"StraöÌn";0;1;7;1;1;0;557129
20220923;3200;3202;1;2;557137;"Str·ûov";0;1;15;1;1;0;557137
20220923;7200;7204;1;1;557145;"LukoveËek";0;1;7;1;1;0;557145
20220923;3200;3202;1;2;557153;"Suöice";0;1;21;11;1;0;557153
20220923;3200;3202;1;1;557161;"SvÈradice";0;1;9;1;1;0;557161
20220923;7200;7204;1;1;557170;"Ostrata";0;1;9;1;1;0;557170
20220923;7200;7201;1;1;557188;"äeleöovice";0;1;7;1;1;0;557188
20220923;7100;7103;1;1;557196;"Pavlovice u KojetÌna";0;1;9;1;1;0;557196
20220923;3200;3202;1;2;557200;"ävihov";0;1;9;6;1;0;557200
20220923;7100;7101;1;1;557218;"Kobyl· nad Vidnavkou";0;1;9;1;1;0;557218
20220923;8100;8102;1;1;557226;"PÌseËn·";0;1;7;1;1;0;557226
20220923;3200;3202;1;1;557366;"Velhartice";0;1;15;4;1;0;557366
20220923;3200;3202;1;1;557374;"VelkÈ HydËice";0;1;7;1;1;0;557374
20220923;3200;3202;1;1;557382;"Velk˝ Bor";0;1;9;3;1;0;557382
20220923;3200;3202;1;1;557455;"VrhaveË";0;1;9;3;1;0;557455
20220923;3200;3202;1;1;557463;"Zavlekov";0;1;9;2;1;0;557463
20220923;3200;3202;1;2;557528;"éelezn· Ruda";0;1;13;3;1;0;557528
20220923;3200;3202;1;1;557536;"éihobce";0;1;11;4;1;0;557536
20220923;3200;3202;1;1;557544;"éichovice";0;1;9;1;1;0;557544
20220923;3200;3204;1;2;557587;"Blovice";0;1;15;8;1;0;557587
20220923;3200;3204;1;1;557641;"»iûice";0;1;7;1;1;0;557641
20220923;3200;3204;1;1;557650;"»Ìûkov";0;1;11;5;1;0;557650
20220923;3200;3204;1;1;557668;"Dneöice";0;1;15;2;1;0;557668
20220923;3200;3204;1;2;557676;"Dob¯any";0;1;17;5;1;0;557676
20220923;3200;3204;1;1;557684;"DolnÌ Lukavice";0;1;9;4;1;0;557684
20220923;3200;3204;1;1;557722;"Horöice";0;1;7;2;1;0;557722
20220923;3200;3204;1;1;557731;"Hradec";0;1;9;1;1;0;557731
20220923;3200;3204;1;1;557749;"HradiötÏ";0;1;7;2;1;0;557749
20220923;3200;3204;1;1;557773;"Chlum";0;1;5;1;1;0;557773
20220923;3200;3204;1;1;557781;"ChlumËany";0;1;15;4;1;0;557781
20220923;3200;3204;1;1;557803;"Chocenice";0;1;7;1;1;0;557803
20220923;3200;3204;1;1;557838;"ChotÏöov";0;1;15;5;1;0;557838
20220923;3200;3203;1;1;557846;"Chv·lenice";0;1;9;3;1;0;557846
20220923;3200;3204;1;2;557862;"Kasejovice";0;1;15;7;1;0;557862
20220923;3200;3204;1;1;557871;"Kbel";0;1;7;2;1;0;557871
20220923;3200;3204;1;1;557897;"Kl·öter";0;1;9;1;1;0;557897
20220923;3200;3204;1;1;557943;"KramolÌn";0;1;7;1;1;0;557943
20220923;3200;3204;1;1;557951;"Letiny";0;1;7;5;1;0;557951
20220923;3200;3203;2;5;557978;"PlzeÚ 10-Lhota";0;1;9;1;1;0;554791
20220923;3200;3203;1;1;558001;"Losin·";0;1;9;1;1;0;558001
20220923;3200;3204;1;1;558010;"LouÚov·";0;1;7;1;1;0;558010
20220923;3200;3204;1;1;558028;"Luûany";0;1;9;3;1;0;558028
20220923;3200;3204;1;1;558044;"MerklÌn";0;1;15;2;1;0;558044
20220923;3200;3204;1;1;558052;"MileË";0;1;9;5;1;0;558052
20220923;3200;3204;1;1;558061;"Mlad˝ Smolivec";0;1;11;5;1;0;558061
20220923;3200;3204;1;1;558079;"Mohelnice";0;1;7;1;1;0;558079
20220923;3200;3204;1;1;558095;"Nekvasovy";0;1;7;1;1;0;558095
20220923;3200;3204;1;2;558109;"Nepomuk";0;1;15;3;1;0;558109
20220923;3200;3204;1;1;558117;"Netunice";0;1;7;1;1;0;558117
20220923;3200;3204;1;1;558125;"Neurazy";0;1;15;7;1;0;558125
20220923;3200;3203;1;1;558141;"NezvÏstice";0;1;15;1;1;0;558141
20220923;3200;3204;1;1;558176;"NovÈ Mitrovice";0;1;7;1;1;0;558176
20220923;3200;3204;1;1;558184;"Oselce";0;1;9;2;1;0;558184
20220923;3200;3204;1;1;558231;"Pr·dlo";0;1;7;1;1;0;558231
20220923;3200;3204;1;2;558249;"P¯eötice";0;1;15;8;1;0;558249
20220923;3200;3204;1;1;558257;"P¯Ìchovice";0;1;11;3;1;0;558257
20220923;3200;3204;1;1;558265;"PtenÌn";0;1;7;1;1;0;558265
20220923;3200;3204;1;1;558290;"Roupov";0;1;9;1;1;0;558290
20220923;3200;3204;1;1;558303;"ÿenËe";0;1;11;5;1;0;558303
20220923;3200;3204;1;1;558311;"SeË";0;1;7;1;1;0;558311
20220923;3200;3204;1;1;558346;"SobÏkury";0;1;11;2;1;0;558346
20220923;3200;3204;1;2;558362;"Sp·lenÈ Po¯ÌËÌ";0;1;15;8;1;0;558362
20220923;3200;3203;1;2;558371;"Star˝ Plzenec";0;1;17;5;1;0;558371
20220923;3200;3204;1;2;558389;"Stod";0;1;15;4;1;0;558389
20220923;3200;3204;1;1;558401;"St¯Ìûovice";0;1;7;1;1;0;558401
20220923;7100;7103;1;1;558419;"Drûovice";0;1;7;1;1;0;558419
20220923;3200;3203;1;1;558427;"äù·hlavy";0;1;15;3;1;0;558427
20220923;3200;3204;1;1;558435;"ätÏnovice";0;1;11;1;1;0;558435
20220923;6200;6204;1;1;558443;"Ladn·";0;1;9;1;1;0;558443
20220923;3200;3203;1;1;558460;"Tym·kov";0;1;15;1;1;0;558460
20220923;3200;3204;1;1;558486;"⁄tuöice";0;1;9;2;1;0;558486
20220923;3200;3204;1;1;558494;"Ves Touökov";0;1;7;1;1;0;558494
20220923;3200;3204;1;1;558559;"VrËeÚ";0;1;7;1;1;0;558559
20220923;3200;3204;1;1;558567;"Vstiö";0;1;9;1;1;0;558567
20220923;3200;3204;1;1;558583;"Zdemyslice";0;1;9;1;1;0;558583
20220923;3200;3204;1;1;558591;"ZemÏtice";0;1;7;2;1;0;558591
20220923;3200;3204;1;1;558605;"édÌrec";0;1;9;1;1;0;558605
20220923;3200;3204;1;6;558630;"éinkovy";0;1;11;3;1;0;558630
20220923;3200;3205;1;1;558656;"BezvÏrov";0;1;9;1;1;0;558656
20220923;3200;3205;1;1;558672;"Blatnice";0;1;7;1;1;0;558672
20220923;3200;3205;1;1;558699;"BuËÌ";0;1;7;1;1;0;558699
20220923;3200;3205;1;1;558711;"»eminy";0;1;7;1;1;0;558711
20220923;3200;3205;1;1;558745;"»esk· B¯Ìza";0;1;7;1;1;0;558745
20220923;3200;3205;1;1;558770;"Dob¯ÌË";0;1;7;2;1;0;558770
20220923;3200;3205;1;1;558788;"Dolany";0;1;7;1;1;0;558788
20220923;3200;3205;1;1;558796;"DolnÌ BÏl·";0;1;7;1;1;0;558796
20220923;3200;3205;1;1;558800;"DolnÌ HradiötÏ";0;1;5;1;1;0;558800
20250913;3200;3205;1;1;558800;"DolnÌ HradiötÏ";0;1;5;1;1;0;558800
20220923;3200;3205;1;1;558834;"Druztov·";0;1;9;1;1;0;558834
20220923;3200;3203;1;1;558851;"D˝öina";0;1;15;2;1;0;558851
20220923;3200;3205;1;1;558869;"He¯manova Huù";0;1;15;2;1;0;558869
20220923;3200;3205;1;1;558877;"HornÌ BÏl·";0;1;11;3;1;0;558877
20220923;3200;3205;1;2;558885;"HornÌ B¯Ìza";0;1;17;4;1;0;558885
20220923;3200;3205;1;1;558915;"Hromnice";0;1;15;4;1;0;558915
20220923;3200;3205;1;1;558931;"Hvozd";0;1;9;1;1;0;558931
20220923;3200;3205;1;1;558940;"ChotÌkov";0;1;15;1;1;0;558940
20220923;3200;3203;1;1;558966;"Chr·st";0;1;11;2;1;0;558966
20220923;3200;3205;1;1;558974;"Ch¯ÌË";0;1;7;1;1;0;558974
20220923;3200;3205;1;1;558982;"Jarov";0;1;7;1;1;0;558982
20220923;3200;3205;1;1;558991;"Kace¯ov";0;1;7;1;1;0;558991
20220923;3200;3205;1;2;559008;"KaznÏjov";0;1;15;4;1;0;559008
20220923;3100;3107;1;1;559016;"Nasavrky";0;1;5;1;1;0;559016
20220923;3200;3205;1;1;559024;"Kopidlo";0;1;7;1;1;0;559024
20220923;3200;3205;1;1;559032;"Koryta";0;1;7;1;1;0;559032
20220923;3200;3205;1;1;559041;"Kozojedy";0;1;11;1;1;0;559041
20220923;3200;3205;1;1;559059;"Kozolupy";0;1;9;1;1;0;559059
20220923;3200;3205;1;2;559067;"Koûlany";0;1;15;1;1;0;559067
20220923;3200;3205;1;2;559075;"Kralovice";0;1;15;6;1;0;559075
20220923;3200;3205;1;1;559083;"Kraöovice";0;1;7;1;1;0;559083
20220923;3200;3205;1;1;559091;"Krsy";0;1;7;1;1;0;559091
20220923;3200;3205;1;1;559105;"K¯elovice";0;1;7;1;1;0;559105
20220923;3200;3205;1;1;559121;"KunÏjovice";0;1;5;1;1;0;559121
20220923;3200;3203;1;1;559130;"Kyöice";0;1;7;1;1;0;559130
20220923;3200;3205;1;1;559148;"Ledce";0;1;7;1;1;0;559148
20220923;3200;3205;1;1;559164;"LÌnÏ";0;1;15;3;1;0;559164
20220923;3200;3205;1;1;559172;"LÌöùany";0;1;15;1;1;0;559172
20220923;3200;3203;2;5;559199;"PlzeÚ 9-Malesice";0;1;9;1;1;0;554791
20220923;3200;3205;1;2;559202;"ManÏtÌn";0;1;13;3;1;0;559202
20220923;3200;3205;1;2;559211;"MÏsto Touökov";0;1;15;2;1;0;559211
20220923;3200;3205;1;1;559237;"Mladotice";0;1;9;1;1;0;559237
20220923;3200;3205;1;1;559245;"MrtnÌk";0;1;5;1;1;0;559245
20220923;3200;3205;1;1;559253;"Nadryby";0;1;7;1;1;0;559253
20220923;3200;3205;1;1;559261;"NeËtiny";0;1;11;1;1;0;559261
20220923;3200;3205;1;1;559270;"NekmÌ¯";0;1;9;1;1;0;559270
20220923;3200;3205;1;1;559288;"Nev¯eÚ";0;1;7;1;1;0;559288
20220923;3200;3205;1;2;559300;"N˝¯any";0;1;19;9;1;0;559300
20220923;3200;3205;1;1;559318;"Obora";0;1;7;1;1;0;559318
20220923;3200;3205;1;1;559326;"Ostrov u Bezdruûic";0;1;7;1;1;0;559326
20220923;3200;3205;1;1;559334;"Pernarec";0;1;9;1;1;0;559334
20220923;3200;3205;1;2;559351;"Plasy";0;1;15;8;1;0;559351
20220923;3200;3205;1;1;559369;"Pleönice";0;1;5;1;1;0;559369
20220923;3200;3205;1;1;559377;"PÚovany";0;1;9;1;1;0;559377
20220923;3200;3205;1;1;559393;"P¯eh˝öov";0;1;9;1;1;0;559393
20220923;3200;3205;1;1;559423;"Rochlov";0;1;5;1;1;0;559423
20220923;3200;3205;1;1;559431;"Rybnice";0;1;7;1;1;0;559431
20220923;3200;3205;1;1;559482;"Tis u Blatna";0;1;7;1;1;0;559482
20220923;3200;3205;1;1;559491;"TluËn·";0;1;19;2;1;0;559491
20220923;3200;3205;1;1;559504;"Trnov·";0;1;9;1;1;0;559504
20220923;3200;3205;1;2;559521;"T¯emoön·";0;1;17;5;1;0;559521
20220923;3200;3205;1;1;559555;"⁄lice";0;1;9;1;1;0;559555
20220923;3200;3205;1;1;559563;"⁄nÏöov";0;1;9;1;1;0;559563
20220923;3200;3205;1;2;559571;"⁄ter˝";0;1;9;1;1;0;559571
20220923;3200;3205;1;1;559580;"Vejprnice";0;1;19;3;1;0;559580
20220923;3200;3205;1;1;559601;"Vochov";0;1;9;1;1;0;559601
20220923;3200;3205;1;2;559628;"Vöeruby";0;1;15;1;1;0;559628
20220923;3200;3205;1;1;559661;"Zb˘ch";0;1;15;3;1;0;559661
20220923;3200;3205;1;1;559679;"ZruË-Senec";0;1;11;2;1;0;559679
20220923;3200;3205;1;1;559695;"éihle";0;1;15;2;1;0;559695
20220923;3200;3205;1;1;559709;"éilov";0;1;7;1;1;0;559709
20220923;3200;3206;1;2;559717;"Rokycany";0;1;21;12;1;0;559717
20220923;3200;3206;1;1;559725;"B¯asy";0;1;15;6;1;0;559725
20220923;3200;3206;1;1;559733;"B¯ezina";0;1;7;1;1;0;559733
20220923;3200;3206;1;1;559741;"Bujesily";0;1;7;1;1;0;559741
20220923;3200;3206;1;1;559750;"Buöovice";0;1;9;3;1;0;559750
20260328;3200;3206;1;1;559768;"Cekov";0;1;5;1;1;0;559768
20220923;3200;3206;1;1;559768;"Cekov";0;1;5;1;1;0;559768
20241005;3200;3206;1;1;559768;"Cekov";0;1;5;1;1;0;559768
20220923;3200;3206;1;1;559776;"Dob¯Ìv";0;1;9;1;1;0;559776
20220923;3200;3206;1;1;559792;"Ejpovice";0;1;7;1;1;0;559792
20220923;3200;3206;1;1;559806;"Hlohovice";0;1;7;4;1;0;559806
20220923;3200;3206;1;1;559814;"Holoubkov";0;1;11;1;1;0;559814
20220923;3200;3206;1;2;559822;"Hr·dek";0;1;15;3;1;0;559822
20220923;3200;3206;1;1;559849;"H˘rky";0;1;7;1;1;0;559849
20220923;3200;3206;1;1;559857;"Cheznovice";0;1;7;1;1;0;559857
20220923;3200;3206;1;1;559903;"Ka¯ez";0;1;7;1;1;0;559903
20220923;3200;3206;1;1;559911;"Klabava";0;1;7;1;1;0;559911
20220923;3200;3206;1;1;559920;"Kladruby";0;1;9;1;1;0;559920
20220923;3200;3206;1;1;559946;"Lhotka u Radnic";0;1;7;1;1;0;559946
20220923;3200;3206;1;6;559954;"LiblÌn";0;1;7;1;1;0;559954
20220923;3200;3206;1;1;559962;"LÌön·";0;1;7;1;1;0;559962
20220923;3200;3206;1;2;559997;"Miroöov";0;1;15;3;1;0;559997
20220923;3200;3206;1;1;560006;"MleËice";0;1;9;2;1;0;560006
20220923;3200;3206;1;2;560014;"M˝to";0;1;15;1;1;0;560014
20220923;3200;3206;1;1;560057;"Osek";0;1;11;2;1;0;560057
20220923;3200;3206;1;1;560081;"Podmokly";0;1;7;1;1;0;560081
20220923;3200;3206;1;1;560111;"P¯ÌvÏtice";0;1;7;1;1;0;560111
20220923;3200;3206;1;2;560120;"Radnice";0;1;15;1;1;0;560120
20220923;3200;3206;1;1;560146;"SebeËice";0;1;7;1;1;0;560146
20220923;3200;3206;1;1;560162;"Straöice";0;1;15;3;1;0;560162
20220923;3100;3106;1;1;560171;"BudynÏ";0;1;5;1;1;0;560171
20220923;3200;3206;1;1;560189;"TÏnÏ";0;1;7;1;1;0;560189
20220923;3100;3106;1;1;560197;"Laûany";0;1;7;1;1;0;560197
20220923;3100;3106;1;1;560201;"Nov· Ves";0;1;7;1;1;0;560201
20220923;3100;3106;1;1;560219;"Drachkov";0;1;7;1;1;0;560219
20220923;3200;3206;1;1;560227;"Vejvanov";0;1;7;1;1;0;560227
20220923;3200;3206;1;1;560235;"Vesel·";0;1;7;1;1;0;560235
20220923;3100;3106;1;1;560243;"Drouûetice";0;1;7;1;1;0;560243
20220923;3200;3206;1;1;560251;"Volduchy";0;1;9;1;1;0;560251
20220923;3200;3206;1;2;560260;"Zbiroh";0;1;15;5;1;0;560260
20220923;3100;3106;1;1;560278;"MutÏnice";0;1;5;1;1;0;560278
20220923;4100;4103;1;2;560286;"Sokolov";0;1;27;19;1;0;560286
20220923;4100;4103;1;2;560294;"B¯ezov·";0;1;15;2;1;0;560294
20220923;4100;4103;1;1;560308;"Bublava";0;1;7;1;1;0;560308
20220923;4100;4103;1;1;560316;"Bukovany";0;1;9;1;1;0;560316
20220923;4100;4103;1;1;560324;"Citice";0;1;11;1;1;0;560324
20220923;4100;4103;1;1;560332;"Dasnice";0;1;7;1;1;0;560332
20220923;4100;4103;1;1;560341;"DolnÌ Nivy";0;1;9;1;1;0;560341
20220923;4100;4103;1;2;560359;"Habartov";0;1;17;5;1;0;560359
20220923;4100;4103;1;2;560367;"HornÌ Slavkov";0;1;15;4;1;0;560367
20220923;4100;4103;1;1;560375;"Chlum SvatÈ Ma¯Ì";0;1;7;1;1;0;560375
20220923;4100;4103;1;2;560383;"Chodov";0;1;21;11;1;0;560383
20220923;3100;3106;1;1;560391;"Ku¯imany";0;1;5;1;1;0;560391
20220923;3100;3106;1;1;560405;"Kladruby";0;1;7;1;1;0;560405
20220923;4100;4103;1;1;560413;"Jind¯ichovice";0;1;7;1;1;0;560413
20220923;4100;4103;1;1;560421;"Kace¯ov";0;1;7;1;1;0;560421
20220923;3100;3107;1;1;560430;"Zho¯ u T·bora";0;1;7;1;1;0;560430
20220923;3100;3107;1;1;560448;"BÏleË";0;1;7;1;1;0;560448
20220923;4100;4103;1;1;560456;"Krajkov·";0;1;9;1;1;0;560456
20220923;4100;4103;1;1;560464;"Kr·lovskÈ Po¯ÌËÌ";0;1;9;1;1;0;560464
20220923;4100;4103;1;2;560472;"Kraslice";0;1;17;8;1;0;560472
20220923;3100;3107;1;1;560481;"Hlasivo";0;1;7;1;1;0;560481
20220923;4100;4103;1;2;560499;"Kynöperk nad Oh¯Ì";0;1;15;5;1;0;560499
20220923;4100;4103;1;1;560502;"LibavskÈ ⁄dolÌ";0;1;9;1;1;0;560502
20220923;3100;3107;1;1;560511;"ÿemÌËov";0;1;7;1;1;0;560511
20220923;3100;3107;1;1;560529;"DolnÌ Hrachovice";0;1;7;1;1;0;560529
20220923;4100;4103;1;2;560537;"Loket";0;1;15;2;1;0;560537
20220923;4100;4103;1;1;560545;"Lomnice";0;1;13;1;1;0;560545
20220923;3100;3107;1;1;560553;"Pohn·nec";0;1;7;1;1;0;560553
20220923;4100;4103;1;1;560561;"Nov· Ves";0;1;5;1;1;0;560561
20220923;4100;4103;1;2;560570;"NovÈ Sedlo";0;1;15;4;1;0;560570
20220923;4100;4103;1;2;560588;"OlovÌ";0;1;9;2;1;0;560588
20220923;4100;4103;1;2;560596;"P¯ebuz";0;1;7;1;1;0;560596
20220923;4100;4103;1;2;560600;"Rotava";0;1;15;3;1;0;560600
20220923;4100;4103;1;1;560618;"Rovn·";0;1;9;1;1;0;560618
20220923;3100;3107;1;1;560626;"Rodn·";0;1;7;1;1;0;560626
20220923;3100;3107;1;1;560634;"Kr·toöice";0;1;9;1;1;0;560634
20220923;4100;4103;1;1;560642;"StarÈ Sedlo";0;1;9;1;1;0;560642
20220923;4100;4103;1;1;560651;"St¯Ìbrn·";0;1;9;1;1;0;560651
20220923;3100;3107;1;1;560669;"Skr˝chov u Malöic";0;1;7;1;1;0;560669
20220923;4100;4103;1;1;560677;"äindelov·";0;1;7;1;1;0;560677
20220923;4100;4103;1;1;560685;"VintÌ¯ov";0;1;11;1;1;0;560685
20220923;4100;4103;1;1;560707;"V¯esov·";0;1;9;1;1;0;560707
20220923;3200;3207;1;2;560715;"Tachov";0;1;21;14;1;0;560715
20220923;3200;3207;1;1;560723;"Beneöovice";0;1;7;1;1;0;560723
20220923;3200;3207;1;2;560740;"Bezdruûice";0;1;15;1;1;0;560740
20220923;3200;3207;1;2;560758;"Bor";0;1;15;3;1;0;560758
20220923;3200;3207;1;1;560782;"Cebiv";0;1;7;;1;1;560782
20230107;3200;3207;1;1;560782;"Cebiv";0;1;7;1;2;0;560782
20220923;3200;3207;1;1;560804;"»·stkov";0;1;7;1;1;0;560804
20220923;3200;3207;1;2;560812;"»ernoöÌn";0;1;15;1;1;0;560812
20220923;3200;3207;1;1;560839;"Dlouh˝ ⁄jezd";0;1;7;1;1;0;560839
20240622;3200;3207;1;1;560839;"Dlouh˝ ⁄jezd";0;1;7;1;1;0;560839
20220923;3200;3207;1;1;560855;"Erpuûice";0;1;5;1;1;0;560855
20220923;3200;3207;1;1;560863;"Halûe";0;1;9;1;1;0;560863
20220923;3200;3207;1;1;560898;"Hoöùka";0;1;7;2;1;0;560898
20220923;3200;3207;1;6;560901;"Chodov· Plan·";0;1;15;1;1;0;560901
20220923;3200;3207;1;1;560910;"Chodsk˝ ⁄jezd";0;1;15;2;1;0;560910
20220923;3200;3207;1;2;560928;"Kladruby";0;1;15;3;1;0;560928
20220923;3200;3207;1;1;560952;"Konstantinovy L·znÏ";0;1;15;2;1;0;560952
20220923;3200;3207;1;1;560979;"Köice";0;1;7;1;1;0;560979
20220923;3100;3103;1;1;560987;"DrunËe";0;1;5;1;1;0;560987
20220923;3100;3103;1;1;560995;"RosiËka";0;1;5;1;1;0;560995
20220923;3200;3207;1;1;561002;"Lesn·";0;1;7;1;1;0;561002
20220923;3200;3207;1;1;561011;"Lestkov";0;1;9;1;1;0;561011
20220923;3100;3103;1;1;561029;"SvÏtce";0;1;5;1;1;0;561029
20220923;3100;3103;1;1;561037;"VÌcemil";0;1;5;1;1;0;561037
20220923;3100;3103;1;1;561045;"Smrûov";0;1;7;1;1;0;561045
20220923;3100;3103;1;1;561053;"Bedn·reËek";0;1;7;1;1;0;561053
20220923;3100;3103;1;1;561061;"HornÌ Skr˝chov";0;1;7;1;1;0;561061
20220923;3100;3103;1;1;561070;"PÌstina";0;1;7;1;1;0;561070
20220923;3100;3103;1;1;561088;"P¯Ìbraz";0;1;7;1;1;0;561088
20220923;6100;6103;1;1;561096;"Hojovice";0;1;7;1;1;0;561096
20220923;6100;6103;1;1;561100;"LidmaÚ";0;1;7;1;1;0;561100
20220923;6100;6103;1;1;561118;"B·covice";0;1;9;1;1;0;561118
20220923;6100;6103;1;1;561126;"BÏl·";0;1;5;1;1;0;561126
20220923;3200;3207;1;2;561134;"Plan·";0;1;15;5;1;0;561134
20220923;6100;6103;1;1;561142;"»ernov";0;1;7;1;1;0;561142
20220923;3200;3207;1;2;561151;"P¯imda";0;1;15;4;1;0;561151
20220923;3200;3207;1;1;561169;"Rozvadov";0;1;9;1;1;0;561169
20220923;6100;6103;1;1;561177;"Nov· Bukov·";0;1;7;1;1;0;561177
20220923;3200;3207;1;1;561185;"StarÈ SedliötÏ";0;1;9;1;1;0;561185
20220923;3200;3207;1;1;561193;"StarÈ Sedlo";0;1;7;1;1;0;561193
20220923;3200;3207;1;6;561207;"Str·û";0;1;9;1;1;0;561207
20220923;3200;3207;1;2;561215;"St¯Ìbro";0;1;15;6;1;0;561215
20220923;3200;3207;1;1;561223;"Stud·nka";0;1;7;1;1;0;561223
20220923;3200;3207;1;1;561231;"Sulislav";0;1;7;1;1;0;561231
20220923;6100;6103;1;1;561240;"Bo¯etice";0;1;7;1;1;0;561240
20220923;3200;3207;1;1;561258;"SvojöÌn";0;1;9;1;1;0;561258
20220923;6100;6103;1;1;561266;"Litohoöù";0;1;7;1;1;0;561266
20220923;6100;6103;1;1;561274;"Rovn·";0;1;7;1;1;0;561274
20220923;6100;6103;1;1;561282;"Lhota-Vlasenice";0;1;7;1;1;0;561282
20220923;3200;3207;1;1;561291;"TrpÌsty";0;1;7;1;1;0;561291
20220923;3200;3207;1;1;561304;"T¯emeönÈ";0;1;7;1;1;0;561304
20220923;6100;6103;1;1;561312;"Bu¯enice";0;1;7;1;1;0;561312
20220923;6100;6103;1;1;561321;"Chyön·";0;1;7;1;1;0;561321
20220923;6100;6103;1;1;561339;"Ch˝stovice";0;1;7;1;1;0;561339
20220923;6100;6103;1;1;561347;"Martinice u Onöova";0;1;7;1;1;0;561347
20220923;6100;6103;1;1;561355;"TÏchobuz";0;1;7;1;1;0;561355
20220923;6100;6103;1;1;561363;"Zho¯ec";0;1;7;1;1;0;561363
20220923;6100;6103;1;1;561371;"KrasÌkovice";0;1;7;1;1;0;561371
20220923;5100;5101;1;2;561380;"»esk· LÌpa";0;1;25;44;1;0;561380
20220923;5100;5101;1;1;561398;"BezdÏz";0;1;7;1;1;0;561398
20220923;5100;5101;1;1;561401;"Blatce";0;1;5;1;1;0;561401
20220923;5100;5101;1;1;561410;"BlÌûevedly";0;1;15;1;1;0;561410
20220923;5100;5101;1;1;561428;"Bohatice";0;1;5;1;1;0;561428
20220923;6100;6103;1;1;561436;"PolesÌ";0;1;7;1;1;0;561436
20220923;5100;5101;1;1;561444;"BrniötÏ";0;1;9;3;1;0;561444
20220923;6100;6103;1;1;561452;"StojËÌn";0;1;7;1;1;0;561452
20220923;6100;6103;1;1;561461;"Jankov";0;1;7;1;1;0;561461
20220923;5100;5101;1;2;561479;"Cvikov";0;1;21;5;1;0;561479
20220923;6100;6103;1;1;561487;"St¯Ìteû pod K¯emeönÌkem";0;1;7;1;1;0;561487
20220923;5100;5101;1;2;561495;"Doksy";0;1;15;6;1;0;561495
20220923;3100;3104;1;1;561509;"Probulov";0;1;7;1;1;0;561509
20220923;3100;3104;1;1;561517;"P¯eborov";0;1;7;1;1;0;561517
20220923;3100;3104;1;1;561525;"Horosedly";0;1;7;1;1;0;561525
20220923;5100;5101;1;2;561533;"Dub·";0;1;11;3;1;0;561533
20220923;5100;5101;1;1;561541;"Dubnice";0;1;9;1;1;0;561541
20220923;3100;3104;1;1;561550;"KoûlÌ";0;1;7;1;1;0;561550
20220923;3100;3105;1;1;561568;"NovÈ HutÏ";0;1;5;1;1;0;561568
20220923;3100;3105;1;1;561576;"Budkov";0;1;7;1;1;0;561576
20220923;5100;5101;1;6;561584;"Holany";0;1;9;1;1;0;561584
20220923;5100;5101;1;1;561592;"HornÌ Libchava";0;1;7;1;1;0;561592
20220923;5100;5101;1;1;561606;"HornÌ Police";0;1;9;1;1;0;561606
20220923;5100;5101;1;1;561614;"Chlum";0;1;7;1;1;0;561614
20220923;5100;5101;1;1;561622;"Chotovice";0;1;9;1;1;0;561622
20220923;5100;5103;1;2;561631;"JablonnÈ v PodjeötÏdÌ";0;1;17;7;1;0;561631
20220923;3100;3105;1;1;561649;"LËovice";0;1;9;1;1;0;561649
20220923;5100;5103;1;1;561657;"Janovice v PodjeötÏdÌ";0;1;7;1;1;0;561657
20220923;5100;5101;1;1;561665;"Jest¯ebÌ";0;1;9;1;1;0;561665
20220923;3100;3105;1;1;561673;"K¯iöùanov";0;1;7;1;1;0;561673
20220923;5100;5101;1;2;561681;"Kamenick˝ äenov";0;1;15;5;1;0;561681
20220923;3100;3106;1;1;561690;"H·jek";0;1;5;1;1;0;561690
20250913;3100;3106;1;1;561690;"H·jek";0;1;5;1;1;0;561690
20220923;3100;3103;1;1;561703;"»lunek";0;1;9;3;1;0;561703
20220923;3100;3103;1;1;561711;"Blaûejov";0;1;9;2;1;0;561711
20220923;5100;5101;1;1;561720;"Krava¯e";0;1;15;2;1;0;561720
20220923;5100;5101;1;1;561738;"Krompach";0;1;9;1;1;0;561738
20220923;5100;5101;1;1;561746;"Kunratice u Cvikova";0;1;11;1;1;0;561746
20220923;6100;6103;1;1;561754;"Eö";0;1;7;1;1;0;561754
20220923;6100;6103;1;1;561762;"Dobr· Voda u Pacova";0;1;7;1;1;0;561762
20220923;6100;6103;1;1;561771;"Vysok· Lhota";0;1;5;1;1;0;561771
20220923;6100;6103;1;1;561789;"Rodinov";0;1;7;1;1;0;561789
20220923;6100;6103;1;1;561797;"Vystrkov";0;1;7;1;1;0;561797
20220923;6100;6103;1;1;561801;"Bystr·";0;1;7;1;1;0;561801
20220923;6100;6103;1;1;561819;"MysletÌn";0;1;7;1;1;0;561819
20220923;5100;5101;1;1;561827;"Ma¯enice";0;1;13;2;1;0;561827
20220923;5100;5101;1;2;561835;"MimoÚ";0;1;17;6;1;0;561835
20220923;6100;6103;1;1;561843;"StarÈ B¯ÌötÏ";0;1;7;1;1;0;561843
20220923;5100;5101;1;1;561851;"Noviny pod Ralskem";0;1;7;1;1;0;561851
20220923;5100;5101;1;2;561860;"Nov˝ Bor";0;1;21;15;1;0;561860
20220923;5100;5101;1;1;561878;"Nov˝ Old¯ichov";0;1;9;1;1;0;561878
20220923;5100;5101;1;1;561886;"Okna";0;1;7;1;1;0;561886
20220923;5100;5101;1;1;561894;"Okrouhl·";0;1;13;1;1;0;561894
20220923;6100;6103;1;1;561908;"éirov";0;1;7;1;1;0;561908
20220923;6100;6103;1;1;561916;"Pavlov";0;1;5;1;1;0;561916
20220923;6100;6103;1;1;561924;"Deht·¯e";0;1;7;1;1;0;561924
20220923;6100;6103;1;1;561932;"Dobr· Voda";0;1;7;1;1;0;561932
20220923;6100;6103;1;1;561941;"ProseË pod K¯emeönÌkem";0;1;7;1;1;0;561941
20220923;5100;5101;1;1;561959;"Polevsko";0;1;11;1;1;0;561959
20220923;6100;6103;1;1;561967;"Oleön·";0;1;9;1;1;0;561967
20220923;6100;6103;1;1;561975;"ZajÌËkov";0;1;7;1;1;0;561975
20220923;5100;5101;1;1;561983;"ProvodÌn";0;1;9;1;1;0;561983
20220923;5100;5101;1;1;561991;"Prysk";0;1;9;1;1;0;561991
20220923;6100;6103;1;1;562009;"Ryn·rec";0;1;7;1;1;0;562009
20220923;5100;5101;1;2;562017;"Ralsko";0;1;15;3;1;0;562017
20220923;5100;5101;1;1;562025;"Skalice u »eskÈ LÌpy";0;1;11;1;1;0;562025
20220923;6100;6103;1;1;562033;"⁄tÏchovice pod StraûiötÏm";0;1;7;1;1;0;562033
20220923;6100;6103;1;1;562041;"Lesn·";0;1;7;1;1;0;562041
20220923;5100;5101;1;1;562050;"Sloup v »ech·ch";0;1;11;1;1;0;562050
20220923;3100;3104;1;1;562068;"Rakovice";0;1;9;1;1;0;562068
20220923;5100;5101;1;1;562076;"Sosnov·";0;1;15;1;1;0;562076
20220923;3100;3104;1;1;562084;"Jickovice";0;1;9;1;1;0;562084
20220923;5100;5101;1;2;562092;"Str·û pod Ralskem";0;1;17;3;1;0;562092
20220923;5100;5101;1;1;562106;"Struûnice";0;1;9;2;1;0;562106
20220923;5100;5101;1;1;562114;"StvolÌnky";0;1;7;1;1;0;562114
20220923;3100;3104;1;1;562122;"Boudy";0;1;7;1;1;0;562122
20220923;5100;5101;1;1;562131;"Svor";0;1;9;1;1;0;562131
20220923;3100;3104;1;1;562149;"Minice";0;1;9;1;1;0;562149
20220923;3100;3104;1;1;562157;"Nerestce";0;1;7;1;1;0;562157
20220923;3100;3104;1;1;562165;"ZvÌkovskÈ PodhradÌ";0;1;9;1;1;0;562165
20220923;5100;5101;1;1;562173;"Velenice";0;1;9;1;1;0;562173
20230325;3100;3104;1;1;562181;"K¯enovice";0;1;7;1;1;0;562181
20220923;3100;3104;1;1;562181;"K¯enovice";0;1;7;1;1;0;562181
20220923;3100;3104;1;1;562190;"Oleön·";0;1;7;1;1;0;562190
20220923;5100;5101;1;1;562203;"Velk˝ Valtinov";0;1;7;1;1;0;562203
20220923;3100;3104;1;1;562211;"Varvaûov";0;1;7;1;1;0;562211
20220923;5100;5101;1;1;562220;"Volfartice";0;1;7;1;1;0;562220
20220923;5100;5101;1;1;562238;"Vrchovany";0;1;7;1;1;0;562238
20220923;5100;5101;1;1;562246;"Zahr·dky";0;1;11;1;1;0;562246
20241207;3100;3104;1;1;562254;"Paseky";0;1;5;1;1;0;562254
20220923;3100;3104;1;1;562254;"Paseky";0;1;5;1;1;0;562254
20220923;5100;5101;1;2;562262;"Z·kupy";0;1;15;3;1;0;562262
20220923;3100;3104;1;1;562271;"Temeöv·r";0;1;7;1;1;0;562271
20220923;3100;3104;1;1;562289;"VojnÌkov";0;1;5;1;1;0;562289
20220923;5100;5101;1;2;562297;"éandov";0;1;15;4;1;0;562297
20220923;3100;3104;1;1;562301;"DolnÌ Novosedly";0;1;5;1;1;0;562301
20220923;3100;3103;1;1;562319;"HornÌ Slatina";0;1;7;1;1;0;562319
20220923;3100;3103;1;1;562327;"T¯ebÏtice";0;1;7;1;1;0;562327
20220923;4200;4201;1;3;562335;"DÏËÌn";0;1;27;55;1;0;562335
20220923;4200;4201;1;1;562343;"Arnoltice";0;1;7;1;1;0;562343
20220923;4200;4201;1;2;562351;"Beneöov nad PlouËnicÌ";0;1;15;3;1;0;562351
20220923;3100;3103;1;1;562360;"Nov· Ves nad LuûnicÌ";0;1;7;1;1;0;562360
20220923;3100;3103;1;1;562378;"StaÚkov";0;1;5;1;1;0;562378
20220923;3100;3103;1;1;562386;"Hamr";0;1;7;1;1;0;562386
20220923;4200;4201;1;2;562394;"»esk· Kamenice";0;1;21;5;1;0;562394
20220923;4200;4201;1;1;562408;"Dobkovice";0;1;9;1;1;0;562408
20220923;3100;3103;1;1;562416;"Dobrohoöù";0;1;7;1;1;0;562416
20220923;3100;3103;1;1;562424;"éupanovice";0;1;5;1;1;0;562424
20250913;3100;3103;1;1;562424;"éupanovice";0;1;5;1;1;0;562424
20220923;4200;4201;1;1;562432;"DolnÌ PodluûÌ";0;1;9;1;1;0;562432
20220923;4200;4201;1;2;562441;"DolnÌ Poustevna";0;1;9;2;1;0;562441
20220923;3100;3103;1;1;562459;"PolötÏ";0;1;7;1;1;0;562459
20250913;3100;3103;1;1;562467;"DolnÌ PÏna";0;1;7;1;1;0;562467
20220923;3100;3103;1;1;562467;"DolnÌ PÏna";0;1;7;1;1;0;562467
20220923;3100;3103;1;1;562475;"Okrouhl· RadouÚ";0;1;7;1;1;0;562475
20220923;4200;4201;1;1;562483;"He¯manov";0;1;7;2;1;0;562483
20220923;3100;3103;1;1;562491;"KaËlehy";0;1;7;1;1;0;562491
20220923;4200;4201;1;1;562505;"HornÌ PodluûÌ";0;1;9;1;1;0;562505
20220923;4200;4201;1;1;562513;"H¯ensko";0;1;7;1;1;0;562513
20220923;4200;4201;1;1;562521;"HuntÌ¯ov";0;1;9;3;1;0;562521
20220923;4200;4201;1;2;562530;"Ch¯ibsk·";0;1;9;1;1;0;562530
20220923;3100;3103;1;1;562548;"Bedn·rec";0;1;7;1;1;0;562548
20220923;4200;4201;1;1;562556;"Jet¯ichovice";0;1;7;1;1;0;562556
20220923;4200;4201;1;2;562564;"JÌlovÈ";0;1;17;4;1;0;562564
20220923;4200;4201;1;1;562572;"Ji¯etÌn pod Jedlovou";0;1;7;1;1;0;562572
20220923;4200;4201;1;2;562581;"Ji¯Ìkov";0;1;15;3;1;0;562581
20220923;3100;3103;1;1;562599;"Velk˝ RatmÌrov";0;1;7;1;1;0;562599
20220923;3100;3103;1;1;562602;"DolnÌ éÔ·r";0;1;5;1;1;0;562602
20220923;4200;4201;1;2;562611;"Kr·sn· LÌpa";0;1;21;5;1;0;562611
20220923;3100;3103;1;1;562629;"Vyd¯Ì";0;1;7;1;1;0;562629
20220923;3100;3103;1;1;562637;"Frahelû";0;1;7;1;1;0;562637
20220923;4200;4201;1;1;562645;"Kytlice";0;1;11;1;1;0;562645
20220923;3100;3103;1;1;562653;"PonÏdr·ûka";0;1;7;1;1;0;562653
20220923;4200;4201;1;1;562661;"Lipov·";0;1;7;1;1;0;562661
20220923;3100;3103;1;1;562670;"PonÏdraû";0;1;7;1;1;0;562670
20220923;3100;3103;1;1;562688;"Klec";0;1;5;1;1;0;562688
20220923;3100;3103;1;1;562696;"Hadravova RosiËka";0;1;5;1;1;0;562696
20220923;4200;4201;1;1;562700;"Mal· VeleÚ";0;1;7;1;1;0;562700
20220923;4200;4201;1;1;562718;"Malöovice";0;1;9;1;1;0;562718
20220923;3100;3103;1;1;562726;"B·Úovice";0;1;7;1;1;0;562726
20220923;3100;3103;1;1;562734;"Nov· Oleön·";0;1;5;1;1;0;562734
20220923;3100;3103;1;1;562742;"Bo¯etÌn";0;1;7;1;1;0;562742
20220923;4200;4201;1;2;562751;"Mikul·öovice";0;1;11;3;1;0;562751
20220923;3100;3103;1;1;562769;"Jilem";0;1;7;1;1;0;562769
20220923;4200;4201;1;2;562777;"Rumburk";0;1;23;9;1;0;562777
20220923;3100;3103;1;1;562785;"HornÌ NÏmËice";0;1;7;1;1;0;562785
20220923;4200;4201;1;1;562793;"RybniötÏ";0;1;7;1;1;0;562793
20220923;3100;3103;1;1;562807;"Hal·mky";0;1;5;1;1;0;562807
20220923;3100;3103;1;1;562815;"Dunajovice";0;1;7;1;1;0;562815
20220923;4200;4201;1;1;562823;"StarÈ K¯eËany";0;1;9;2;1;0;562823
20220923;3100;3103;1;1;562831;"HrachoviötÏ";0;1;5;1;1;0;562831
20220923;3100;3103;1;1;562840;"DomanÌn";0;1;9;1;1;0;562840
20220923;4200;4201;1;2;562858;"äluknov";0;1;15;4;1;0;562858
20220923;3100;3107;1;1;562866;"Maûice";0;1;7;1;1;0;562866
20230325;4200;4201;1;1;562874;"Valke¯ice";0;1;7;1;1;0;562874
20220923;4200;4201;1;1;562874;"Valke¯ice";0;1;7;1;1;0;562874
20220923;4200;4201;1;2;562882;"Varnsdorf";0;1;21;13;1;0;562882
20220923;4200;4201;1;1;562891;"Velk· Bukovina";0;1;7;1;1;0;562891
20220923;3100;3107;1;1;562904;"Hodonice";0;1;7;1;1;0;562904
20220923;4200;4201;1;2;562912;"Velk˝ äenov";0;1;15;1;1;0;562912
20220923;4200;4201;1;2;562921;"Verne¯ice";0;1;9;1;1;0;562921
20220923;4200;4201;1;1;562939;"VeselÈ";0;1;7;1;1;0;562939
20220923;4200;4201;1;1;562947;"VilÈmov";0;1;9;1;1;0;562947
20220923;3100;3107;1;1;562955;"KoöÌn";0;1;5;1;1;0;562955
20220923;3100;3107;1;1;562963;"Jedlany";0;1;7;1;1;0;562963
20220923;4200;4202;1;3;562971;"Chomutov";0;1;35;40;1;0;562971
20220923;4200;4202;1;1;562980;"BÌlence";0;1;9;1;1;0;562980
20220923;4200;4202;1;1;562998;"Blatno";0;1;9;1;1;0;562998
20220923;4200;4202;1;1;563005;"Bolebo¯";0;1;9;1;1;0;563005
20220923;4200;4202;1;1;563013;"B¯ezno";0;1;15;1;1;0;563013
20220923;4200;4202;1;1;563021;"»ernovice";0;1;9;1;1;0;563021
20220923;3100;3107;1;1;563030;"Krtov";0;1;7;1;1;0;563030
20220923;4200;4202;1;1;563048;"DomaöÌn";0;1;7;1;1;0;563048
20230617;4200;4202;1;1;563048;"DomaöÌn";0;1;7;1;1;0;563048
20220923;4200;4202;1;1;563056;"Drouûkovice";0;1;7;1;1;0;563056
20220923;4200;4202;1;1;563064;"Hora SvatÈho äebesti·na";0;1;9;1;1;0;563064
20220923;4200;4202;1;1;563072;"Hruöovany";0;1;7;1;1;0;563072
20220923;4200;4202;1;1;563081;"Chbany";0;1;9;1;1;0;563081
20220923;4200;4202;1;2;563099;"Jirkov";0;1;25;13;1;0;563099
20220923;4200;4202;1;2;563102;"KadaÚ";0;1;27;12;1;0;563102
20220923;4200;4202;1;1;563111;"Kalek";0;1;9;1;1;0;563111
20220923;4200;4202;1;2;563129;"Kl·öterec nad Oh¯Ì";0;1;21;11;1;0;563129
20220923;4200;4202;1;6;563137;"Kov·¯sk·";0;1;15;1;1;0;563137
20220923;3100;3107;1;1;563145;"ChrbonÌn";0;1;7;1;1;0;563145
20220923;3100;3107;1;1;563153;"T¯ebÏjice";0;1;7;1;1;0;563153
20220923;4200;4202;1;1;563161;"K¯imov";0;1;9;1;1;0;563161
20220923;3100;3107;1;1;563170;"Svrabov";0;1;5;1;1;0;563170
20220923;4200;4202;1;1;563188;"LibÏdice";0;1;7;1;1;0;563188
20220923;3100;3107;1;1;563196;"Radimovice u T·bora";0;1;7;1;1;0;563196
20220923;4200;4202;1;1;563200;"M·lkov";0;1;9;1;1;0;563200
20220923;4200;4202;1;2;563218;"Maöùov";0;1;9;1;1;0;563218
20220923;4200;4202;1;1;563226;"MÏdÏnec";0;1;9;1;1;0;563226
20220923;3100;3107;1;1;563234;"Mezi¯ÌËÌ";0;1;9;1;1;0;563234
20220923;4200;4202;1;1;563242;"MÌsto";0;1;9;1;1;0;563242
20220923;3100;3107;1;1;563251;"Balkova Lhota";0;1;5;1;1;0;563251
20220923;4200;4202;1;1;563269;"Okounov";0;1;7;1;1;0;563269
20220923;4200;4202;1;1;563277;"Otvice";0;1;9;1;1;0;563277
20220923;4200;4202;1;1;563285;"Perötejn";0;1;7;1;1;0;563285
20220923;4200;4202;1;1;563293;"PÏtipsy";0;1;5;1;1;0;563293
20220923;3100;3107;1;1;563307;"Drhovice";0;1;7;1;1;0;563307
20220923;4200;4202;1;1;563315;"Kryötofovy Hamry";0;1;9;1;1;0;563315
20220923;4200;4202;1;1;563323;"Radonice";0;1;9;1;1;0;563323
20220923;4200;4202;1;1;563331;"Rokle";0;1;7;1;1;0;563331
20220923;4200;4202;1;1;563340;"Spo¯ice";0;1;11;1;1;0;563340
20220923;4200;4202;1;1;563358;"StrupËice";0;1;9;1;1;0;563358
20220923;3100;3107;1;1;563366;"BeËice";0;1;7;1;1;0;563366
20220923;3100;3107;1;1;563374;"Ps·rov";0;1;7;1;1;0;563374
20220923;4200;4202;1;1;563382;"⁄dlice";0;1;15;1;1;0;563382
20220923;4200;4202;1;2;563404;"Vejprty";0;1;15;3;1;0;563404
20220923;4200;4202;1;1;563412;"Velik· Ves";0;1;9;1;1;0;563412
20220923;4200;4202;1;1;563439;"VilÈmov";0;1;9;1;1;0;563439
20220923;3100;3107;1;1;563447;"VlËeves";0;1;6;1;1;0;563447
20220923;3100;3107;1;1;563455;"Nov· Ves u MladÈ Voûice";0;1;7;1;1;0;563455
20220923;4200;4202;1;1;563463;"VrskmaÚ";0;1;7;1;1;0;563463
20220923;4200;4202;1;1;563471;"Vöehrdy";0;1;7;1;1;0;563471
20220923;4200;4202;1;1;563480;"Vöestudy";0;1;7;1;1;0;563480
20220923;4200;4202;1;2;563498;"V˝slunÌ";0;1;9;1;1;0;563498
20220923;4200;4202;1;1;563501;"Vysok· Pec";0;1;9;1;1;0;563501
20220923;5100;5102;1;3;563510;"Jablonec nad Nisou";0;1;30;49;1;0;563510
20220923;5100;5102;1;1;563528;"Albrechtice v Jizersk˝ch hor·ch";0;1;7;1;1;0;563528
20220923;5100;5102;1;1;563536;"Bed¯ichov";0;1;9;1;1;0;563536
20220923;3100;3107;1;1;563544;"LibÏjice";0;1;7;1;1;0;563544
20220923;5100;5102;1;2;563552;"Desn·";0;1;15;3;1;0;563552
20220923;5100;5102;1;1;563561;"Drûkov";0;1;9;1;1;0;563561
20220923;5100;5102;1;1;563579;"Fr˝dötejn";0;1;11;3;1;0;563579
20220923;3100;3107;1;1;563587;"Lom";0;1;7;1;1;0;563587
20220923;5100;5102;1;1;563595;"Janov nad Nisou";0;1;9;1;1;0;563595
20220923;5100;5102;1;1;563609;"Jeniöovice";0;1;11;2;1;0;563609
20220923;5100;5102;1;1;563617;"JÌlovÈ u Drûkova";0;1;7;1;1;0;563617
20220923;3100;3107;1;1;563625;"Haökovcova Lhota";0;1;7;1;1;0;563625
20220923;5100;5102;1;1;563633;"Josef˘v D˘l";0;1;9;1;1;0;563633
20220923;5100;5102;1;1;563641;"Koberovy";0;1;11;3;1;0;563641
20220923;3100;3107;1;1;563650;"Dlouh· Lhota";0;1;7;1;1;0;563650
20220923;5100;5102;1;1;563668;"Ko¯enov";0;1;9;3;1;0;563668
20220923;5100;5102;1;1;563676;"LÌön˝";0;1;7;1;1;0;563676
20220923;5100;5102;1;1;563684;"Louûnice";0;1;7;1;1;0;563684
20220923;5100;5102;1;2;563692;"LuËany nad Nisou";0;1;9;3;1;0;563692
20220923;5100;5102;1;1;563706;"Mal· Sk·la";0;1;11;3;1;0;563706
20220923;5100;5102;1;1;563714;"Maröovice";0;1;7;1;1;0;563714
20220923;3100;3107;1;1;563722;"»ern˝öovice";0;1;7;1;1;0;563722
20241207;3100;3107;1;1;563722;"»ern˝öovice";0;1;7;1;1;0;563722
20220923;5100;5102;1;1;563731;"Nov· Ves nad Nisou";0;1;11;1;1;0;563731
20220923;5100;5102;1;1;563749;"PÏnËÌn";0;1;15;4;1;0;563749
20220923;5100;5102;1;1;563757;"Plavy";0;1;11;2;1;0;563757
20220923;3100;3107;1;1;563765;"Drahov";0;1;7;1;1;0;563765
20220923;5100;5102;1;1;563773;"RadËice";0;1;5;1;1;0;563773
20220923;5100;5102;1;1;563781;"R·dlo";0;1;9;1;1;0;563781
20220923;5100;5102;1;2;563790;"Rychnov u Jablonce nad Nisou";0;1;15;1;1;0;563790
20220923;5100;5102;1;1;563803;"Skuhrov";0;1;7;1;1;0;563803
20220923;5100;5102;1;2;563811;"Smrûovka";0;1;17;4;1;0;563811
20220923;5100;5102;1;2;563820;"Tanvald";0;1;21;7;1;0;563820
20220923;5100;5102;1;2;563838;"VelkÈ Hamry";0;1;15;3;1;0;563838
20220923;5100;5102;1;1;563846;"Vlastibo¯";0;1;5;1;1;0;563846
20220923;5100;5102;1;6;563854;"Z·sada";0;1;11;1;1;0;563854
20220923;5100;5102;1;1;563862;"Zlat· Oleönice";0;1;9;3;1;0;563862
20220923;5100;5102;1;2;563871;"éelezn˝ Brod";0;1;15;9;1;0;563871
20220923;5100;5103;1;3;563889;"Liberec";0;1;39;87;1;0;
20220923;3100;3107;1;1;563897;"éÌöov";0;1;7;1;1;0;563897
20220923;5100;5103;1;1;563901;"BÌl·";0;1;11;4;1;0;563901
20220923;5100;5103;1;1;563919;"BÌl˝ Kostel nad Nisou";0;1;9;1;1;0;563919
20220923;3100;3107;1;1;563927;"ZadnÌ St¯Ìteû";0;1;5;1;1;0;563927
20220923;5100;5103;1;1;563935;"Bulovka";0;1;9;2;1;0;563935
20220923;5100;5103;1;1;563943;"Cetenov";0;1;7;1;1;0;563943
20220923;3100;3106;1;1;563951;"⁄nice";0;1;5;1;1;0;563951
20220923;5100;5103;1;2;563960;"»esk˝ Dub";0;1;15;6;1;0;563960
20220923;3100;3105;1;1;563978;"Kubova Huù";0;1;7;1;1;0;563978
20220923;3100;3107;1;1;563986;"Klenovice";0;1;7;1;1;0;563986
20220923;5100;5103;1;1;563994;"DolnÌ ÿasnice";0;1;9;1;1;0;563994
20220923;5100;5103;1;2;564028;"Fr˝dlant";0;1;21;6;1;0;564028
20220923;5100;5103;1;1;564036;"Habartice";0;1;9;1;1;0;564036
20220923;5100;5103;1;2;564044;"Hejnice";0;1;15;4;1;0;564044
20220923;5100;5103;1;1;564052;"Hlavice";0;1;9;1;1;0;564052
20220923;5100;5103;1;2;564061;"Hodkovice nad Mohelkou";0;1;15;2;1;0;564061
20220923;5100;5103;1;1;564079;"HornÌ ÿasnice";0;1;7;1;1;0;564079
20220923;2100;2103;1;1;564087;"Poötovice";0;1;7;1;1;0;564087
20220923;5100;5103;1;2;564095;"Hr·dek nad Nisou";0;1;25;9;1;0;564095
20220923;5100;5103;1;1;564109;"ChotynÏ";0;1;15;1;1;0;564109
20220923;5100;5103;1;2;564117;"Chrastava";0;1;19;5;1;0;564117
20220923;2100;2103;1;1;564125;"Plchov";0;1;7;1;1;0;564125
20240622;2100;2103;1;1;564125;"Plchov";0;1;7;1;1;0;564125
20231209;2100;2103;1;1;564125;"Plchov";0;1;7;1;1;0;564125
20230617;2100;2103;1;1;564125;"Plchov";0;1;7;1;1;0;564125
20220923;5100;5103;1;1;564133;"Jind¯ichovice pod Smrkem";0;1;9;1;1;0;564133
20220923;5100;5103;1;1;564141;"Kobyly";0;1;7;1;1;0;564141
20220923;2100;2103;1;1;564150;"LibochoviËky";0;1;7;1;1;0;564150
20220923;5100;5103;1;1;564168;"Kr·sn˝ Les";0;1;9;1;1;0;564168
20220923;5100;5103;1;1;564176;"Kryötofovo ⁄dolÌ";0;1;9;1;1;0;564176
20220923;5100;5103;1;1;564184;"K¯iûany";0;1;15;2;1;0;564184
20220923;2100;2103;1;1;564192;"P·leË";0;1;7;1;1;0;564192
20220923;5100;5103;1;1;564206;"L·znÏ Libverda";0;1;9;1;1;0;564206
20220923;2100;2111;1;1;564214;"PoËaply";0;1;7;1;1;0;564214
20220923;2100;2111;1;1;564222;"Nestraöovice";0;1;5;1;1;0;564222
20220923;5100;5103;1;1;564231;"MnÌöek";0;1;9;1;1;0;564231
20220923;2100;2111;1;1;564249;"Chr·st";0;1;9;1;1;0;564249
20220923;2100;2111;1;1;564257;"HorË·psko";0;1;5;1;1;0;564257
20220923;5100;5103;1;2;564265;"NovÈ MÏsto pod Smrkem";0;1;17;4;1;0;564265
20220923;2100;2111;1;1;564273;"Svojöice";0;1;7;1;1;0;564273
20220923;5100;5103;1;1;564281;"Old¯ichov v H·jÌch";0;1;7;1;1;0;564281
20220923;5100;5103;1;2;564290;"OseËn·";0;1;11;1;1;0;564290
20220923;5100;5103;1;1;564303;"PÏnËÌn";0;1;9;1;1;0;564303
20220923;5100;5103;1;1;564311;"Pertoltice";0;1;9;1;1;0;564311
20220923;2100;2111;1;1;564320;"Zbenice";0;1;7;1;1;0;564320
20220923;2100;2111;1;1;564338;"éupanovice";0;1;7;1;1;0;564338
20220923;2100;2111;1;1;564346;"Lazsko";0;1;5;1;1;0;564346
20220923;5100;5103;1;1;564354;"P¯Ìöovice";0;1;15;1;1;0;564354
20220923;2100;2111;1;1;564362;"VranËice";0;1;7;1;1;0;564362
20220923;5100;5103;1;2;564371;"Raspenava";0;1;15;3;1;0;564371
20220923;2100;2111;1;1;564389;"RadÏtice";0;1;7;1;1;0;564389
20220923;5100;5103;1;1;564397;"Rynoltice";0;1;9;2;1;0;564397
20220923;5100;5103;1;1;564401;"SobÏslavice";0;1;7;1;1;0;564401
20220923;2100;2111;1;1;564419;"CetynÏ";0;1;7;1;1;0;564419
20220923;5100;5103;1;1;564427;"SvÏtl· pod JeötÏdem";0;1;7;1;1;0;564427
20220923;5100;5103;1;1;564435;"Svijansk˝ ⁄jezd";0;1;7;1;1;0;564435
20220923;5100;5103;1;1;564443;"Svijany";0;1;9;1;1;0;564443
20220923;5100;5103;1;1;564451;"Sychrov";0;1;7;2;1;0;564451
20220923;5100;5103;1;1;564460;"äimonovice";0;1;9;1;1;0;564460
20220923;2100;2111;1;1;564478;"Narysov";0;1;5;1;1;0;564478
20230325;2100;2111;1;1;564478;"Narysov";0;1;5;1;1;0;564478
20220923;2100;2111;1;1;564486;"PodlesÌ";0;1;11;1;1;0;564486
20220923;5100;5103;1;1;564494;"ViöÚov·";0;1;15;5;1;0;564494
20220923;2100;2111;1;1;564508;"Dubno";0;1;7;1;1;0;564508
20220923;5100;5103;1;1;564516;"Vlastibo¯ice";0;1;7;1;1;0;564516
20220923;2100;2111;1;1;564524;"Nepomuk";0;1;5;1;1;0;564524
20220923;5100;5103;1;1;564532;"Vöelibice";0;1;15;2;1;0;564532
20220923;5100;5103;1;6;564541;"Zdislava";0;1;7;1;1;0;564541
20220923;2100;2111;1;1;564559;"Bohostice";0;1;7;1;1;0;564559
20220923;4200;4203;1;2;564567;"LitomÏ¯ice";0;1;27;30;1;0;564567
20220923;4200;4203;1;1;564575;"BechlÌn";0;1;11;2;1;0;564575
20220923;2100;2111;1;1;564583;"Starosedlsk˝ Hr·dek";0;1;7;1;1;0;564583
20220923;4200;4203;1;2;564591;"Bohuöovice nad Oh¯Ì";0;1;15;3;1;0;564591
20220923;2100;2111;1;1;564605;"HlubynÏ";0;1;7;1;1;0;564605
20220923;4200;4203;1;1;564613;"BrÚany";0;1;9;1;1;0;564613
20220923;4200;4203;1;6;564621;"Brozany nad Oh¯Ì";0;1;15;1;1;0;564621
20220923;2100;2111;1;1;564630;"Sedlice";0;1;7;2;1;0;564630
20220923;4200;4203;1;1;564648;"B¯Ìza";0;1;7;1;1;0;564648
20220923;4200;4203;1;2;564656;"BudynÏ nad Oh¯Ì";0;1;15;7;1;0;564656
20220923;2100;2111;1;1;564664;"Bukovany";0;1;5;1;1;0;564664
20220923;4200;4203;1;1;564672;"CtinÏves";0;1;7;1;1;0;564672
20220923;2100;2104;1;1;564681;"Drahobudice";0;1;5;1;1;0;564681
20220923;4200;4203;1;1;564699;"»erniv";0;1;7;1;1;0;564699
20220923;2100;2104;1;1;564702;"Masojedy";0;1;7;1;1;0;564702
20220923;4200;4203;1;1;564711;"»Ìûkovice";0;1;15;1;1;0;564711
20220923;4200;4203;1;1;564729;"DÏËany";0;1;9;1;1;0;564729
20220923;4200;4203;1;1;564737;"Dlaûkovice";0;1;7;1;1;0;564737
20220923;4200;4203;1;1;564745;"Dob¯ÌÚ";0;1;9;1;1;0;564745
20220923;4200;4203;1;1;564753;"Doksany";0;1;7;1;1;0;564753
20220923;2100;2109;1;1;564761;"Konojedy";0;1;7;1;1;0;564761
20220923;4200;4203;1;1;564770;"Drahobuz";0;1;7;1;1;0;564770
20220923;2100;2109;1;1;564788;"Prusice";0;1;7;1;1;0;564788
20220923;2100;2109;1;1;564796;"V˝ûerky";0;1;7;1;1;0;564796
20220923;2100;2104;1;1;564800;"HradeöÌn";0;1;7;1;1;0;564800
20220923;4200;4203;1;1;564818;"DuönÌky";0;1;7;1;1;0;564818
20220923;2100;2104;1;1;564826;"Vr·tkov";0;1;7;1;1;0;564826
20220923;4200;4203;1;1;564834;"EvaÚ";0;1;9;1;1;0;564834
20220923;4200;4203;1;1;564842;"Hlinn·";0;1;7;1;1;0;564842
20220923;4200;4203;1;1;564851;"HornÌ Be¯kovice";0;1;15;1;1;0;564851
20220923;2100;2109;1;1;564869;"B¯ezÌ";0;1;7;1;1;0;564869
20220923;4200;4203;1;2;564877;"Hoötka";0;1;15;1;1;0;564877
20220923;2100;2109;1;1;564885;"Doubek";0;1;7;1;1;0;564885
20220923;4200;4203;1;1;564893;"Hrobce";0;1;9;2;1;0;564893
20220923;2100;2109;1;1;564907;"Nupaky";0;1;9;1;1;0;564907
20220923;2100;2109;1;1;564915;"Herink";0;1;9;1;1;0;564915
20220923;4200;4203;1;1;564923;"Chodouny";0;1;9;2;1;0;564923
20220923;4200;4203;1;1;564931;"Chodovlice";0;1;7;1;1;0;564931
20220923;4200;4203;1;1;564940;"ChotÏöov";0;1;7;1;1;0;564940
20220923;4200;4203;1;1;564958;"ChotimÏ¯";0;1;7;1;1;0;564958
20220923;4200;4203;1;1;564966;"ChotinÏves";0;1;7;1;1;0;564966
20220923;2100;2109;1;1;564974;"K·ran˝";0;1;7;1;1;0;564974
20220923;2100;2109;1;1;564982;"KvÏtnice";0;1;7;1;1;0;564982
20230916;2100;2109;1;1;564982;"KvÏtnice";0;1;7;1;1;0;564982
20220923;2100;2109;1;1;564991;"K¯enice";0;1;7;1;1;0;564991
20220923;2100;2109;1;1;565008;"DobroËovice";0;1;7;1;1;0;565008
20220923;4200;4203;1;1;565016;"Keblice";0;1;7;1;1;0;565016
20220923;4200;4203;1;1;565024;"Klap˝";0;1;9;1;1;0;565024
20220923;4200;4203;1;1;565032;"KleneË";0;1;7;1;1;0;565032
20220923;2100;2112;1;1;565041;"B¯eûany";0;1;7;1;1;0;565041
20220923;4200;4203;1;1;565059;"Kostomlaty pod ÿÌpem";0;1;9;1;1;0;565059
20220923;4200;4203;1;1;565067;"KrabËice";0;1;9;2;1;0;565067
20220923;4200;4203;1;1;565075;"K¯esÌn";0;1;7;1;1;0;565075
20220923;4200;4203;1;1;565083;"K¯eöice";0;1;9;4;1;0;565083
20220923;4200;4203;1;1;565091;"Kyökovice";0;1;9;1;1;0;565091
20220923;4200;4203;1;6;565105;"LevÌn";0;1;5;1;1;0;565105
20220923;4200;4203;1;1;565113;"Lhotka nad Labem";0;1;7;1;1;0;565113
20220923;4200;4203;1;1;565121;"LibÏöice";0;1;15;2;1;0;565121
20220923;2100;2112;1;1;565130;"Vöesulov";0;1;5;1;1;0;565130
20230916;2100;2112;1;1;565130;"Vöesulov";0;1;5;;1;1;565130
20240323;2100;2112;1;1;565130;"Vöesulov";0;1;5;1;2;0;565130
20220923;4200;4203;1;1;565148;"Libkovice pod ÿÌpem";0;1;7;1;1;0;565148
20240323;4200;4203;1;1;565156;"Libochovany";0;1;7;1;1;0;565156
20220923;4200;4203;1;1;565156;"Libochovany";0;1;7;1;1;0;565156
20220923;4200;4203;1;2;565164;"Libochovice";0;1;15;5;1;0;565164
20220923;4200;4203;1;1;565172;"Libotenice";0;1;9;1;1;0;565172
20220923;2100;2112;1;1;565181;"DÏkov";0;1;5;1;1;0;565181
20220923;2100;2112;1;1;565199;"Koleöov";0;1;7;1;1;0;565199
20220923;2100;2112;1;1;565202;"Hracholusky";0;1;5;1;1;0;565202
20220923;4200;4203;1;1;565211;"LoveËkovice";0;1;9;1;1;0;565211
20220923;4200;4203;1;2;565229;"Lovosice";0;1;21;10;1;0;565229
20220923;4200;4203;1;1;565237;"Lukavec";0;1;7;1;1;0;565237
20220923;4200;4203;1;1;565245;"MalÈ éernoseky";0;1;15;1;1;0;565245
20220923;4200;4203;1;1;565253;"MartinÏves";0;1;11;3;1;0;565253
20220923;2100;2112;1;1;565261;"P¯Ìlepy";0;1;5;1;1;0;565261
20220923;2100;2112;1;1;565270;"Janov";0;1;5;1;1;0;565270
20220923;2100;2112;1;1;565288;"Karlova Ves";0;1;7;1;1;0;565288
20220923;4200;4203;1;1;565296;"MlÈkojedy";0;1;7;1;1;0;565296
20220923;4200;4203;1;1;565300;"MnetÏö";0;1;7;1;1;0;565300
20220923;4200;4203;1;1;565318;"MöenÈ-l·znÏ";0;1;15;5;1;0;565318
20220923;2100;2112;1;1;565326;"ävihov";0;1;7;1;1;0;565326
20220923;2100;2112;1;1;565334;"Hvozd";0;1;7;1;1;0;565334
20220923;4200;4203;1;1;565342;"NovÈ Dvory";0;1;7;2;1;0;565342
20220923;2100;2112;1;1;565351;"Krakov";0;1;7;1;1;0;565351
20220923;2100;2112;1;1;565369;"Krakovec";0;1;7;1;1;0;565369
20220923;2100;2112;1;1;565377;"Malinov·";0;1;7;1;1;0;565377
20220923;2100;2112;1;1;565385;"Kozojedy";0;1;5;1;1;0;565385
20220923;4200;4203;1;1;565393;"Ploskovice";0;1;7;1;1;0;565393
20220923;2100;2112;1;1;565407;"Smilovice";0;1;7;1;1;0;565407
20220923;4200;4203;1;1;565415;"Podsedice";0;1;13;2;1;0;565415
20220923;2100;2112;1;1;565423;"BdÌn";0;1;7;1;1;0;565423
20241005;2100;2112;1;1;565423;"BdÌn";0;1;7;1;1;0;565423
20220923;4200;4203;1;1;565431;"Polepy";0;1;7;1;1;0;565431
20220923;2100;2112;1;1;565440;"Kalivody";0;1;5;1;1;0;565440
20230325;4200;4203;1;1;565458;"Prackovice nad Labem";0;1;7;2;1;0;565458
20220923;4200;4203;1;1;565458;"Prackovice nad Labem";0;1;7;2;1;0;565458
20220923;2100;2112;1;1;565466;"Mil˝";0;1;7;1;1;0;565466
20220923;4200;4203;1;1;565474;"P¯estavlky";0;1;7;1;1;0;565474
20220923;4200;4203;1;1;565482;"RaËice";0;1;7;1;1;0;565482
20220923;4200;4203;1;1;565491;"RaËinÏves";0;1;7;1;1;0;565491
20220923;2100;2112;1;1;565504;"ÿe¯ichy";0;1;7;1;1;0;565504
20220923;2100;2112;1;1;565512;"V·clavy";0;1;5;1;1;0;565512
20220923;4200;4203;1;1;565521;"Radovesice";0;1;7;1;1;0;565521
20220923;2100;2107;1;6;565539;"SovÌnky";0;1;9;1;1;0;565539
20221115;2100;2107;1;6;565539;"SovÌnky";0;1;9;1;1;0;565539
20220923;4200;4203;1;1;565547;"Rochov";0;1;5;1;1;0;565547
20220923;4200;4203;1;2;565555;"Roudnice nad Labem";0;1;21;13;1;0;565555
20260328;2100;2107;1;1;565563;"LipnÌk";0;1;7;1;1;0;565563
20220923;2100;2107;1;1;565563;"LipnÌk";0;1;7;1;1;0;565563
20220923;2100;2107;1;1;565571;"Vlkava";0;1;7;1;1;0;565571
20220923;2100;2107;1;1;565580;"Pluûn·";0;1;7;1;1;0;565580
20220923;4200;4203;1;1;565598;"Si¯ejovice";0;1;7;1;1;0;565598
20220923;4200;4203;1;1;565601;"Slatina";0;1;9;1;1;0;565601
20220923;4200;4203;1;1;565610;"SnÏdovice";0;1;9;2;1;0;565610
20220923;2100;2107;1;1;565628;"Vina¯ice";0;1;7;1;1;0;565628
20220923;2100;2107;1;1;565636;"Rohatsko";0;1;7;1;1;0;565636
20220923;2100;2107;1;1;565644;"MeËe¯Ìû";0;1;7;1;1;0;565644
20220923;2100;2107;1;1;565652;"Rabakov";0;1;9;1;1;0;565652
20220923;2100;2107;1;1;565661;"ÿitonice";0;1;5;1;1;0;565661
20220923;4200;4203;1;1;565679;"Straökov-Vodochody";0;1;15;1;1;0;565679
20220923;4200;4203;1;1;565695;"Sulejovice";0;1;9;1;1;0;565695
20220923;4200;4203;1;2;565709;"ätÏtÌ";0;1;21;12;1;0;565709
20220923;4200;4203;1;2;565717;"TerezÌn";0;1;15;5;1;0;565717
20220923;2100;2107;1;1;565725;"Veselice";0;1;7;1;1;0;565725
20220923;2100;2107;1;1;565733;"Hruöov";0;1;7;1;1;0;565733
20220923;4200;4203;1;1;565741;"TravËice";0;1;9;1;1;0;565741
20220923;2100;2107;1;1;565750;"BÌl· HlÌna";0;1;7;1;1;0;565750
20220923;4200;4203;1;2;565768;"T¯ebenice";0;1;15;3;1;0;565768
20220923;4200;4203;1;1;565776;"T¯ebÌvlice";0;1;15;2;1;0;565776
20220923;2100;2107;1;1;565784;"Charvatce";0;1;7;1;1;0;565784
20230325;2100;2107;1;1;565784;"Charvatce";0;1;7;1;1;0;565784
20231209;2100;2107;1;1;565784;"Charvatce";0;1;7;1;1;0;565784
20240622;2100;2107;1;1;565784;"Charvatce";0;1;7;1;1;0;565784
20220923;4200;4203;1;1;565792;"T¯ebuöÌn";0;1;9;1;1;0;565792
20220923;4200;4203;1;1;565806;"⁄pohlavy";0;1;7;1;1;0;565806
20220923;4200;4203;1;2;565814;"⁄ötÏk";0;1;15;7;1;0;565814
20220923;2100;2107;1;1;565822;"Mohelnice nad Jizerou";0;1;5;1;1;0;565822
20220923;4200;4203;1;1;565831;"VÏdomice";0;1;11;1;1;0;565831
20220923;4200;4203;1;1;565849;"VelemÌn";0;1;15;7;1;0;565849
20220923;4200;4203;1;1;565857;"VelkÈ éernoseky";0;1;7;1;1;0;565857
20220923;4200;4203;1;1;565865;"Vchynice";0;1;7;1;1;0;565865
20220923;4200;4203;1;1;565873;"Vlastislav";0;1;9;1;1;0;565873
20220923;4200;4203;1;1;565881;"Vraûkov";0;1;7;1;1;0;565881
20220923;4200;4203;1;1;565890;"Vrbice";0;1;9;1;1;0;565890
20220923;4200;4203;1;1;565903;"VrbiËany";0;1;7;1;1;0;565903
20220923;4200;4203;1;1;565911;"Vrutice";0;1;7;1;1;0;565911
20220923;2100;2107;1;1;565920;"SudomÏ¯";0;1;7;1;1;0;565920
20220923;4200;4203;1;1;565938;"éabov¯esky nad Oh¯Ì";0;1;7;1;1;0;565938
20220923;4200;4203;1;1;565946;"éalhostice";0;1;7;1;1;0;565946
20220923;4200;4203;1;1;565954;"éidovice";0;1;9;1;1;0;565954
20220923;4200;4203;1;1;565962;"éitenice";0;1;11;3;1;0;565962
20220923;4200;4204;1;2;565971;"Louny";0;1;29;21;1;0;565971
20220923;2100;2109;1;1;565989;"Hlavenec";0;1;5;1;1;0;565989
20220923;4200;4204;1;1;565997;"Bitozeves";0;1;11;1;1;0;565997
20220923;4200;4204;1;1;566004;"Blatno";0;1;7;1;1;0;566004
20220923;4200;4204;1;1;566012;"Blaûim";0;1;7;1;1;0;566012
20220923;4200;4204;1;2;566021;"Blöany";0;1;11;5;1;0;566021
20220923;2100;2107;1;1;566039;"JizernÌ Vtelno";0;1;7;1;1;0;566039
20220923;2100;2107;1;1;566047;"Koö·tky";0;1;7;1;1;0;566047
20220923;3200;3202;1;1;566055;"V¯eskovice";0;1;7;1;1;0;566055
20220923;4200;4204;1;1;566063;"B¯vany";0;1;9;1;1;0;566063
20220923;3200;3204;1;1;566071;"Vöekary";0;1;7;1;1;0;566071
20220923;3200;3204;1;1;566080;"»eËovice";0;1;6;1;1;0;566080
20220923;3200;3204;1;1;566098;"»ernovice";0;1;7;1;1;0;566098
20220923;3200;3204;1;1;566101;"ätichov";0;1;7;1;1;0;566101
20220923;4200;4204;1;1;566128;"Deötnice";0;1;7;1;1;0;566128
20220923;3200;3201;1;1;566136;"BrnÌ¯ov";0;1;9;1;1;0;566136
20220923;3200;3201;1;1;566144;"Kanice";0;1;7;1;1;0;566144
20220923;4200;4204;1;1;566152;"Domouöice";0;1;15;2;1;0;566152
20220923;3200;3201;1;1;566161;"⁄boË";0;1;9;1;1;0;566161
20220923;3200;3201;1;1;566179;"HradiötÏ";0;1;7;1;1;0;566179
20220923;4200;4204;1;1;566187;"HoledeË";0;1;9;2;1;0;566187
20220923;4200;4204;1;1;566195;"H¯Ìökov";0;1;9;2;1;0;566195
20220923;3200;3201;1;1;566209;"Otov";0;1;7;1;1;0;566209
20220923;4200;4204;1;1;566217;"H¯ivice";0;1;11;3;1;0;566217
20220923;4200;4204;1;1;566233;"ChlumËany";0;1;7;1;1;0;566233
20220923;4200;4204;1;1;566241;"Choûov";0;1;9;1;1;0;566241
20220923;3200;3201;1;1;566250;"Vlkanov";0;1;7;1;1;0;566250
20220923;3200;3201;1;1;566276;"Hora SvatÈho V·clava";0;1;7;1;1;0;566276
20220923;4200;4204;1;1;566284;"Koötice";0;1;7;2;1;0;566284
20220923;3200;3201;1;1;566292;"Mnichov";0;1;7;1;1;0;566292
20231209;3200;3201;1;1;566292;"Mnichov";0;1;7;1;1;0;566292
20230617;3200;3201;1;1;566292;"Mnichov";0;1;7;1;1;0;566292
20220923;4200;4204;1;1;566306;"Kr·sn˝ Dv˘r";0;1;9;1;1;0;566306
20220923;4200;4204;1;2;566314;"Kryry";0;1;13;5;1;0;566314
20220923;4200;4204;1;1;566322;"Leneöice";0;1;11;1;1;0;566322
20220923;3200;3201;1;1;566331;"HvoûÔany";0;1;7;1;1;0;566331
20220923;4200;4204;1;1;566349;"LibËeves";0;1;9;1;1;0;566349
20220923;4200;4204;1;1;566357;"LibÏöice";0;1;9;4;1;0;566357
20220923;3200;3201;1;1;566365;"PodÏvousy";0;1;7;1;1;0;566365
20220923;3200;3201;1;1;566373;"Pelechy";0;1;7;1;1;0;566373
20220923;4200;4204;1;1;566381;"Libo¯ice";0;1;7;1;1;0;566381
20220923;3200;3205;1;1;566390;"Hlince";0;1;7;1;1;0;566390
20220923;4200;4204;1;1;566403;"Lipno";0;1;7;3;1;0;566403
20220923;4200;4204;1;1;566411;"Liöany";0;1;7;1;1;0;566411
20220923;3200;3205;1;1;566420;"LÌtÈ";0;1;5;1;1;0;566420
20220923;4200;4204;1;1;566438;"Lubenec";0;1;9;2;1;0;566438
20220923;3200;3205;1;1;566446;"Loza";0;1;7;1;1;0;566446
20220923;4200;4204;1;6;566454;"MÏcholupy";0;1;9;3;1;0;566454
20220923;3200;3205;1;1;566462;"Lochousice";0;1;7;1;1;0;566462
20220923;3200;3205;1;1;566471;"Bohy";0;1;7;1;1;0;566471
20220923;3200;3205;1;1;566489;"Brodeslavy";0;1;7;1;1;0;566489
20220923;3200;3205;1;1;566497;"Vöehrdy";0;1;7;1;1;0;566497
20220923;4200;4204;1;6;566501;"Nepomyöl";0;1;9;1;1;0;566501
20220923;4200;4204;1;1;566519;"NovÈ Sedlo";0;1;9;2;1;0;566519
20220923;4200;4204;1;1;566527;"OËihov";0;1;9;1;1;0;566527
20220923;4200;4204;1;6;566535;"Panensk˝ T˝nec";0;1;9;1;1;0;566535
20220923;3200;3205;1;1;566543;"Myslinka";0;1;7;1;1;0;566543
20220923;4200;4204;1;6;566551;"Peruc";0;1;15;7;1;0;566551
20220923;4200;4204;1;1;566560;"Petrohrad";0;1;9;1;1;0;566560
20220923;4200;4204;1;1;566578;"PnÏtluky";0;1;7;2;1;0;566578
20220923;4200;4204;1;1;566586;"PoËedÏlice";0;1;7;3;1;0;566586
20220923;3200;3205;1;1;566594;"⁄jezd nade MûÌ";0;1;5;1;1;0;566594
20220923;4200;4204;1;1;566608;"Podbo¯ansk˝ Rohozec";0;1;5;1;1;0;566608
20220923;4200;4204;1;2;566616;"Podbo¯any";0;1;21;9;1;0;566616
20220923;4200;4204;1;2;566624;"Postoloprty";0;1;15;12;1;0;566624
20220923;3200;3205;1;1;566632;"»ernÌkovice";0;1;7;1;1;0;566632
20220923;3200;3201;1;1;566641;"HlohovËice";0;1;7;1;1;0;566641
20220923;4200;4204;1;1;566659;"Ran·";0;1;9;1;1;0;566659
20220923;4200;4204;1;6;566667;"RoËov";0;1;15;3;1;0;566667
20220923;4100;4102;1;1;566675;"Vrbice";0;1;7;1;1;0;566675
20220923;3200;3202;1;1;566683;"Draûovice";0;1;7;1;1;0;566683
20220923;3200;3204;1;1;566691;"VlËÌ";0;1;7;1;1;0;566691
20220923;3200;3204;1;1;566705;"Borovno";0;1;7;1;1;0;566705
20220923;4200;4204;1;6;566713;"SlavÏtÌn";0;1;7;1;1;0;566713
20220923;4200;4204;1;1;566721;"Smolnice";0;1;9;1;1;0;566721
20220923;3200;3205;1;1;566730;"Holovousy";0;1;7;1;1;0;566730
20220923;3200;3205;1;1;566748;"Slatina";0;1;9;1;1;0;566748
20220923;3200;3205;1;1;566756;"BdenÏves";0;1;9;1;1;0;566756
20220923;3200;3205;1;1;566764;"Blaûim";0;1;7;1;1;0;566764
20220923;3200;3205;1;1;566781;"Pastuchovice";0;1;7;1;1;0;566781
20220923;3200;3206;1;1;566799;"Vöenice";0;1;7;1;1;0;566799
20220923;3200;3206;1;1;566802;"Tereöov";0;1;7;1;1;0;566802
20220923;3200;3206;1;1;566811;"Kamenec";0;1;7;1;1;0;566811
20250315;4200;4204;1;1;566829;"TouûetÌn";0;1;5;1;1;0;566829
20220923;4200;4204;1;1;566829;"TouûetÌn";0;1;5;1;1;0;566829
20220923;3200;3206;1;1;566837;"NÏmËovice";0;1;7;1;1;0;566837
20220923;3200;3206;1;1;566845;"Skomelno";0;1;7;1;1;0;566845
20220923;4200;4204;1;1;566853;"Tucho¯ice";0;1;9;3;1;0;566853
20220923;3200;3206;1;1;566861;"PlÌskov";0;1;5;1;1;0;566861
20220923;4200;4204;1;1;566870;"Velemyöleves";0;1;7;1;1;0;566870
20220923;3200;3207;1;1;566888;"Olbramov";0;1;7;1;1;0;566888
20220923;4200;4204;1;1;566896;"VeltÏûe";0;1;7;1;1;0;566896
20220923;4200;4201;1;1;566900;"R˘ûov·";0;1;7;1;1;0;566900
20220923;4200;4204;1;1;566918;"Vina¯ice";0;1;7;1;1;0;566918
20220923;4200;4204;1;1;566926;"Vrbno nad Lesy";0;1;7;1;1;0;566926
20220923;4200;4204;1;2;566934;"Vroutek";0;1;11;2;1;0;566934
20220923;3200;3206;1;1;566942;"Rakov·";0;1;7;1;1;0;566942
20220923;4200;4204;1;1;566951;"V˝ökov";0;1;9;2;1;0;566951
20220923;3200;3205;1;1;566969;"V˝rov";0;1;9;1;1;0;566969
20220923;4200;4204;1;1;566977;"ZbraöÌn";0;1;9;3;1;0;566977
20220923;4200;4204;1;2;566985;"éatec";0;1;21;18;1;0;566985
20220923;3200;3206;1;1;566993;"Ostrovec-Lhotka";0;1;7;1;1;0;566993
20220923;3200;3206;1;1;567001;"Lhota pod RadËem";0;1;7;1;1;0;567001
20230617;4200;4204;1;1;567019;"éiûelice";0;1;7;1;1;0;567019
20220923;4200;4204;1;1;567019;"éiûelice";0;1;7;1;1;0;567019
20220923;4200;4205;1;3;567027;"Most";0;1;45;60;1;0;567027
20220923;4200;4205;1;1;567043;"BeËov";0;1;15;2;1;0;567043
20220923;4200;4205;1;1;567051;"BÏluöice";0;1;7;1;1;0;567051
20220923;4200;4205;1;1;567060;"BraÚany";0;1;15;1;1;0;567060
20220923;4200;4205;1;1;567078;"Brandov";0;1;7;1;1;0;567078
20220923;3200;3205;1;1;567086;"P¯Ìöov";0;1;7;1;1;0;567086
20220923;4200;4205;1;1;567108;"»esk˝ Ji¯etÌn";0;1;7;1;1;0;567108
20220923;4200;4205;1;1;567141;"HavraÚ";0;1;9;2;1;0;567141
20220923;4200;4205;1;2;567167;"Hora SvatÈ Kate¯iny";0;1;9;1;1;0;567167
20220923;4200;4205;1;2;567175;"HornÌ Ji¯etÌn";0;1;11;3;1;0;567175
20220923;4200;4205;1;1;567191;"KlÌny";0;1;7;1;1;0;567191
20220923;4200;4205;1;1;567221;"Korozluky";0;1;7;1;1;0;567221
20220923;4200;4205;1;1;567248;"Liönice";0;1;7;1;1;0;567248
20220923;4200;4205;1;2;567256;"LitvÌnov";0;1;23;28;1;0;567256
20220923;4200;4205;1;2;567264;"Lom";0;1;21;4;1;0;567264
20220923;4200;4205;1;1;567272;"Louka u LitvÌnova";0;1;9;1;1;0;567272
20220923;4200;4205;1;1;567281;"Luûice";0;1;7;1;1;0;567281
20220923;4200;4205;1;1;567299;"MalÈ B¯ezno";0;1;7;1;1;0;567299
20220923;4200;4205;1;1;567302;"Mari·nskÈ RadËice";0;1;7;1;1;0;567302
20220923;4200;4205;1;2;567311;"Mezibo¯Ì";0;1;15;4;1;0;567311
20220923;4200;4205;1;1;567329;"Nov· Ves v Hor·ch";0;1;9;1;1;0;567329
20220923;4200;4205;1;1;567337;"Obrnice";0;1;15;3;1;0;567337
20220923;4200;4205;1;1;567345;"Patokryje";0;1;7;1;1;0;567345
20220923;4200;4205;1;1;567353;"Polerady";0;1;7;1;1;0;567353
20220923;4200;4205;1;1;567361;"SkröÌn";0;1;7;1;1;0;567361
20220923;4200;4205;1;1;567426;"éelenice";0;1;9;1;1;0;567426
20220923;4200;4206;1;3;567442;"Teplice";0;1;27;47;1;0;567442
20220923;4200;4206;1;2;567451;"BÌlina";0;1;29;15;1;0;567451
20220923;4200;4206;1;1;567469;"Bo¯islav";0;1;9;1;1;0;567469
20220923;4200;4206;1;1;567477;"Byst¯any";0;1;11;2;1;0;567477
20220923;4200;4206;1;1;567485;"Bûany";0;1;9;2;1;0;567485
20220923;4200;4206;1;2;567507;"DubÌ";0;1;17;7;1;0;567507
20220923;4200;4206;1;2;567515;"Duchcov";0;1;21;7;1;0;567515
20220923;4200;4206;1;1;567523;"H·j u Duchcova";0;1;9;1;1;0;567523
20220923;4200;4206;1;6;567531;"Hostomice";0;1;15;1;1;0;567531
20220923;4200;4206;1;2;567558;"Hrob";0;1;15;3;1;0;567558
20220923;4200;4206;1;1;567566;"HrobËice";0;1;9;1;1;0;567566
20220923;4200;4206;1;1;567582;"JenÌkov";0;1;7;1;1;0;567582
20220923;4200;4206;1;1;567604;"Kladruby";0;1;7;1;1;0;567604
20220923;4200;4206;1;1;567612;"Kostomlaty pod Mileöovkou";0;1;11;1;1;0;567612
20220923;4200;4206;1;2;567621;"Koöùany";0;1;15;5;1;0;567621
20220923;4200;4206;1;2;567639;"Krupka";0;1;21;11;1;0;567639
20220923;4200;4206;1;1;567647;"Lahoöù";0;1;7;1;1;0;567647
20220923;4200;4206;1;2;567655;"Ledvice";0;1;9;1;1;0;567655
20220923;4200;4206;1;1;567698;"MÏrunice";0;1;7;1;1;0;567698
20220923;4200;4206;1;1;567701;"Mikulov";0;1;9;1;1;0;567701
20220923;4200;4206;1;1;567710;"Modlany";0;1;9;1;1;0;567710
20220923;4200;4206;1;1;567728;"Moldava";0;1;9;1;1;0;567728
20230107;4200;4206;1;1;567728;"Moldava";0;1;9;1;6;0;567728
20220923;4200;4206;1;1;567752;"Novosedlice";0;1;15;2;1;0;567752
20220923;4200;4206;1;1;567761;"OhnÌË";0;1;9;2;1;0;567761
20220923;4200;4206;1;2;567779;"Osek";0;1;21;4;1;0;567779
20220923;4200;4206;1;1;567787;"Proboötov";0;1;9;3;1;0;567787
20220923;4200;4206;1;1;567809;"RtynÏ nad BÌlinou";0;1;7;1;1;0;567809
20220923;4200;4206;1;1;567833;"Srbice";0;1;7;1;1;0;567833
20220923;4200;4206;1;1;567841;"SvÏtec";0;1;9;1;1;0;567841
20220923;4200;4206;1;1;567850;"⁄jezdeËek";0;1;7;1;1;0;567850
20220923;4200;4206;1;1;567868;"Zabruöany";0;1;15;1;1;0;567868
20220923;4200;4206;1;1;567876;"éalany";0;1;9;1;1;0;567876
20220923;4200;4206;1;1;567884;"éim";0;1;7;1;1;0;567884
20220923;4200;4207;2;5;567892;"⁄stÌ nad Labem-mÏsto";0;1;21;39;1;0;554804
20220923;4200;4207;1;1;567931;"DolnÌ Z·lezly";0;1;7;1;1;0;567931
20220923;4200;4207;1;1;567957;"Habrovany";0;1;5;1;1;0;567957
20220923;4200;4207;1;1;567973;"Homole u Panny";0;1;7;1;1;0;567973
20220923;4200;4207;1;2;568007;"Chaba¯ovice";0;1;15;3;1;0;568007
20220923;4200;4207;1;2;568015;"Chlumec";0;1;15;4;1;0;568015
20220923;4200;4207;1;1;568023;"Chuderov";0;1;7;2;1;0;568023
20220923;4200;4207;1;1;568058;"Libouchec";0;1;15;1;1;0;568058
20220923;4200;4207;1;1;568091;"MalÈ B¯ezno";0;1;11;2;1;0;568091
20220923;4200;4207;1;1;568104;"MaleËov";0;1;15;4;1;0;568104
20220923;4200;4207;1;1;568147;"Petrovice";0;1;11;2;1;0;568147
20220923;4200;4207;1;1;568155;"Povrly";0;1;15;3;1;0;568155
20220923;8100;8102;1;1;568163;"éermanice";0;1;7;1;1;0;568163
20220923;8100;8105;1;1;568180;"Kruûberk";0;1;7;1;1;0;568180
20220923;8100;8105;1;1;568198;"StarÈ TÏchanovice";0;1;7;1;1;0;568198
20220923;4200;4207;1;1;568201;"ÿehlovice";0;1;15;3;1;0;568201
20220923;8100;8105;1;1;568210;"Haù";0;1;15;2;1;0;568210
20220923;8100;8105;1;1;568228;"Darkovice";0;1;15;1;1;0;568228
20220923;8100;8105;1;1;568236;"DÏhylov";0;1;15;1;1;0;568236
20220923;8100;8105;1;1;568244;"V¯esina";0;1;15;1;1;0;568244
20220923;8100;8105;1;1;568261;"Budiöovice";0;1;7;1;1;0;568261
20220923;8100;8105;1;1;568279;"Mikolajice";0;1;7;1;1;0;568279
20220923;4200;4207;1;1;568287;"Taöov";0;1;7;1;1;0;568287
20220923;4200;4207;1;1;568295;"Telnice";0;1;11;1;1;0;568295
20220923;4200;4207;1;1;568309;"Tis·";0;1;9;1;1;0;568309
20220923;8100;8105;1;1;568317;"Radkov";0;1;7;1;1;0;568317
20220923;8100;8105;1;1;568333;"ät·blovice";0;1;7;1;1;0;568333
20220923;8100;8105;1;1;568341;"UhlÌ¯ov";0;1;7;1;1;0;568341
20220923;4200;4207;1;1;568350;"VelkÈ B¯ezno";0;1;15;2;1;0;568350
20220923;8100;8105;1;1;568368;"HluboËec";0;1;9;1;1;0;568368
20220923;8100;8105;1;1;568376;"Rohov";0;1;9;1;1;0;568376
20220923;4200;4207;1;1;568384;"Zubrnice";0;1;7;1;1;0;568384
20220923;7100;7102;1;1;568392;"Doloplazy";0;1;15;1;1;0;568392
20220923;8100;8104;1;1;568406;"Slatina";0;1;9;1;1;0;568406
20220923;6100;6101;1;2;568414;"HavlÌËk˘v Brod";0;1;25;32;1;0;568414
20220923;8100;8104;1;1;568422;"VelkÈ Albrechtice";0;1;15;1;1;0;568422
20220923;8100;8104;1;1;568431;"Bordovice";0;1;7;1;1;0;568431
20220923;8100;8106;1;1;568449;"Zbyslavice";0;1;9;1;1;0;568449
20220923;6100;6101;1;1;568457;"BojiötÏ";0;1;7;1;1;0;568457
20220923;6100;6101;1;1;568465;"Borek";0;1;7;1;1;0;568465
20220923;8100;8104;1;1;568473;"Z·viöice";0;1;9;1;1;0;568473
20220923;8100;8104;1;1;568481;"Bernartice nad Odrou";0;1;11;1;1;0;568481
20220923;6100;6101;1;1;568490;"»achotÌn";0;1;7;1;1;0;568490
20220923;6100;6101;1;6;568503;"»esk· BÏl·";0;1;11;1;1;0;568503
20220923;8100;8104;1;1;568511;"Hostaöovice";0;1;9;1;1;0;568511
20220923;6100;6101;1;1;568520;"»Ìhoöù";0;1;9;1;1;0;568520
20220923;6100;6101;1;1;568538;"Dlouh· Ves";0;1;7;1;1;0;568538
20220923;8100;8104;1;1;568546;"KunÌn";0;1;15;1;1;0;568546
20220923;8100;8104;1;1;568554;"RybÌ";0;1;15;1;1;0;568554
20220923;8100;8104;1;1;568562;"He¯manice u Oder";0;1;7;1;1;0;568562
20220923;8100;8104;1;1;568571;"He¯m·nky";0;1;5;1;1;0;568571
20220923;8100;8104;1;1;568589;"Mankovice";0;1;9;1;1;0;568589
20220923;6100;6101;1;1;568597;"DolnÌ Krup·";0;1;9;1;1;0;568597
20220923;6100;6101;1;1;568601;"DolnÌ MÏsto";0;1;9;2;1;0;568601
20220923;6100;6101;1;1;568619;"Druhanov";0;1;7;1;1;0;568619
20220923;6100;6101;1;2;568635;"GolË˘v JenÌkov";0;1;15;2;1;0;568635
20220923;8100;8104;1;1;568643;"Kate¯inice";0;1;9;1;1;0;568643
20220923;6100;6101;1;2;568651;"Habry";0;1;15;3;1;0;568651
20220923;6100;6101;1;6;568660;"HavlÌËkova Borov·";0;1;15;1;1;0;568660
20220923;6100;6101;1;1;568678;"Her·lec";0;1;15;5;1;0;568678
20220923;8100;8104;1;1;568686;"Moönov";0;1;9;1;1;0;568686
20220923;6100;6101;1;1;568694;"HnÏvkovice";0;1;9;1;1;0;568694
20220923;6100;6101;1;1;568708;"HornÌ Krup·";0;1;7;1;1;0;568708
20220923;8100;8104;1;1;568716;"Skotnice";0;1;9;1;1;0;568716
20220923;6100;6101;1;1;568724;"Hradec";0;1;7;1;1;0;568724
20220923;8100;8104;1;1;568732;"éenklava";0;1;9;1;1;0;568732
20220923;8100;8104;1;1;568741;"AlbrechtiËky";0;1;9;1;1;0;568741
20220923;6100;6101;1;2;568759;"ChotÏbo¯";0;1;21;14;1;0;568759
20220923;6100;6101;1;1;568767;"ChrtnÌË";0;1;7;1;1;0;568767
20220923;8100;8104;1;1;568775;"PustÏjov";0;1;9;1;1;0;568775
20220923;6100;6101;1;1;568783;"Jedl·";0;1;5;1;1;0;568783
20220923;8100;8102;1;1;568791;"SobÏöovice";0;1;15;1;1;0;568791
20220923;6100;6101;1;1;568805;"Je¯iöno";0;1;7;1;1;0;568805
20220923;8100;8102;1;1;568813;"Praûmo";0;1;7;1;1;0;568813
20220923;6100;6101;1;1;568821;"K·men";0;1;9;1;1;0;568821
20220923;8100;8102;1;1;568830;"ÿepiötÏ";0;1;15;1;1;0;568830
20220923;6100;6101;1;1;568848;"Kamenn· Lhota";0;1;7;1;1;0;568848
20220923;6100;6101;1;1;568856;"KlokoËov";0;1;7;1;1;0;568856
20220923;8100;8103;1;1;568864;"Doubrava";0;1;15;2;1;0;568864
20220923;7100;7102;1;1;568872;"Charv·ty";0;1;9;1;1;0;568872
20220923;6100;6101;1;1;568881;"KojetÌn";0;1;7;1;1;0;568881
20220923;6100;6101;1;1;568899;"Kozlov";0;1;9;1;1;0;568899
20220923;6100;6101;1;1;568902;"KoûlÌ";0;1;9;3;1;0;568902
20220923;7100;7102;1;1;568911;"MÏrotÌn";0;1;7;1;1;0;568911
20220923;6100;6101;1;1;568929;"Kr·sn· Hora";0;1;9;1;1;0;568929
20220923;6100;6101;1;1;568937;"Kr·tk· Ves";0;1;7;1;1;0;568937
20220923;6100;6101;1;6;568945;"Krucemburk";0;1;15;3;1;0;568945
20220923;6100;6101;1;1;568953;"KvÏtinov";0;1;7;1;1;0;568953
20220923;7100;7102;1;1;568961;"VilÈmov";0;1;7;1;1;0;568961
20220923;6100;6101;1;1;568970;"Kynice";0;1;7;1;1;0;568970
20220923;6100;6101;1;2;568988;"LedeË nad S·zavou";0;1;15;6;1;0;568988
20220923;6100;6101;1;1;568996;"Leökovice";0;1;7;1;1;0;568996
20220923;7100;7102;1;1;569003;"Liboö";0;1;9;1;1;0;569003
20220923;6100;6101;1;1;569011;"Leötina u SvÏtlÈ";0;1;9;4;1;0;569011
20220923;6100;6101;1;6;569020;"Libice nad Doubravou";0;1;15;1;1;0;569020
20220923;6100;6101;1;1;569038;"LÌpa";0;1;15;3;1;0;569038
20220923;6100;6101;1;2;569046;"Lipnice nad S·zavou";0;1;9;1;1;0;569046
20220923;7100;7102;1;1;569054;"Strukov";0;1;7;1;1;0;569054
20220923;6100;6101;1;1;569062;"LuËice";0;1;9;1;1;0;569062
20220923;6100;6101;1;1;569071;"MalËÌn";0;1;7;1;1;0;569071
20220923;6100;6101;1;1;569089;"MaleË";0;1;9;1;1;0;569089
20220923;8100;8105;1;1;569097;"Moravice";0;1;7;1;1;0;569097
20220923;8100;8105;1;1;569101;"T¯ebom";0;1;7;1;1;0;569101
20220923;8100;8106;1;1;569119;"»avisov";0;1;7;1;1;0;569119
20220923;6100;6101;1;1;569127;"ModlÌkov";0;1;7;1;1;0;569127
20220923;7100;7104;1;1;569135;"CÌsa¯ov";0;1;7;1;1;0;569135
20220923;7100;7104;1;1;569143;"K¯enovice";0;1;9;1;1;0;569143
20220923;6100;6101;1;1;569151;"Nov· Ves u Leötiny";0;1;7;1;1;0;569151
20220923;6100;6101;1;1;569160;"Nov· Ves u ChotÏbo¯e";0;1;9;1;1;0;569160
20220923;7100;7104;1;1;569178;"Bohusl·vky";0;1;7;1;1;0;569178
20220923;6100;6101;1;1;569186;"Okrouhlice";0;1;15;5;1;0;569186
20220923;7100;7104;1;1;569194;"Grymov";0;1;5;1;1;0;569194
20220923;6100;6101;1;1;569208;"Oleöenka";0;1;7;1;1;0;569208
20220923;6100;6101;1;1;569216;"Oleön·";0;1;7;1;1;0;569216
20220923;6100;6101;1;1;569224;"OudoleÚ";0;1;9;1;1;0;569224
20220923;6100;6101;1;1;569232;"Ovesn· Lhota";0;1;7;1;1;0;569232
20220923;6100;6101;1;1;569241;"Pavlov";0;1;5;1;1;0;569241
20220923;7100;7104;1;1;569259;"DolnÌ NÏtËice";0;1;7;1;1;0;569259
20220923;7100;7104;1;1;569267;"Hlinsko";0;1;9;1;1;0;569267
20220923;7100;7104;1;1;569275;"HornÌ NÏtËice";0;1;7;1;1;0;569275
20230325;7100;7104;1;1;569275;"HornÌ NÏtËice";0;1;7;1;1;0;569275
20220923;7100;7104;1;1;569283;"KladnÌky";0;1;7;1;1;0;569283
20220923;6100;6101;1;1;569291;"Pohled";0;1;7;1;1;0;569291
20220923;7100;7105;1;1;569305;"ChromeË";0;1;9;1;1;0;569305
20220923;6100;6101;1;1;569313;"ProsÌËka";0;1;7;1;1;0;569313
20220923;6100;6101;1;2;569321;"P¯ibyslav";0;1;15;3;1;0;569321
20220923;7100;7101;1;1;569330;"Ostruûn·";0;1;7;1;1;0;569330
20220923;6100;6101;1;1;569348;"P¯Ìseka";0;1;7;1;1;0;569348
20220923;7100;7101;1;1;569356;"»esk· Ves";0;1;15;2;1;0;569356
20220923;6100;6101;1;1;569364;"RadostÌn";0;1;5;1;1;0;569364
20220923;7100;7105;1;1;569372;"Krchleby";0;1;7;1;1;0;569372
20220923;7100;7105;1;1;569381;"MÌrov";0;1;7;1;1;0;569381
20220923;6100;6101;1;1;569399;"Rozsochatec";0;1;9;1;1;0;569399
20220923;6100;6101;1;1;569402;"Ruöinov";0;1;7;1;1;0;569402
20220923;6100;6101;1;1;569411;"RybnÌËek";0;1;7;1;1;0;569411
20220923;6100;6101;1;1;569429;"S·zavka";0;1;9;1;1;0;569429
20220923;7100;7105;1;1;569437;"Bratruöov";0;1;9;1;1;0;569437
20220923;7100;7105;1;1;569445;"Vik˝¯ovice";0;1;15;2;1;0;569445
20220923;7100;7101;1;1;569453;"VelkÈ KunÏtice";0;1;7;1;1;0;569453
20220923;6100;6101;1;1;569461;"Skryje";0;1;7;1;1;0;569461
20220923;6100;6101;1;1;569470;"Skuhrov";0;1;7;1;1;0;569470
20220923;6100;6101;1;1;569488;"SlavÌkov";0;1;7;2;1;0;569488
20220923;7200;7203;1;1;569496;"PodolÌ";0;1;5;1;1;0;569496
20220923;8100;8106;1;1;569500;"HornÌ Lhota";0;1;11;1;1;0;569500
20220923;6100;6101;1;1;569518;"SobÌÚov";0;1;9;1;1;0;569518
20220923;8100;8101;1;1;569526;"Milotice nad Opavou";0;1;9;1;1;0;569526
20220923;6100;6101;1;1;569534;"St¯ÌbrnÈ Hory";0;1;7;1;1;0;569534
20220923;7100;7104;1;1;569542;"HornÌ ⁄jezd";0;1;9;1;1;0;569542
20220923;8100;8101;1;1;569551;"NovÈ He¯minovy";0;1;9;1;1;0;569551
20220923;6100;6101;1;2;569569;"SvÏtl· nad S·zavou";0;1;21;9;1;0;569569
20220923;8100;8101;1;1;569577;"Oborn·";0;1;9;1;1;0;569577
20220923;6100;6101;1;1;569585;"älapanov";0;1;9;1;1;0;569585
20220923;6100;6101;1;6;569593;"ätoky";0;1;15;4;1;0;569593
20220923;8100;8101;1;1;569607;"B˝kov-L·ryöov";0;1;5;1;1;0;569607
20220923;6100;6101;1;1;569615;"Tis";0;1;7;1;1;0;569615
20220923;6100;6101;1;1;569623;"Trpiöovice";0;1;9;1;1;0;569623
20220923;8100;8102;1;1;569631;"Sviadnov";0;1;15;1;1;0;569631
20220923;6100;6101;1;6;569640;"Uheln· P¯Ìbram";0;1;9;3;1;0;569640
20220923;6100;6101;1;6;569658;"⁄sobÌ";0;1;11;1;1;0;569658
20220923;8100;8104;1;1;569666;"HladkÈ éivotice";0;1;9;1;1;0;569666
20220923;6100;6101;1;1;569674;"Vep¯Ìkov";0;1;7;2;1;0;569674
20220923;6100;6101;1;1;569682;"Vesel˝ éÔ·r";0;1;7;1;1;0;569682
20220923;6100;6101;1;1;569691;"VÏû";0;1;11;3;1;0;569691
20220923;6100;6101;1;1;569704;"VÏûnice";0;1;9;1;1;0;569704
20220923;6100;6101;1;6;569712;"VilÈmov";0;1;11;2;1;0;569712
20220923;6100;6101;1;1;569721;"VilÈmovice";0;1;9;1;1;0;569721
20220923;6100;6101;1;1;569739;"Vlkanov";0;1;9;1;1;0;569739
20220923;8100;8104;1;1;569747;"Vrchy";0;1;7;1;1;0;569747
20220923;8100;8104;1;1;569755;"Trn·vka";0;1;15;1;1;0;569755
20220923;7100;7102;1;1;569771;"Suchonice";0;1;7;1;1;0;569771
20220923;6100;6101;1;2;569780;"édÌrec nad Doubravou";0;1;15;3;1;0;569780
20220923;7100;7102;1;1;569798;"HornÌ LodÏnice";0;1;9;1;1;0;569798
20220923;6100;6101;1;1;569801;"éiûkovo Pole";0;1;9;1;1;0;569801
20220923;5200;5201;1;3;569810;"Hradec Kr·lovÈ";0;1;37;85;1;0;569810
20220923;5200;5201;1;1;569828;"Babice";0;1;7;1;1;0;569828
20220923;5200;5201;1;1;569836;"Barchov";0;1;7;1;1;0;569836
20220923;7100;7102;1;1;569844;"Luûice";0;1;7;1;1;0;569844
20220923;5200;5201;1;1;569852;"BÏleË nad OrlicÌ";0;1;7;1;1;0;569852
20220923;5200;5201;1;1;569861;"Ben·tky";0;1;5;1;1;0;569861
20220923;5200;5201;1;1;569879;"Bleöno";0;1;9;1;1;0;569879
20220923;5200;5201;1;1;569887;"BoharynÏ";0;1;11;3;1;0;569887
20220923;8100;8105;1;1;569895;"Dobroslavice";0;1;9;1;1;0;569895
20220923;8100;8105;1;1;569909;"ChvalÌkovice";0;1;7;1;1;0;569909
20220923;5200;5201;1;1;569917;"»ernilov";0;1;15;3;1;0;569917
20220923;5200;5201;1;1;569925;"»ernoûice";0;1;11;1;1;0;569925
20220923;5200;5201;1;1;569933;"»istÏves";0;1;7;1;1;0;569933
20220923;5200;5201;1;1;569941;"Divec";0;1;7;1;1;0;569941
20220923;8100;8105;1;1;569950;"»ermn· ve Slezsku";0;1;7;1;1;0;569950
20220923;5200;5201;1;1;569968;"Dob¯enice";0;1;7;1;1;0;569968
20220923;5200;5201;1;1;569976;"Dohalice";0;1;7;1;1;0;569976
20220923;5200;5201;1;1;569984;"DolnÌ P¯Ìm";0;1;9;3;1;0;569984
20220923;5200;5201;1;1;569992;"Hab¯ina";0;1;7;1;1;0;569992
20220923;5200;5201;1;1;570001;"Hluöice";0;1;9;1;1;0;570001
20220923;5200;5201;1;1;570010;"HnÏvËeves";0;1;7;1;1;0;570010
20220923;5200;5201;1;1;570028;"Holohlavy";0;1;11;1;1;0;570028
20220923;8100;8105;1;1;570036;"VÏt¯kovice";0;1;11;1;1;0;570036
20220923;5200;5201;1;1;570044;"Ho¯inÏves";0;1;9;4;1;0;570044
20220923;5200;5201;1;1;570052;"Hr·dek";0;1;7;1;1;0;570052
20220923;7100;7104;1;1;570061;"äpiËky";0;1;7;1;1;0;570061
20220923;7100;7104;1;1;570079;"T˝n nad BeËvou";0;1;15;1;1;0;570079
20220923;5200;5201;1;1;570087;"Humburky";0;1;7;1;1;0;570087
20220923;7100;7105;1;1;570095;"Vyöeho¯Ì";0;1;7;1;1;0;570095
20240622;7100;7105;1;1;570095;"Vyöeho¯Ì";0;1;7;1;1;0;570095
20220923;5200;5201;1;2;570109;"Chlumec nad Cidlinou";0;1;21;7;1;0;570109
20220923;7100;7105;1;1;570117;"älÈglov";0;1;7;1;1;0;570117
20220923;5200;5201;1;1;570125;"Chude¯ice";0;1;7;1;1;0;570125
20220923;5200;5201;1;1;570133;"JenÌkovice";0;1;7;1;1;0;570133
20220923;7100;7105;1;1;570141;"Drozdov";0;1;7;1;1;0;570141
20220923;5200;5201;1;1;570150;"K·ranice";0;1;9;1;1;0;570150
20220923;5200;5201;1;1;570168;"Klamoö";0;1;9;2;1;0;570168
20220923;5200;5201;1;1;570176;"Kosice";0;1;7;1;1;0;570176
20220923;5200;5201;1;1;570184;"KosiËky";0;1;9;1;1;0;570184
20220923;5200;5201;1;1;570192;"Kr·lÌky";0;1;7;2;1;0;570192
20220923;5200;5201;1;1;570206;"Kratonohy";0;1;7;1;1;0;570206
20220923;5200;5201;1;1;570214;"KunËice";0;1;9;1;1;0;570214
20220923;5200;5201;1;1;570222;"Lejöovka";0;1;7;1;1;0;570222
20220923;5200;5201;1;1;570231;"Lhota pod LibËany";0;1;9;1;1;0;570231
20220923;5200;5201;1;1;570249;"LibËany";0;1;9;2;1;0;570249
20220923;5200;5201;1;1;570257;"LibnÌkovice";0;1;7;1;1;0;570257
20220923;5200;5201;1;1;570265;"Librantice";0;1;7;1;1;0;570265
20220923;5200;5201;1;1;570273;"Lib¯ice";0;1;7;1;1;0;570273
20220923;7100;7105;1;1;570281;"Stavenice";0;1;7;1;1;0;570281
20220923;5200;5201;1;1;570290;"Liöice";0;1;7;1;1;0;570290
20220923;5200;5201;1;1;570303;"LodÌn";0;1;7;1;1;0;570303
20220923;5200;5201;1;1;570311;"Lochenice";0;1;9;1;1;0;570311
20220923;5200;5201;1;1;570320;"LovËice";0;1;9;1;1;0;570320
20220923;7100;7105;1;1;570338;"Zborov";0;1;7;1;1;0;570338
20220923;7200;7203;1;1;570346;"Janov·";0;1;9;1;1;0;570346
20220923;5200;5201;1;1;570354;"Luûany";0;1;5;1;1;0;570354
20230325;5200;5201;1;1;570354;"Luûany";0;1;5;1;1;0;570354
20220923;5200;5201;1;1;570362;"Luûec nad Cidlinou";0;1;11;1;1;0;570362
20220923;7200;7203;1;1;570371;"⁄stÌ";0;1;9;1;1;0;570371
20220923;5200;5201;1;1;570397;"MÏnÌk";0;1;9;3;1;0;570397
20220923;5200;5201;1;1;570401;"MlÈkosrby";0;1;7;1;1;0;570401
20220923;5200;5201;1;1;570419;"Mokrovousy";0;1;7;1;1;0;570419
20220923;5200;5201;1;1;570427;"MyötÏves";0;1;5;1;1;0;570427
20220923;5200;5201;1;1;570435;"Mûany";0;1;7;1;1;0;570435
20220923;5200;5201;1;1;570443;"NedÏliötÏ";0;1;9;1;1;0;570443
20220923;5200;5201;1;2;570451;"Nechanice";0;1;15;6;1;0;570451
20220923;5200;5201;1;1;570478;"Nepolisy";0;1;9;3;1;0;570478
20220923;5200;5201;1;1;570494;"NovÈ MÏsto";0;1;7;1;1;0;570494
20220923;5200;5201;1;2;570508;"Nov˝ Bydûov";0;1;25;10;1;0;570508
20220923;5200;5201;1;1;570516;"Ohniöùany";0;1;7;1;1;0;570516
20220923;5200;5201;1;1;570524;"Oleönice";0;1;7;1;1;0;570524
20220923;5200;5201;1;1;570532;"Osice";0;1;7;1;1;0;570532
20220923;5200;5201;1;1;570541;"OsiËky";0;1;5;1;1;0;570541
20220923;5200;5201;1;1;570567;"Petrovice";0;1;7;1;1;0;570567
20220923;5200;5201;1;1;570575;"PÌsek";0;1;7;1;1;0;570575
20220923;5200;5201;1;1;570648;"Prasek";0;1;9;1;1;0;570648
20220923;5200;5201;1;1;570656;"PraskaËka";0;1;11;3;1;0;570656
20220923;5200;5201;1;1;570672;"P¯edmÏ¯ice nad Labem";0;1;15;1;1;0;570672
20220923;5200;5201;1;1;570681;"P¯ev˝öov";0;1;7;1;1;0;570681
20220923;5200;5201;1;1;570702;"RaËice nad Trotinou";0;1;7;1;1;0;570702
20220923;5200;5201;1;1;570711;"RadÌkovice";0;1;7;1;1;0;570711
20220923;5200;5201;1;1;570729;"Radostov";0;1;7;1;1;0;570729
20220923;5200;5201;1;1;570745;"Roudnice";0;1;9;1;1;0;570745
20220923;2100;2107;1;1;570753;"Prodaöice";0;1;5;1;1;0;570753
20220923;2100;2107;1;1;570761;"Ujkovice";0;1;7;1;1;0;570761
20230325;2100;2107;1;1;570761;"Ujkovice";0;1;7;1;1;0;570761
20220923;2100;2107;1;1;570770;"Loukov";0;1;7;1;1;0;570770
20220923;2100;2107;1;1;570788;"Bradlec";0;1;11;1;1;0;570788
20220923;5200;5201;1;1;570796;"Sendraûice";0;1;7;1;1;0;570796
20220923;5200;5201;1;1;570800;"Skalice";0;1;7;1;1;0;570800
20220923;2100;2107;1;1;570818;"Dalovice";0;1;7;1;1;0;570818
20220923;2100;2107;1;2;570826;"Kosmonosy";0;1;17;3;1;0;570826
20220923;5200;5201;1;1;570834;"Sk¯ivany";0;1;9;1;1;0;570834
20220923;2100;2107;1;1;570842;"Vinec";0;1;7;1;1;0;570842
20220923;5200;5201;1;1;570851;"Sloupno";0;1;9;1;1;0;570851
20220923;5200;5201;1;1;570869;"Smidary";0;1;15;5;1;0;570869
20220923;5200;5201;1;2;570877;"Smi¯ice";0;1;15;3;1;0;570877
20220923;5200;5201;1;1;570885;"Smrûov";0;1;9;1;1;0;570885
20220923;2100;2107;1;1;570893;"Obrubce";0;1;7;1;1;0;570893
20220923;5200;5201;1;1;570907;"SovÏtice";0;1;7;1;1;0;570907
20220923;5200;5201;1;1;570915;"Star· Voda";0;1;7;1;1;0;570915
20220923;2100;2107;1;1;570923;"P¯epe¯e";0;1;5;1;1;0;570923
20220923;5200;5201;1;1;570931;"StÏûery";0;1;15;3;1;0;570931
20220923;2100;2107;1;1;570940;"DolnÌ Stakory";0;1;9;1;1;0;570940
20220923;5200;5201;1;1;570958;"StraËov";0;1;7;1;1;0;570958
20220923;5200;5201;1;1;570966;"St¯ezetice";0;1;7;2;1;0;570966
20220923;2100;2107;1;1;570974;"Kolomuty";0;1;7;1;1;0;570974
20220923;2100;2107;1;1;570982;"Tu¯ice";0;1;7;1;1;0;570982
20220923;2100;2107;1;1;570991;"CtimÏ¯ice";0;1;5;1;1;0;570991
20220923;5200;5201;1;1;571008;"Syrov·tka";0;1;7;1;1;0;571008
20220923;5200;5201;1;1;571016;"äaplava";0;1;7;1;1;0;571016
20220923;5200;5201;1;1;571024;"TÏchlovice";0;1;7;1;1;0;571024
20220923;2100;2107;1;1;571032;"PÏËice";0;1;7;1;1;0;571032
20220923;5200;5201;1;2;571041;"T¯ebechovice pod Orebem";0;1;21;8;1;0;571041
20220923;5200;5201;1;1;571059;"T¯esovice";0;1;7;1;1;0;571059
20220923;2100;2107;1;1;571067;"DoubraviËka";0;1;7;1;1;0;571067
20220923;2100;2107;1;1;571075;"Kluky";0;1;7;1;1;0;571075
20220923;5200;5201;1;1;571083;"Vinary";0;1;9;4;1;0;571083
20220923;5200;5201;1;1;571091;"Vöestary";0;1;15;6;1;0;571091
20220923;5200;5201;1;1;571105;"V˝rava";0;1;7;1;1;0;571105
20220923;5200;5201;1;1;571113;"Vysok· nad Labem";0;1;7;2;1;0;571113
20220923;2100;2107;1;1;571121;"NimÏ¯ice";0;1;5;1;1;0;571121
20250315;2100;2107;1;1;571121;"NimÏ¯ice";0;1;5;1;1;0;571121
20220923;5200;5201;1;1;571130;"Zachraöùany";0;1;5;1;1;0;571130
20220923;2100;2107;1;1;571148;"Rokytovec";0;1;5;;1;1;571148
20230107;2100;2107;1;1;571148;"Rokytovec";0;1;5;1;2;0;571148
20220923;2100;2107;1;1;571156;"Nemyslovice";0;1;5;1;1;0;571156
20220923;5300;5301;1;2;571164;"Chrudim";0;1;27;29;1;0;571164
20220923;2100;2107;1;1;571172;"Kobylnice";0;1;9;1;1;0;571172
20220923;5300;5301;1;1;571181;"BÏstvina";0;1;11;1;1;0;571181
20220923;2100;2110;1;1;571199;"Brat¯Ìnov";0;1;7;1;1;0;571199
20220923;5300;5301;1;6;571202;"Bojanov";0;1;9;1;1;0;571202
20220923;2100;2110;1;1;571211;"KlÌnec";0;1;7;1;1;0;571211
20220923;5300;5301;1;1;571229;"Bo¯ice";0;1;7;1;1;0;571229
20220923;5300;5301;1;1;571237;"Bousov";0;1;7;1;1;0;571237
20220923;5300;5301;1;1;571245;"Bylany";0;1;7;1;1;0;571245
20220923;5300;5301;1;1;571253;"CtÏtÌn";0;1;7;1;1;0;571253
20220923;2100;2110;1;1;571261;"KytÌn";0;1;9;1;1;0;571261
20220923;5300;5301;1;1;571270;"»ankovice";0;1;9;1;1;0;571270
20220923;2100;2110;1;1;571288;"Zaho¯any";0;1;7;1;1;0;571288
20220923;5300;5301;1;1;571296;"»eskÈ Lhotice";0;1;7;1;1;0;571296
20220923;5300;5301;1;1;571300;"DÏdov·";0;1;7;1;1;0;571300
20220923;2100;2110;1;1;571318;"RoblÌn";0;1;7;1;1;0;571318
20220923;2100;2110;1;1;571326;"Lichoceves";0;1;7;2;1;0;571326
20220923;2100;2110;1;1;571334;"Oko¯";0;1;5;1;1;0;571334
20220923;2100;2110;1;1;571342;"SvrkynÏ";0;1;7;1;1;0;571342
20220923;2100;2110;1;1;571351;"⁄holiËky";0;1;9;1;1;0;571351
20220923;5300;5301;1;1;571377;"Hamry";0;1;7;1;1;0;571377
20220923;5300;5301;1;2;571385;"He¯man˘v MÏstec";0;1;21;7;1;0;571385
20220923;5300;5301;1;2;571393;"Hlinsko";0;1;21;15;1;0;571393
20220923;5300;5301;1;1;571407;"Hlubok·";0;1;9;1;1;0;571407
20220923;2100;2101;1;1;571415;"Xaverov";0;1;5;1;1;0;571415
20220923;2100;2103;1;1;571423;"Zichovec";0;1;7;1;1;0;571423
20220923;2100;2103;1;1;571431;"VrbiËany";0;1;7;1;1;0;571431
20220923;5300;5301;1;1;571440;"HoletÌn";0;1;9;1;1;0;571440
20220923;5300;5301;1;1;571458;"Honbice";0;1;5;2;1;0;571458
20220923;5300;5301;1;1;571466;"Horka";0;1;9;2;1;0;571466
20220923;5300;5301;1;1;571474;"HornÌ Bradlo";0;1;9;1;1;0;571474
20220923;5300;5301;1;1;571482;"Hoöùalovice";0;1;7;1;1;0;571482
20220923;5300;5301;1;2;571491;"Hroch˘v T˝nec";0;1;11;3;1;0;571491
20220923;5300;5301;1;1;571504;"Hroubovice";0;1;7;1;1;0;571504
20220923;2100;2103;1;1;571512;"Kutrovice";0;1;5;1;1;0;571512
20220923;2100;2103;1;1;571521;"Neprobylice";0;1;5;1;1;0;571521
20220923;5300;5301;1;2;571539;"Chrast";0;1;15;5;1;0;571539
20220923;5300;5301;1;6;571547;"Chroustovice";0;1;15;2;1;0;571547
20251206;2100;2103;1;1;571555;"LÌsk˝";0;1;5;1;1;0;571555
20220923;2100;2103;1;1;571555;"LÌsk˝";0;1;5;1;1;0;571555
20220923;5300;5301;1;1;571563;"Jeniöovice";0;1;9;2;1;0;571563
20220923;5300;5301;1;1;571571;"KameniËky";0;1;9;2;1;0;571571
20220923;5300;5301;1;1;571580;"Kladno";0;1;7;1;1;0;571580
20220923;2100;2103;1;1;571598;"Z·jezd";0;1;5;1;1;0;571598
20220923;2100;2103;1;1;571601;"Libovice";0;1;7;1;1;0;571601
20220923;5300;5301;1;1;571610;"KoËÌ";0;1;7;1;1;0;571610
20220923;5300;5301;1;1;571628;"Kostelec u He¯manova MÏstce";0;1;7;1;1;0;571628
20220923;2100;2104;1;1;571636;"NÏmËice";0;1;7;1;1;0;571636
20220923;2100;2109;1;1;571644;"ätÌhlice";0;1;7;1;1;0;571644
20220923;5300;5301;1;1;571652;"Kr·snÈ";0;1;7;1;1;0;571652
20220923;5300;5301;1;1;571661;"Krouna";0;1;15;4;1;0;571661
20220923;2100;2109;1;1;571679;"Oplany";0;1;7;1;1;0;571679
20220923;2100;2104;1;1;571687;"Kl·öternÌ Skalice";0;1;7;1;1;0;571687
20220923;5300;5304;1;1;571695;"Leötina";0;1;9;1;1;0;571695
20220923;5300;5301;1;1;571709;"Leötinka";0;1;5;1;1;0;571709
20220923;2100;2104;1;1;571717;"Köely";0;1;7;1;1;0;571717
20220923;5300;5301;1;1;571725;"Libkov";0;1;7;1;1;0;571725
20220923;5300;5301;1;1;571733;"LibomÏ¯ice";0;1;7;1;1;0;571733
20220923;2100;2105;1;1;571741;"T¯ebonÌn";0;1;5;1;1;0;571741
20220923;5300;5301;1;1;571750;"Lozice";0;1;7;1;1;0;571750
20220923;5300;5301;1;1;571768;"Lukavice";0;1;11;1;1;0;571768
20220923;5300;5301;1;2;571776;"Luûe";0;1;15;6;1;0;571776
20220923;2100;2106;1;1;571784;"Libiö";0;1;15;1;1;0;571784
20220923;2100;2106;1;1;571792;"KozomÌn";0;1;7;1;1;0;571792
20220923;2100;2107;1;1;571806;"Nov· Ves u Bakova";0;1;7;1;1;0;571806
20220923;2100;2107;1;1;571814;"ZdÏtÌn";0;1;9;1;1;0;571814
20220923;5300;5301;1;1;571822;"MÌËov-Suöice";0;1;7;1;1;0;571822
20220923;5300;5301;1;1;571831;"Mi¯etice";0;1;11;2;1;0;571831
20220923;2100;2107;1;1;571849;"ChudÌ¯";0;1;5;1;1;0;571849
20220923;5300;5301;1;1;571857;"MladoÚovice";0;1;9;1;1;0;571857
20220923;2100;2107;1;1;571865;"Muka¯ov";0;1;7;1;1;0;571865
20220923;5300;5301;1;1;571873;"Moraöice";0;1;15;4;1;0;571873
20220923;2100;2107;1;1;571881;"Str·ûiötÏ";0;1;7;1;1;0;571881
20220923;5300;5301;1;1;571890;"NaboËany";0;1;5;1;1;0;571890
20220923;5300;5301;1;1;571903;"NaËeöice";0;1;9;2;1;0;571903
20220923;5300;5301;1;2;571911;"Nasavrky";0;1;15;1;1;0;571911
20220923;5300;5304;1;1;571920;"NovÈ Hrady";0;1;9;1;1;0;571920
20220923;2100;2107;1;1;571938;"Pt˝rov";0;1;7;1;1;0;571938
20220923;2100;2107;1;1;571946;"Branûeû";0;1;9;1;1;0;571946
20220923;2100;2109;1;1;571954;"Sudovo Hlavno";0;1;7;1;1;0;571954
20220923;5300;5301;1;1;571962;"Orel";0;1;11;1;1;0;571962
20220923;2100;2107;1;1;571971;"Kov·Ú";0;1;5;1;1;0;571971
20220923;2100;2107;1;1;571989;"DoböÌn";0;1;7;1;1;0;571989
20220923;2100;2107;1;1;571997;"Neveklovice";0;1;5;1;1;0;571997
20220923;5300;5301;1;1;572004;"Per·lec";0;1;9;1;1;0;572004
20220923;2100;2107;1;1;572012;"Kovanec";0;1;5;1;1;0;572012
20220923;2100;2107;1;1;572021;"Vr·tno";0;1;7;1;1;0;572021
20220923;5300;5301;1;1;572039;"Podho¯any u Ronova";0;1;7;1;1;0;572039
20220923;5200;5202;1;1;572047;"Kyje";0;1;7;1;1;0;572047
20220923;5300;5301;1;1;572063;"Pok¯ikov";0;1;7;1;1;0;572063
20220923;5300;5301;1;1;572071;"Prachovice";0;1;11;1;1;0;572071
20220923;5300;5301;1;2;572080;"ProseË";0;1;15;4;1;0;572080
20220923;5300;5301;1;1;572098;"ProsetÌn";0;1;9;1;1;0;572098
20220923;5300;5301;1;1;572101;"P¯edhradÌ";0;1;9;1;1;0;572101
20220923;5300;5301;1;1;572110;"P¯estavlky";0;1;6;1;1;0;572110
20220923;5200;5202;1;1;572128;"Vrbice";0;1;5;1;1;0;572128
20220923;5200;5202;1;1;572136;"Kozojedy";0;1;7;1;1;0;572136
20220923;5200;5202;1;1;572144;"Seke¯ice";0;1;5;1;1;0;572144
20220923;5300;5301;1;1;572152;"Ran·";0;1;9;3;1;0;572152
20220923;5300;5301;1;2;572161;"Ronov nad Doubravou";0;1;15;3;1;0;572161
20220923;5300;5301;1;1;572179;"Rosice";0;1;15;4;1;0;572179
20220923;5200;5202;1;1;572187;"Slavhostice";0;1;7;1;1;0;572187
20220923;5300;5303;1;1;572195;"éelivsko";0;1;5;1;1;0;572195
20220923;5300;5304;1;1;572209;"ÿepnÌky";0;1;7;3;1;0;572209
20220923;5300;5301;1;1;572217;"ÿestoky";0;1;9;1;1;0;572217
20220923;5300;5301;1;2;572225;"SeË";0;1;15;3;1;0;572225
20220923;5300;5303;1;1;572233;"ÿÌdk˝";0;1;7;1;1;0;572233
20220923;5300;5301;1;2;572241;"SkuteË";0;1;19;14;1;0;572241
20220923;5300;5303;1;1;572250;"B¯ezinky";0;1;7;1;1;0;572250
20220923;5300;5301;1;2;572268;"SlatiÚany";0;1;21;6;1;0;572268
20220923;5300;5301;1;1;572276;"SobÏtuchy";0;1;15;1;1;0;572276
20220923;5300;5303;1;1;572284;"Hartinkov";0;1;7;1;1;0;572284
20220923;5300;5303;1;1;572292;"Vr·ûnÈ";0;1;7;1;1;0;572292
20220923;5300;5304;1;1;572306;"StradouÚ";0;1;7;1;1;0;572306
20220923;5300;5301;1;1;572314;"St¯emoöice";0;1;7;1;1;0;572314
20220923;5300;5301;1;1;572322;"Studnice";0;1;9;1;1;0;572322
20220923;5300;5301;1;1;572331;"SvÌdnice";0;1;7;1;1;0;572331
20220923;5300;5301;1;1;572349;"Svratouch";0;1;9;1;1;0;572349
20220923;5300;5303;1;1;572357;"Desn·";0;1;9;1;1;0;572357
20220923;5300;5303;1;1;572365;"HornÌ ⁄jezd";0;1;9;1;1;0;572365
20220923;5300;5303;1;1;572373;"Po¯ÌËÌ u Litomyöle";0;1;9;1;1;0;572373
20220923;5300;5301;1;1;572381;"Tisovec";0;1;7;1;1;0;572381
20220923;5300;5301;1;6;572390;"Trhov· Kamenice";0;1;7;1;1;0;572390
20220923;5300;5301;1;1;572403;"Trojovice";0;1;7;1;1;0;572403
20220923;5300;5301;1;2;572411;"T¯emoönice";0;1;15;4;1;0;572411
20220923;5300;5301;1;1;572420;"TunÏchody";0;1;9;1;1;0;572420
20220923;5300;5303;1;1;572438;"Nov· Ves u Jaroöova";0;1;5;1;1;0;572438
20220923;5300;5301;1;1;572446;"⁄h¯etice";0;1;9;1;1;0;572446
20220923;5300;5301;1;1;572454;"V·penn˝ Podol";0;1;7;1;1;0;572454
20220923;5300;5301;1;6;572462;"VËel·kov";0;1;7;1;1;0;572462
20220923;5300;5301;1;1;572471;"Vejvanovice";0;1;7;1;1;0;572471
20220923;5300;5304;1;1;572489;"Vinary";0;1;5;1;1;0;572489
20220923;5300;5301;1;1;572497;"VÌtanov";0;1;9;1;1;0;572497
20220923;5300;5301;1;1;572501;"VojtÏchov";0;1;9;1;1;0;572501
20220923;5300;5303;1;1;572519;"Biskupice";0;1;7;1;1;0;572519
20220923;5300;5301;1;1;572527;"Vortov·";0;1;7;1;1;0;572527
20220923;5300;5301;1;1;572535;"Vrbat˘v Kostelec";0;1;7;1;1;0;572535
20220923;5300;5301;1;1;572543;"Vöeradov";0;1;7;;1;1;572543
20230107;5300;5301;1;1;572543;"Vöeradov";0;1;7;1;2;0;572543
20220923;5300;5301;1;1;572551;"VysoËina";0;1;7;4;1;0;572551
20220923;5300;5303;1;1;572560;"BanÌn";0;1;7;1;1;0;572560
20220923;5300;5301;1;1;572578;"ZajeËice";0;1;15;1;1;0;572578
20220923;5300;5303;1;1;572586;"BÏl· nad Svitavou";0;1;7;1;1;0;572586
20220923;5300;5303;1;1;572594;"Kukle";0;1;7;1;1;0;572594
20220923;5300;5303;1;1;572608;"Nov· SÌdla";0;1;7;1;1;0;572608
20220923;5300;5303;1;1;572616;"Trûek";0;1;7;1;1;0;572616
20220923;5300;5303;1;1;572624;"⁄tÏchov";0;1;7;1;1;0;572624
20220923;5300;5303;1;1;572632;"Boruöov";0;1;7;1;1;0;572632
20220923;5300;5301;1;6;572641;"éumberk";0;1;7;1;1;0;572641
20220923;5200;5202;1;2;572659;"JiËÌn";0;1;21;16;1;0;572659
20220923;5200;5202;1;1;572667;"Baönice";0;1;7;1;1;0;572667
20220923;5200;5202;1;1;572675;"BÏchary";0;1;9;1;1;0;572675
20220923;5300;5303;1;1;572683;"DÏt¯ichov u MoravskÈ T¯ebovÈ";0;1;7;1;1;0;572683
20220923;5300;5303;1;1;572691;"Hradec nad Svitavou";0;1;15;1;1;0;572691
20220923;5200;5202;1;1;572705;"Boh·Úka";0;1;9;1;1;0;572705
20220923;5300;5303;1;1;572713;"JavornÌk";0;1;9;1;1;0;572713
20220923;5300;5303;1;1;572721;"Opatovec";0;1;9;1;1;0;572721
20220923;5300;5303;1;1;572730;"ChmelÌk";0;1;7;1;1;0;572730
20220923;5300;5303;1;1;572748;"Karle";0;1;9;1;1;0;572748
20220923;5200;5202;1;1;572756;"TetÌn";0;1;7;1;1;0;572756
20220923;5300;5302;1;1;572764;"ChrtnÌky";0;1;7;1;1;0;572764
20220923;5200;5202;1;1;572772;"Byst¯ice";0;1;7;1;1;0;572772
20220923;5200;5202;1;1;572781;"Cerekvice nad Byst¯icÌ";0;1;9;2;1;0;572781
20220923;5300;5302;1;1;572799;"»asy";0;1;7;1;1;0;572799
20220923;5300;5302;1;1;572802;"MalÈ V˝kleky";0;1;5;1;1;0;572802
20220923;5200;5202;1;1;572811;"»eöov";0;1;5;1;1;0;572811
20220923;5200;5202;1;1;572829;"DÏtenice";0;1;9;3;1;0;572829
20220923;5200;5202;1;1;572837;"Dobr· Voda u Ho¯ic";0;1;9;1;1;0;572837
20220923;5300;5302;1;1;572845;"L·ny u Daöic";0;1;5;1;1;0;572845
20250315;5300;5302;1;1;572845;"L·ny u Daöic";0;1;5;1;1;0;572845
20220923;5300;5302;1;1;572853;"Pravy";0;1;5;1;1;0;572853
20220923;5300;5302;1;1;572861;"K¯iËeÚ";0;1;7;1;1;0;572861
20220923;5300;5302;1;1;572870;"NÏmËice";0;1;9;1;1;0;572870
20220923;5300;5302;1;1;572888;"⁄jezd u Sezemic";0;1;7;1;1;0;572888
20220923;5300;5302;1;1;572896;"»ern· u BohdanËe";0;1;7;1;1;0;572896
20220923;5200;5202;1;1;572900;"HolÌn";0;1;7;4;1;0;572900
20220923;5200;5202;1;1;572918;"Holovousy";0;1;9;1;1;0;572918
20220923;5200;5202;1;2;572926;"Ho¯ice";0;1;21;6;1;0;572926
20220923;5300;5302;1;1;572934;"StÈblov·";0;1;7;1;1;0;572934
20220923;5300;5302;1;1;572942;"Plch";0;1;5;1;1;0;572942
20220923;5300;5302;1;1;572951;"Pod˘löany";0;1;7;1;1;0;572951
20220923;5200;5202;1;1;572969;"Chomutice";0;1;9;1;1;0;572969
20220923;5300;5302;1;1;572977;"Dubany";0;1;7;1;1;0;572977
20220923;5300;5302;1;1;572985;"T¯ebosice";0;1;5;1;1;0;572985
20220923;5200;5202;1;1;572993;"Je¯ice";0;1;9;1;1;0;572993
20220923;5200;5202;1;1;573001;"JiËÌnÏves";0;1;7;1;1;0;573001
20220923;5300;5302;1;1;573019;"HolotÌn";0;1;6;1;1;0;573019
20220923;5300;5302;1;1;573027;"Sovolusky";0;1;7;1;1;0;573027
20220923;5300;5302;1;1;573035;"Moraöice";0;1;5;1;1;0;573035
20220923;5200;5202;1;1;573043;"KnÏûnice";0;1;5;1;1;0;573043
20220923;5200;5202;1;1;573051;"KonecchlumÌ";0;1;7;1;1;0;573051
20220923;5200;5202;1;2;573060;"Kopidlno";0;1;15;5;1;0;573060
20220923;5300;5302;1;1;573078;"Neratov";0;1;7;1;1;0;573078
20220923;5200;5202;1;1;573086;"LÌskovice";0;1;7;1;1;0;573086
20220923;5200;5202;1;2;573094;"L·znÏ BÏlohrad";0;1;15;7;1;0;573094
20220923;5200;5202;1;2;573108;"Lib·Ú";0;1;9;2;1;0;573108
20220923;5200;5202;1;1;573116;"Liboöovice";0;1;9;1;1;0;573116
20220923;5200;5202;1;1;573124;"LibuÚ";0;1;7;3;1;0;573124
20220923;5200;5201;1;1;573132;"Star˝ Bydûov";0;1;7;1;1;0;573132
20220923;5200;5202;1;1;573141;"Lukavec u Ho¯ic";0;1;9;1;1;0;573141
20220923;5200;5202;1;1;573159;"Luûany";0;1;9;1;1;0;573159
20220923;5200;5202;1;1;573167;"Markvartice";0;1;9;1;1;0;573167
20220923;5200;5202;1;2;573175;"MiletÌn";0;1;11;1;1;0;573175
20220923;5200;5202;1;1;573183;"Zeleneck· Lhota";0;1;7;1;1;0;573183
20220923;5200;5201;1;1;573191;"Sadov·";0;1;7;1;1;0;573191
20220923;5200;5202;1;1;573205;"MladÏjov";0;1;9;2;1;0;573205
20220923;5200;5202;1;6;573213;"Ml·zovice";0;1;11;1;1;0;573213
20220923;5200;5202;1;1;573221;"Rohoznice";0;1;7;1;1;0;573221
20220923;5200;5202;1;1;573230;"NemyËeves";0;1;7;1;1;0;573230
20220923;5200;5202;1;2;573248;"Nov· Paka";0;1;21;14;1;0;573248
20220923;5200;5202;1;1;573256;"ä·rovcova Lhota";0;1;7;1;1;0;573256
20220923;5200;5202;1;1;573264;"Osek";0;1;7;1;1;0;573264
20220923;5200;5202;1;1;573272;"OstromÏ¯";0;1;11;2;1;0;573272
20220923;5200;5202;1;1;573281;"Ostruûno";0;1;7;1;1;0;573281
20220923;5200;5202;1;6;573299;"Pecka";0;1;15;1;1;0;573299
20220923;5200;5202;1;1;573302;"Svatojansk˝ ⁄jezd";0;1;7;1;1;0;573302
20220923;5200;5202;1;1;573311;"PodhornÌ ⁄jezd a Vojice";0;1;9;1;1;0;573311
20220923;5200;5202;1;6;573329;"PodhradÌ";0;1;9;1;1;0;573329
20220923;5200;5202;1;1;573337;"D¯evÏnice";0;1;7;1;1;0;573337
20220923;5200;5202;1;1;573345;"Pod˘löÌ";0;1;7;1;1;0;573345
20220923;5200;5202;1;1;573353;"Bukvice";0;1;5;1;1;0;573353
20220923;5200;5202;1;1;573361;"SobÏraz";0;1;7;1;1;0;573361
20220923;5200;5202;1;1;573370;"Radim";0;1;5;1;1;0;573370
20220923;5200;5203;1;1;573388;"Litobo¯";0;1;7;1;1;0;573388
20220923;5100;5104;1;1;573400;"LouËky";0;1;7;1;1;0;573400
20220923;5100;5104;1;1;573418;"Martinice v KrkonoöÌch";0;1;9;1;1;0;573418
20220923;5300;5304;1;1;573426;"Anensk· Stud·nka";0;1;5;1;1;0;573426
20220923;7200;7204;1;1;573434;"Lhota";0;1;7;1;1;0;573434
20220923;5200;5202;1;1;573442;"Samöina";0;1;7;1;1;0;573442
20220923;5200;5202;1;1;573451;"SbÏ¯";0;1;7;1;1;0;573451
20220923;5200;5202;1;1;573469;"Slatiny";0;1;9;2;1;0;573469
20220923;5200;5202;1;1;573477;"SobËice";0;1;7;1;1;0;573477
20220923;6100;6104;1;1;573485;"Les˘Úky";0;1;7;1;1;0;573485
20220923;5200;5202;1;2;573493;"Sobotka";0;1;15;2;1;0;573493
20220923;5200;5202;1;1;573507;"Star· Paka";0;1;9;5;1;0;573507
20220923;5300;5302;1;1;573515;"KunÏtice";0;1;6;1;1;0;573515
20220923;5200;5202;1;1;573523;"StarÈ Smrkovice";0;1;5;1;1;0;573523
20220923;5200;5201;1;1;573531;"Puchlovice";0;1;9;1;1;0;573531
20220923;5200;5202;1;1;573540;"St¯evaË";0;1;9;1;1;0;573540
20220923;6100;6101;1;1;573558;"BoÚkov";0;1;7;1;1;0;573558
20220923;6100;6101;1;1;573566;"BÏl·";0;1;7;1;1;0;573566
20220923;6100;6101;1;1;573574;"Ch¯enovice";0;1;7;1;1;0;573574
20220923;6100;6101;1;1;573582;"VÌska";0;1;7;1;1;0;573582
20230617;6100;6101;1;1;573582;"VÌska";0;1;7;1;1;0;573582
20220923;6100;6101;1;1;573591;"PohleÔ";0;1;7;1;1;0;573591
20220923;6100;6101;1;1;573604;"Sluû·tky";0;1;7;1;1;0;573604
20220923;5200;5202;1;1;573612;"T¯ebnouöeves";0;1;9;1;1;0;573612
20220923;5200;5201;1;1;573621;"Hvozdnice";0;1;7;1;1;0;573621
20220923;5200;5202;1;1;573639;"T¯tÏnice";0;1;7;1;1;0;573639
20220923;5200;5202;1;1;573647;"Tu¯";0;1;7;1;1;0;573647
20220923;5200;5202;1;1;573655;"⁄bislavice";0;1;7;3;1;0;573655
20220923;5200;5202;1;1;573663;"⁄drnice";0;1;7;2;1;0;573663
20220923;5200;5202;1;1;573671;"⁄hlejov";0;1;7;1;1;0;573671
20220923;5200;5202;1;1;573680;"⁄jezd pod Troskami";0;1;7;3;1;0;573680
20220923;5200;5202;1;1;573698;"⁄libice";0;1;7;1;1;0;573698
20220923;5200;5202;1;1;573701;"Valdice";0;1;11;2;1;0;573701
20220923;5200;5201;1;1;573710;"Kobylice";0;1;7;1;1;0;573710
20220923;5200;5202;1;1;573728;"Veliö";0;1;7;1;1;0;573728
20220923;5200;5202;1;1;573736;"Vidochov";0;1;7;1;1;0;573736
20220923;5200;5201;1;1;573744;"Zdechovice";0;1;7;1;1;0;573744
20241005;5200;5201;1;1;573744;"Zdechovice";0;1;7;1;1;0;573744
20220923;5200;5202;1;1;573752;"VitinÏves";0;1;7;1;1;0;573752
20220923;5200;5202;1;1;573761;"Volanice";0;1;5;1;1;0;573761
20220923;5200;5201;1;1;573779;"M·slojedy";0;1;5;1;1;0;573779
20220923;5300;5301;1;1;573787;"Kleöice";0;1;7;1;1;0;573787
20220923;5200;5202;1;1;573795;"Vröce";0;1;9;1;1;0;573795
20220923;5200;5202;1;2;573809;"VysokÈ VeselÌ";0;1;15;1;1;0;573809
20220923;5300;5301;1;1;573817;"SmrËek";0;1;5;1;1;0;573817
20220923;5200;5202;1;2;573825;"éeleznice";0;1;15;2;1;0;573825
20220923;5200;5202;1;1;573833;"éeretice";0;1;7;1;1;0;573833
20220923;5200;5202;1;1;573841;"éidovice";0;1;7;1;1;0;573841
20220923;5200;5202;1;1;573850;"élunice";0;1;5;1;1;0;573850
20220923;5200;5203;1;2;573868;"N·chod";0;1;27;25;1;0;573868
20220923;5300;5301;1;1;573876;"Zderaz";0;1;9;1;1;0;573876
20220923;5200;5203;1;1;573884;"BezdÏkov nad MetujÌ";0;1;9;1;1;0;573884
20220923;5200;5203;1;1;573892;"Bohuslavice";0;1;11;1;1;0;573892
20220923;5200;5203;1;1;573906;"Borov·";0;1;7;1;1;0;573906
20220923;5200;5203;1;1;573914;"Boûanov";0;1;9;1;1;0;573914
20220923;5200;5203;1;2;573922;"Broumov";0;1;23;7;1;0;573922
20220923;5200;5203;1;1;573931;"Brzice";0;1;7;1;1;0;573931
20220923;5300;5301;1;1;573949;"Biskupice";0;1;7;1;1;0;573949
20220923;5200;5203;1;1;573957;"»ernËice";0;1;9;1;1;0;573957
20220923;5200;5203;1;2;573965;"»erven˝ Kostelec";0;1;25;12;1;0;573965
20220923;5200;5203;1;1;573973;"»esk· »ermn·";0;1;9;1;1;0;573973
20220923;5200;5203;1;1;573981;"»esk· Metuje";0;1;7;1;1;0;573981
20220923;5200;5203;1;2;573990;"»esk· Skalice";0;1;21;6;1;0;573990
20220923;5300;5301;1;1;574007;"KnÏûice";0;1;7;1;1;0;574007
20220923;5200;5203;1;1;574015;"Dolany";0;1;9;3;1;0;574015
20220923;5200;5203;1;1;574023;"DolnÌ Radechov·";0;1;7;1;1;0;574023
20220923;5200;5203;1;1;574031;"Hejtm·nkovice";0;1;9;1;1;0;574031
20220923;5200;5203;1;1;574040;"He¯manice";0;1;7;2;1;0;574040
20220923;5200;5203;1;1;574058;"He¯m·nkovice";0;1;5;1;1;0;574058
20220923;5200;5203;1;1;574066;"HornÌ Radechov·";0;1;7;1;1;0;574066
20220923;5200;5203;1;1;574074;"Ho¯iËky";0;1;9;1;1;0;574074
20220923;5200;5203;1;2;574082;"Hronov";0;1;21;8;1;0;574082
20220923;5300;5301;1;1;574091;"élebskÈ Chvalovice";0;1;7;1;1;0;574091
20220923;5300;5301;1;1;574104;"Ostrov";0;1;7;1;1;0;574104
20220923;5200;5203;1;1;574112;"Chvalkovice";0;1;9;1;1;0;574112
20220923;5200;5203;1;2;574121;"JaromÏ¯";0;1;21;18;1;0;574121
20220923;5200;5203;1;1;574139;"Jasenn·";0;1;15;1;1;0;574139
20220923;5200;5203;1;1;574147;"Jest¯ebÌ";0;1;7;1;1;0;574147
20220923;5200;5203;1;1;574155;"Jet¯ichov";0;1;7;1;1;0;574155
20220923;5200;5203;1;1;574163;"HynËice";0;1;5;1;1;0;574163
20220923;5200;5203;1;1;574171;"K¯inice";0;1;7;1;1;0;574171
20220923;5200;5203;1;1;574180;"Lhota pod Ho¯iËkami";0;1;7;1;1;0;574180
20220923;5300;5302;1;1;574198;"Spojil";0;1;9;1;1;0;574198
20220923;5100;5104;1;1;574201;"Horka u StarÈ Paky";0;1;7;2;1;0;574201
20220923;5200;5203;1;6;574210;"Machov";0;1;9;1;1;0;574210
20220923;5200;5203;1;1;574228;"MartÌnkovice";0;1;7;1;1;0;574228
20220923;5200;5203;1;1;574236;"MezileËÌ";0;1;7;1;1;0;574236
20220923;5200;5203;1;1;574244;"MezilesÌ";0;1;7;1;1;0;574244
20220923;5200;5203;1;2;574252;"MezimÏstÌ";0;1;13;7;1;0;574252
20220923;5200;5203;1;1;574261;"Naho¯any";0;1;8;1;1;0;574261
20220923;5200;5203;1;2;574279;"NovÈ MÏsto nad MetujÌ";0;1;21;12;1;0;574279
20220923;5200;5203;1;6;574287;"Nov˝ Hr·dek";0;1;11;1;1;0;574287
20220923;5200;5203;1;1;574295;"Nov˝ Ples";0;1;7;1;1;0;574295
20220923;5300;5303;1;1;574309;"BezdÏËÌ u Trn·vky";0;1;7;1;1;0;574309
20220923;5200;5203;1;1;574317;"Otovice";0;1;7;1;1;0;574317
20220923;5300;5303;1;1;574325;"Gruna";0;1;7;1;1;0;574325
20220923;5300;5303;1;1;574333;"Radkov";0;1;7;1;1;0;574333
20220923;5200;5203;1;2;574341;"Police nad MetujÌ";0;1;21;5;1;0;574341
20220923;5200;5203;1;1;574350;"Provodov-äonov";0;1;15;1;1;0;574350
20220923;5200;5203;1;1;574368;"P¯ibyslav";0;1;7;1;1;0;574368
20220923;5200;5203;1;1;574376;"Rasoöky";0;1;7;1;1;0;574376
20220923;5200;5203;1;1;574384;"Roûnov";0;1;7;1;1;0;574384
20220923;5300;5304;1;1;574392;"S·zava";0;1;9;1;1;0;574392
20220923;5200;5203;1;1;574406;"Rychnovek";0;1;9;2;1;0;574406
20220923;5200;5203;1;1;574422;"Slatina nad ⁄pou";0;1;7;1;1;0;574422
20220923;5200;5203;1;1;574431;"SlavÏtÌn nad MetujÌ";0;1;7;1;1;0;574431
20220923;5300;5304;1;1;574449;"Koso¯Ìn";0;1;6;1;1;0;574449
20220923;5200;5203;1;1;574457;"SlavoÚov";0;1;7;1;1;0;574457
20220923;5200;5203;1;2;574465;"St·rkov";0;1;7;1;1;0;574465
20220923;5200;5203;1;1;574481;"Studnice";0;1;11;3;1;0;574481
20220923;5200;5203;1;1;574490;"Such˝ D˘l";0;1;9;1;1;0;574490
20220923;5200;5203;1;1;574511;"äonov";0;1;5;1;1;0;574511
20220923;5200;5203;1;2;574538;"Teplice nad MetujÌ";0;1;11;3;1;0;574538
20220923;5200;5203;1;1;574546;"Kramolna";0;1;7;3;1;0;574546
20220923;5200;5203;1;1;574554;"Velichovky";0;1;11;2;1;0;574554
20220923;5200;5203;1;1;574562;"Velk· Jesenice";0;1;9;1;1;0;574562
20220923;5200;5203;1;1;574571;"VelkÈ Petrovice";0;1;9;1;1;0;574571
20220923;5200;5203;1;1;574589;"Velk˝ T¯ebeöov";0;1;9;1;1;0;574589
20220923;5200;5205;1;1;574597;"Vilantice";0;1;7;1;1;0;574597
20220923;5200;5203;1;1;574601;"Vlkov";0;1;7;1;1;0;574601
20220923;5200;5203;1;1;574627;"Vröovka";0;1;5;1;1;0;574627
20220923;5200;5203;1;1;574635;"Vysok· Srbsk·";0;1;5;1;1;0;574635
20220923;5200;5203;1;1;574643;"Vysokov";0;1;9;1;1;0;574643
20220923;5200;5203;1;1;574651;"Z·brodÌ";0;1;7;1;1;0;574651
20220923;5200;5203;1;1;574660;"ZaloÚov";0;1;7;1;1;0;574660
20220923;5200;5203;1;1;574686;"éÔ·r nad MetujÌ";0;1;9;1;1;0;574686
20220923;5200;5203;1;1;574694;"éÔ·rky";0;1;7;1;1;0;574694
20220923;5200;5203;1;6;574708;"éernov";0;1;9;1;1;0;574708
20220923;5300;5302;2;5;574716;"Pardubice I";0;1;15;22;1;0;555134
20220923;5300;5302;1;1;574724;"Barchov";0;1;5;1;1;0;574724
20220923;5300;5302;1;1;574741;"BezdÏkov";0;1;7;1;1;0;574741
20220923;5300;5302;1;2;574767;"L·znÏ BohdaneË";0;1;15;3;1;0;574767
20220923;5300;5302;1;1;574783;"Borek";0;1;7;1;1;0;574783
20220923;5300;5302;1;1;574791;"Brloh";0;1;7;1;1;0;574791
20220923;5300;5302;1;1;574805;"B¯ehy";0;1;9;1;1;0;574805
20220923;5300;5302;1;1;574813;"Bukovina nad Labem";0;1;7;1;1;0;574813
20220923;5300;5302;1;1;574821;"Bukovina u P¯elouËe";0;1;6;1;1;0;574821
20220923;5300;5302;1;1;574830;"Bukovka";0;1;7;1;1;0;574830
20220923;5300;5302;1;1;574848;"B˝öù";0;1;15;4;1;0;574848
20220923;5300;5302;1;1;574856;"»eperka";0;1;11;1;1;0;574856
20220923;5300;5302;1;1;574864;"»epÌ";0;1;7;1;1;0;574864
20220923;5300;5302;1;2;574899;"Daöice";0;1;15;3;1;0;574899
20220923;5300;5302;1;1;574902;"Dolany";0;1;7;1;1;0;574902
20220923;5300;5302;1;1;574911;"DolnÌ RoveÚ";0;1;15;4;1;0;574911
20220923;5300;5302;1;1;574929;"DolnÌ ÿedice";0;1;9;1;1;0;574929
20220923;5300;5302;1;1;574953;"D¯ÌteË";0;1;7;1;1;0;574953
20220923;5300;5302;1;1;574961;"HlaveËnÌk";0;1;7;1;1;0;574961
20220923;5300;5302;1;2;574988;"Holice";0;1;21;9;1;0;574988
20220923;5300;5302;1;2;574996;"HornÌ JelenÌ";0;1;15;2;1;0;574996
20220923;5300;5302;1;1;575011;"HornÌ ÿedice";0;1;15;1;1;0;575011
20220923;5300;5302;2;5;575020;"Pardubice VIII";0;1;9;1;1;0;555134
20220923;5300;5302;1;1;575046;"Hrobice";0;1;5;1;1;0;575046
20220923;5300;5302;1;6;575054;"Choltice";0;1;11;1;1;0;575054
20220923;5300;5302;1;1;575062;"ChoteË";0;1;7;1;1;0;575062
20220923;5300;5302;1;2;575071;"Chvaletice";0;1;15;3;1;0;575071
20220923;5300;5302;1;1;575089;"Chvojenec";0;1;7;1;1;0;575089
20220923;5300;5302;1;1;575097;"Ch˝öù";0;1;5;1;1;0;575097
20220923;5300;5302;1;1;575101;"Jankovice";0;1;7;1;1;0;575101
20220923;5300;5302;1;1;575119;"Jaroslav";0;1;5;1;1;0;575119
20220923;5300;5302;1;1;575127;"Jedousov";0;1;7;1;1;0;575127
20220923;5300;5302;1;1;575135;"JenÌkovice";0;1;7;1;1;0;575135
20220923;5300;5302;1;1;575143;"Jezbo¯ice";0;1;7;1;1;0;575143
20220923;5300;5302;1;1;575151;"Kasalice";0;1;5;1;1;0;575151
20220923;5300;5302;1;1;575178;"Kladruby nad Labem";0;1;11;4;1;0;575178
20220923;5300;5302;1;1;575194;"Kojice";0;1;5;1;1;0;575194
20220923;5300;5302;1;1;575232;"KostÏnice";0;1;15;1;1;0;575232
20220923;5300;5302;1;1;575259;"LabskÈ ChrËice";0;1;7;1;1;0;575259
20220923;5300;5302;1;1;575305;"Libiöany";0;1;7;1;1;0;575305
20220923;5300;5302;1;1;575313;"Lipoltice";0;1;7;1;1;0;575313
20220923;5300;5302;1;1;575330;"Litoöice";0;1;7;1;1;0;575330
20220923;5300;5302;1;1;575372;"Mikulovice";0;1;9;1;1;0;575372
20220923;5300;5302;1;1;575381;"MokoöÌn";0;1;7;1;1;0;575381
20220923;5300;5302;1;1;575399;"Moravany";0;1;15;5;1;0;575399
20220923;5300;5302;1;1;575429;"Opatovice nad Labem";0;1;15;3;1;0;575429
20220923;5300;5302;1;1;575437;"Ost¯eöany";0;1;15;1;1;0;575437
20220923;5300;5302;1;1;575445;"Ost¯etÌn";0;1;15;2;1;0;575445
20220923;5300;5302;1;1;575461;"PobÏûovice u Holic";0;1;7;1;1;0;575461
20220923;5300;5302;1;1;575470;"PobÏûovice u P¯elouËe";0;1;7;1;1;0;575470
20220923;5300;5302;1;2;575500;"P¯elouË";0;1;21;14;1;0;575500
20220923;5300;5302;1;1;575518;"P¯elovice";0;1;7;1;1;0;575518
20220923;5300;5302;1;1;575526;"P¯epychy";0;1;7;1;1;0;575526
20220923;5300;5302;1;1;575534;"R·by";0;1;9;1;1;0;575534
20220923;5300;5304;1;1;575542;"Radhoöù";0;1;5;1;1;0;575542
20220923;5300;5302;1;1;575551;"Rohovl·dova BÏl·";0;1;7;1;1;0;575551
20220923;5300;5302;1;1;575569;"Rohoznice";0;1;7;1;1;0;575569
20220923;5300;5302;1;1;575577;"Rokytno";0;1;15;2;1;0;575577
20220923;5300;5302;1;1;575593;"RybitvÌ";0;1;14;1;1;0;575593
20220923;5300;5302;1;1;575607;"ÿeËany nad Labem";0;1;9;2;1;0;575607
20220923;5300;5302;1;1;575615;"Selmice";0;1;7;1;1;0;575615
20220923;5300;5302;1;1;575623;"SemÌn";0;1;9;1;1;0;575623
20220923;5300;5302;1;2;575640;"Sezemice";0;1;15;8;1;0;575640
20220923;5300;5302;1;1;575658;"Slepotice";0;1;7;1;1;0;575658
20220923;5300;5302;1;1;575666;"Sop¯eË";0;1;7;1;1;0;575666
20220923;5300;5302;1;1;575682;"Srch";0;1;9;2;1;0;575682
20220923;5300;5302;1;1;575704;"StarÈ HradiötÏ";0;1;15;2;1;0;575704
20220923;5300;5302;1;1;575712;"StarÈ JesenËany";0;1;7;1;1;0;575712
20220923;5300;5302;1;1;575721;"StarÈ éd·nice";0;1;7;1;1;0;575721
20220923;5300;5302;1;1;575739;"Star˝ Mate¯ov";0;1;7;1;1;0;575739
20220923;5300;5302;1;1;575755;"Stojice";0;1;7;1;1;0;575755
20220923;5300;5302;1;1;575763;"Straöov";0;1;7;1;1;0;575763
20220923;5300;5302;1;1;575771;"SvinËany";0;1;9;1;1;0;575771
20220923;5300;5302;1;1;575780;"Svojöice";0;1;7;1;1;0;575780
20220923;5300;5302;1;1;575810;"Tetov";0;1;7;1;1;0;575810
20220923;5300;5302;1;1;575828;"Trusnov";0;1;7;1;1;0;575828
20220923;5300;5302;1;1;575844;"Turkovice";0;1;7;1;1;0;575844
20220923;5300;5304;1;1;575861;"T˝niöùko";0;1;7;1;1;0;575861
20220923;5300;5302;1;1;575879;"Uhersko";0;1;7;1;1;0;575879
20220923;5300;5302;1;1;575887;"⁄h¯etick· Lhota";0;1;5;1;1;0;575887
20220923;5300;5302;1;1;575909;"⁄jezd u P¯elouËe";0;1;7;1;1;0;575909
20220923;5300;5302;1;1;575917;"Urbanice";0;1;5;1;1;0;575917
20220923;5300;5302;1;1;575925;"Valy";0;1;7;1;1;0;575925
20220923;5300;5302;1;1;575933;"V·pno";0;1;7;1;1;0;575933
20220923;5300;5302;1;1;575941;"Veliny";0;1;7;1;1;0;575941
20220923;5300;5302;1;1;575968;"VeselÌ";0;1;9;1;1;0;575968
20220923;5300;5302;1;1;575984;"VlËÌ Hab¯ina";0;1;7;1;1;0;575984
20220923;5300;5302;1;1;575992;"VoleË";0;1;7;1;1;0;575992
20220923;5300;5302;1;1;576000;"VysokÈ Chvojno";0;1;7;1;1;0;576000
20220923;5300;5302;1;1;576018;"VyöehnÏvice";0;1;7;1;1;0;576018
20220923;5300;5302;1;1;576026;"Zdechovice";0;1;9;2;1;0;576026
20220923;5300;5302;1;1;576042;"é·ravice";0;1;7;1;1;0;576042
20220923;5300;5302;1;1;576051;"éivanice";0;1;7;2;1;0;576051
20220923;5200;5204;1;2;576069;"Rychnov nad KnÏûnou";0;1;21;14;1;0;576069
20220923;5200;5204;1;1;576077;"Albrechtice nad OrlicÌ";0;1;15;1;1;0;576077
20220923;5200;5204;1;1;576085;"BaËetÌn";0;1;9;1;1;0;576085
20220923;5200;5204;1;1;576093;"Bartoöovice v Orlick˝ch hor·ch";0;1;7;1;1;0;576093
20220923;5200;5204;1;1;576107;"BÌl˝ ⁄jezd";0;1;11;2;1;0;576107
20220923;5200;5204;1;1;576115;"BohdaöÌn";0;1;7;1;1;0;576115
20220923;5200;5204;1;1;576123;"Bolehoöù";0;1;9;1;1;0;576123
20220923;5200;5204;1;2;576131;"Borohr·dek";0;1;15;2;1;0;576131
20220923;5200;5204;1;1;576140;"Borovnice";0;1;9;1;1;0;576140
20220923;5200;5204;1;1;576166;"BystrÈ";0;1;9;1;1;0;576166
20220923;5200;5204;1;1;576174;"Byzhradec";0;1;7;1;1;0;576174
20220923;5200;5204;1;6;576182;"»astolovice";0;1;15;1;1;0;576182
20220923;5200;5204;1;1;576191;"»ermn· nad OrlicÌ";0;1;15;1;1;0;576191
20220923;5200;5204;1;1;576204;"»ernÌkovice";0;1;11;1;1;0;576204
20220923;5200;5204;1;1;576212;"»eskÈ Mezi¯ÌËÌ";0;1;15;2;1;0;576212
20220923;5200;5204;1;1;576221;"»estice";0;1;9;1;1;0;576221
20220923;5200;5204;1;1;576247;"DeötnÈ v Orlick˝ch hor·ch";0;1;9;1;1;0;576247
20220923;5200;5204;1;1;576263;"DobrÈ";0;1;9;4;1;0;576263
20220923;5200;5204;1;2;576271;"Dobruöka";0;1;15;12;1;0;576271
20220923;5200;5204;1;1;576280;"Dob¯any";0;1;7;1;1;0;576280
20220923;5200;5204;1;6;576301;"Doudleby nad OrlicÌ";0;1;15;2;1;0;576301
20220923;5200;5204;1;1;576310;"Chleny";0;1;7;1;1;0;576310
20220923;5200;5204;1;1;576328;"Janov";0;1;7;1;1;0;576328
20220923;5200;5204;1;1;576336;"Javornice";0;1;11;1;1;0;576336
20220923;5200;5201;1;1;576352;"JÌlovice";0;1;7;1;1;0;576352
20220923;5200;5204;1;2;576361;"Kostelec nad OrlicÌ";0;1;21;7;1;0;576361
20220923;5200;5204;1;1;576387;"KosteleckÈ Horky";0;1;7;1;1;0;576387
20220923;5200;5204;1;1;576395;"Kounov";0;1;7;1;1;0;576395
20220923;5200;5204;1;1;576409;"Kr·lova Lhota";0;1;7;1;1;0;576409
20220923;5200;5204;1;1;576425;"Kvasiny";0;1;15;1;1;0;576425
20220923;5200;5201;1;1;576433;"Ledce";0;1;7;1;1;0;576433
20220923;5200;5204;1;1;576441;"Lhoty u Potötejna";0;1;7;1;1;0;576441
20220923;5200;5204;1;1;576450;"Liberk";0;1;9;3;1;0;576450
20220923;5200;5204;1;1;576468;"LiËno";0;1;9;1;1;0;576468
20220923;5200;5204;1;1;576476;"LÌpa nad OrlicÌ";0;1;9;1;1;0;576476
20220923;5200;5204;1;1;576492;"Lukavice";0;1;7;1;1;0;576492
20220923;5200;5204;1;1;576506;"Lupenice";0;1;7;1;1;0;576506
20220923;5200;5204;1;1;576522;"MokrÈ";0;1;7;1;1;0;576522
20220923;5200;5204;1;1;576549;"Nov· Ves";0;1;7;1;1;0;576549
20220923;5200;5204;1;1;576557;"OËelice";0;1;7;1;1;0;576557
20220923;5200;5204;1;1;576565;"Ohniöov";0;1;9;1;1;0;576565
20220923;5200;5204;1;1;576573;"Oleönice v Orlick˝ch hor·ch";0;1;9;1;1;0;576573
20220923;5200;5204;1;1;576581;"Oleönice";0;1;9;1;1;0;576581
20220923;5200;5204;1;2;576590;"OpoËno";0;1;15;4;1;0;576590
20220923;5200;5204;1;1;576603;"OrlickÈ Z·ho¯Ì";0;1;7;1;1;0;576603
20220923;5200;5204;1;1;576611;"OseËnice";0;1;7;1;1;0;576611
20220923;5200;5204;1;1;576620;"PÏËÌn";0;1;7;1;1;0;576620
20220923;5200;5204;1;1;576654;"Podb¯ezÌ";0;1;9;2;1;0;576654
20220923;5200;5204;1;1;576662;"Poho¯Ì";0;1;15;1;1;0;576662
20220923;5200;5204;1;1;576671;"Potötejn";0;1;11;1;1;0;576671
20220923;5200;5204;1;1;576689;"P¯epychy";0;1;15;1;1;0;576689
20220923;5200;5204;1;2;576701;"Rokytnice v Orlick˝ch hor·ch";0;1;15;1;1;0;576701
20220923;5200;5204;1;1;576727;"Rybn· nad ZdobnicÌ";0;1;9;1;1;0;576727
20220923;5200;5204;1;1;576735;"ÿÌËky v Orlick˝ch hor·ch";0;1;7;1;1;0;576735
20220923;5200;5204;1;1;576743;"SedloÚov";0;1;7;1;1;0;576743
20220923;5200;5204;1;1;576751;"Semechnice";0;1;9;1;1;0;576751
20220923;5200;5204;1;1;576778;"Skuhrov nad BÏlou";0;1;15;2;1;0;576778
20220923;5200;5204;1;1;576786;"Slatina nad ZdobnicÌ";0;1;11;1;1;0;576786
20220923;5200;5204;1;1;576794;"SnÏûnÈ";0;1;7;1;1;0;576794
20220923;5200;5204;1;2;576808;"Solnice";0;1;15;2;1;0;576808
20220923;5200;5204;1;1;576816;"Synkov-Slemeno";0;1;9;1;1;0;576816
20220923;5200;5204;1;1;576824;"Trnov";0;1;15;3;1;0;576824
20220923;5200;5204;1;1;576832;"T¯ebeöov";0;1;7;1;1;0;576832
20220923;5200;5204;1;1;576841;"Tutleky";0;1;9;1;1;0;576841
20220923;5200;5204;1;2;576859;"T˝niötÏ nad OrlicÌ";0;1;17;8;1;0;576859
20220923;5200;5204;1;1;576875;"Val";0;1;7;1;1;0;576875
20220923;5200;5204;1;2;576883;"Vamberk";0;1;15;6;1;0;576883
20220923;5200;5204;1;1;576891;"VodÏrady";0;1;15;6;1;0;576891
20220923;5200;5204;1;1;576921;"Z·mÏl";0;1;7;1;1;0;576921
20220923;5200;5204;1;1;576930;"Zdelov";0;1;7;1;1;0;576930
20220923;5200;5204;1;1;576948;"Zdobnice";0;1;9;1;1;0;576948
20220923;5200;5204;1;1;576956;"éÔ·r nad OrlicÌ";0;1;7;1;1;0;576956
20220923;5100;5104;1;2;576964;"Semily";0;1;21;10;1;0;576964
20220923;5100;5104;1;1;576972;"BÏl·";0;1;7;1;1;0;576972
20220923;5100;5104;1;1;576981;"Benecko";0;1;15;4;1;0;576981
20220923;5100;5104;1;1;576999;"Beneöov u Semil";0;1;15;1;1;0;576999
20220923;5100;5104;1;1;577006;"Bozkov";0;1;15;1;1;0;577006
20220923;5100;5104;1;1;577014;"Bradleck· Lhota";0;1;7;1;1;0;577014
20220923;5100;5104;1;1;577031;"Bukovina u »istÈ";0;1;5;1;1;0;577031
20220923;5100;5104;1;1;577049;"Bystr· nad Jizerou";0;1;5;1;1;0;577049
20220923;5100;5104;1;1;577057;"»ist· u Horek";0;1;7;1;1;0;577057
20220923;5100;5104;1;1;577073;"H·je nad Jizerou";0;1;9;1;1;0;577073
20220923;5100;5102;1;2;577081;"Harrachov";0;1;9;1;1;0;577081
20220923;5100;5104;1;1;577111;"Holenice";0;1;7;1;1;0;577111
20220923;5100;5104;1;1;577120;"HornÌ Brann·";0;1;11;2;1;0;577120
20220923;5100;5104;1;1;577146;"Hrub· Sk·la";0;1;9;1;1;0;577146
20220923;5100;5104;1;1;577154;"Chuchelna";0;1;15;2;1;0;577154
20220923;5100;5104;1;2;577162;"Jablonec nad Jizerou";0;1;15;4;1;0;577162
20220923;5100;5104;1;1;577171;"Jesenn˝";0;1;5;1;1;0;577171
20220923;5100;5104;1;1;577189;"Jest¯abÌ v KrkonoöÌch";0;1;9;3;1;0;577189
20220923;5100;5104;1;2;577197;"Jilemnice";0;1;17;5;1;0;577197
20220923;5100;5104;1;1;577201;"Kacanovy";0;1;7;1;1;0;577201
20220923;5100;5104;1;1;577219;"Karlovice";0;1;15;1;1;0;577219
20220923;5100;5104;1;1;577227;"KlokoËÌ";0;1;9;1;1;0;577227
20220923;5100;5104;1;1;577235;"Koöù·lov";0;1;13;2;1;0;577235
20220923;5100;5104;1;1;577243;"Kruh";0;1;7;1;1;0;577243
20220923;5100;5104;1;6;577294;"Liböt·t";0;1;15;1;1;0;577294
20220923;5100;5104;1;2;577308;"Lomnice nad Popelkou";0;1;17;7;1;0;577308
20220923;5100;5104;1;1;577316;"MÌrov· pod Koz·kovem";0;1;15;4;1;0;577316
20220923;5100;5104;1;1;577324;"Mod¯iöice";0;1;7;1;1;0;577324
20220923;5100;5104;1;1;577332;"M¯ÌËn·";0;1;7;1;1;0;577332
20220923;5100;5104;1;1;577341;"Nov· Ves nad Popelkou";0;1;7;1;1;0;577341
20220923;5100;5104;1;1;577359;"Ohrazenice";0;1;9;1;1;0;577359
20220923;5100;5104;1;1;577367;"Oleönice";0;1;9;1;1;0;577367
20220923;5100;5104;1;1;577375;"LevÌnsk· Oleönice";0;1;7;2;1;0;577375
20220923;5100;5104;1;1;577391;"Pe¯imov";0;1;7;1;1;0;577391
20220923;5100;5104;1;1;577405;"Ponikl·";0;1;15;1;1;0;577405
20220923;5100;5104;1;1;577413;"P¯epe¯e";0;1;11;1;1;0;577413
20220923;5100;5104;1;1;577421;"P¯Ìkr˝";0;1;9;1;1;0;577421
20220923;5100;5104;1;1;577430;"Radostn· pod Koz·kovem";0;1;9;1;1;0;577430
20220923;5100;5104;1;1;577448;"Rakousy";0;1;7;1;1;0;577448
20220923;5100;5104;1;2;577456;"Rokytnice nad Jizerou";0;1;15;2;1;0;577456
20220923;5100;5104;1;1;577464;"Roprachtice";0;1;7;1;1;0;577464
20220923;5100;5104;1;2;577472;"Rovensko pod Troskami";0;1;11;1;1;0;577472
20220923;5100;5104;1;1;577481;"Roztoky u Semil";0;1;7;1;1;0;577481
20220923;5100;5104;1;1;577499;"Roztoky u Jilemnice";0;1;9;1;1;0;577499
20220923;5100;5104;1;1;577529;"Slan·";0;1;7;1;1;0;577529
20220923;5100;5104;1;1;577545;"Struûinec";0;1;7;2;1;0;577545
20220923;5100;5104;1;1;577553;"Studenec";0;1;15;2;1;0;577553
20220923;5100;5104;1;1;577561;"Svojek";0;1;7;1;1;0;577561
20220923;5100;5104;1;1;577570;"Sy¯enov";0;1;7;1;1;0;577570
20220923;5100;5104;1;1;577596;"Tatobity";0;1;9;2;1;0;577596
20220923;5100;5104;1;1;577600;"Troskovice";0;1;7;1;1;0;577600
20220923;5100;5104;1;2;577626;"Turnov";0;1;27;13;1;0;577626
20220923;5100;5104;1;1;577642;"Vesel·";0;1;7;1;1;0;577642
20220923;5100;5104;1;1;577651;"VÌchov· nad Jizerou";0;1;9;1;1;0;577651
20220923;5100;5104;1;1;577669;"VÌtkovice";0;1;9;1;1;0;577669
20220923;5100;5104;1;1;577677;"VöeÚ";0;1;15;1;1;0;577677
20220923;5100;5104;1;1;577685;"Vyske¯";0;1;7;1;1;0;577685
20220923;5100;5104;1;2;577693;"VysokÈ nad Jizerou";0;1;15;3;1;0;577693
20220923;5100;5104;1;1;577707;"Z·ho¯Ì";0;1;7;1;1;0;577707
20220923;5100;5104;1;1;577723;"éernov";0;1;7;1;1;0;577723
20220923;5300;5303;1;2;577731;"Svitavy";0;1;26;18;1;0;577731
20220923;5300;5303;1;1;577774;"Ben·tky";0;1;9;1;1;0;577774
20220923;5300;5303;1;1;577812;"BohuÚov";0;1;7;1;1;0;577812
20220923;5300;5303;1;1;577821;"BohuÚovice";0;1;7;1;1;0;577821
20220923;5300;5303;1;1;577839;"Borov·";0;1;15;1;1;0;577839
20220923;5300;5303;1;1;577863;"BrnÏnec";0;1;15;1;1;0;577863
20220923;5300;5303;1;1;577871;"B¯ezina";0;1;7;1;1;0;577871
20220923;5300;5303;1;1;577898;"B¯eziny";0;1;7;1;1;0;577898
20220923;5300;5303;1;1;577910;"Budislav";0;1;9;1;1;0;577910
20220923;5300;5303;1;2;577928;"BystrÈ";0;1;15;1;1;0;577928
20220923;5300;5303;1;1;577936;"Cerekvice nad LouËnou";0;1;11;1;1;0;577936
20220923;5300;5303;1;1;577944;"»ist·";0;1;15;1;1;0;577944
20220923;5300;5303;1;1;577961;"DÏt¯ichov";0;1;9;1;1;0;577961
20220923;4100;4101;1;1;577979;"Poustka";0;1;7;1;1;0;577979
20220923;5300;5303;1;1;577987;"Dlouh· LouËka";0;1;9;1;1;0;577987
20220923;5300;5303;1;1;577995;"DolnÌ ⁄jezd";0;1;15;2;1;0;577995
20220923;4100;4101;1;1;578002;"Velk˝ Luh";0;1;7;1;1;0;578002
20220923;4100;4102;1;1;578011;"Chodov";0;1;5;1;1;0;578011
20220923;4100;4102;1;1;578029;"Vysok· Pec";0;1;7;1;1;0;578029
20220923;5300;5303;1;1;578037;"Hartmanice";0;1;7;1;1;0;578037
20220923;4100;4102;1;1;578045;"Kr·sn˝ Les";0;1;9;1;1;0;578045
20220923;5300;5303;1;1;578053;"Horky";0;1;7;1;1;0;578053
20220923;3200;3202;1;1;578061;"Ost¯etice";0;1;9;1;1;0;578061
20220923;3200;3202;1;1;578070;"Lomec";0;1;7;1;1;0;578070
20220923;3200;3202;1;1;578088;"Bi¯kov";0;1;7;1;1;0;578088
20220923;5300;5303;1;1;578096;"Chornice";0;1;13;1;1;0;578096
20220923;5300;5303;1;1;578100;"ChotÏnov";0;1;7;1;1;0;578100
20220923;5300;5303;1;1;578118;"Chotovice";0;1;9;1;1;0;578118
20220923;5300;5303;1;1;578126;"Chrastavec";0;1;7;1;1;0;578126
20220923;5300;5303;1;1;578134;"Janov";0;1;9;1;1;0;578134
20220923;5300;5303;1;1;578142;"Jan˘vky";0;1;7;1;1;0;578142
20220923;5300;5303;1;1;578151;"JaromÏ¯ice";0;1;9;1;1;0;578151
20220923;5300;5303;1;1;578169;"Jaroöov";0;1;7;1;1;0;578169
20220923;3200;3202;1;1;578177;"KovËÌn";0;1;7;1;1;0;578177
20240622;3200;3202;1;1;578177;"KovËÌn";0;1;7;1;1;0;578177
20220923;5300;5303;1;1;578185;"Jedlov·";0;1;15;1;1;0;578185
20220923;5300;5303;1;2;578193;"JevÌËko";0;1;15;3;1;0;578193
20220923;5300;5303;1;1;578207;"Kamenec u PoliËky";0;1;9;1;1;0;578207
20220923;5300;5303;1;1;578215;"Kamenn· Horka";0;1;7;1;1;0;578215
20230916;5300;5303;1;1;578215;"Kamenn· Horka";0;1;7;1;1;0;578215
20240323;5300;5303;1;1;578215;"Kamenn· Horka";0;1;7;1;1;0;578215
20230325;5300;5303;1;1;578215;"Kamenn· Horka";0;1;7;1;1;0;578215
20220923;3200;3202;1;1;578223;"Nehodiv";0;1;7;1;1;0;578223
20220923;5300;5303;1;1;578231;"KoclÌ¯ov";0;1;15;1;1;0;578231
20220923;3200;3202;1;1;578240;"Hamry";0;1;7;1;1;0;578240
20220923;5300;5303;1;1;578258;"Korouhev";0;1;9;1;1;0;578258
20220923;5300;5303;1;1;578266;"Koruna";0;1;7;1;1;0;578266
20220923;5300;5303;1;1;578274;"K¯enov";0;1;9;1;1;0;578274
20220923;5300;5303;1;1;578282;"KunËina";0;1;11;2;1;0;578282
20220923;5300;5303;1;1;578291;"KvÏtn·";0;1;11;1;1;0;578291
20220923;5300;5303;1;1;578304;"LaviËnÈ";0;1;5;1;1;0;578304
20220923;3200;3202;1;1;578312;"Zborovy";0;1;7;1;1;0;578312
20220923;3200;3202;1;1;578321;"⁄jezd u Pl·nice";0;1;5;1;1;0;578321
20241207;3200;3202;1;1;578321;"⁄jezd u Pl·nice";0;1;5;1;1;0;578321
20220923;5300;5303;1;1;578339;"Linhartice";0;1;9;1;1;0;578339
20220923;5300;5303;1;2;578347;"Litomyöl";0;1;23;16;1;0;578347
20220923;5300;5303;1;1;578355;"Lubn·";0;1;15;1;1;0;578355
20220923;5300;5303;1;1;578363;"Makov";0;1;9;1;1;0;578363
20220923;5300;5303;1;1;578371;"MalÌkov";0;1;9;1;1;0;578371
20220923;5300;5303;1;1;578380;"MÏsteËko Trn·vka";0;1;15;8;1;0;578380
20220923;5300;5303;1;1;578398;"MikuleË";0;1;7;1;1;0;578398
20220923;5300;5303;1;1;578401;"MladÏjov na MoravÏ";0;1;9;1;1;0;578401
20220923;3200;3202;1;1;578410;"MaÚovice";0;1;7;1;1;0;578410
20220923;5300;5303;1;1;578428;"Moraöice";0;1;11;2;1;0;578428
20220923;3200;3202;1;1;578436;"Slatina";0;1;7;1;1;0;578436
20220923;5300;5303;1;2;578444;"Moravsk· T¯ebov·";0;1;21;13;1;0;578444
20220923;5300;5303;1;1;578452;"NedvÏzÌ";0;1;7;1;1;0;578452
20220923;3200;3202;1;1;578461;"Meziho¯Ì";0;1;7;1;1;0;578461
20220923;5300;5303;1;1;578479;"Old¯iö";0;1;15;1;1;0;578479
20220923;5300;5303;1;1;578487;"Opatov";0;1;15;1;1;0;578487
20220923;3200;3202;1;1;578495;"»Ìmice";0;1;7;1;1;0;578495
20220923;5300;5303;1;1;578509;"OsÌk";0;1;11;1;1;0;578509
20220923;3200;3202;1;1;578517;"Domoraz";0;1;5;1;1;0;578517
20220923;3200;3202;1;1;578525;"Frymburk";0;1;7;1;1;0;578525
20220923;3200;3202;1;1;578533;"Nezamyslice";0;1;7;1;1;0;578533
20220923;3200;3204;1;1;578541;"Jarov";0;1;7;1;1;0;578541
20220923;5300;5303;1;1;578550;"Pohledy";0;1;9;1;1;0;578550
20220923;3200;3204;1;1;578568;"»melÌny";0;1;5;1;1;0;578568
20220923;5300;5303;1;2;578576;"PoliËka";0;1;21;12;1;0;578576
20220923;5300;5303;1;1;578584;"PomezÌ";0;1;15;2;1;0;578584
20220923;3200;3204;1;1;578592;"T¯ebËice";0;1;7;1;1;0;578592
20220923;3200;3203;1;1;578606;"Lh˘ta";0;1;7;1;1;0;578606
20220923;3200;3204;1;1;578614;"Tojice";0;1;7;1;1;0;578614
20220923;5300;5303;1;1;578622;"P¯Ìluka";0;1;9;1;1;0;578622
20220923;5300;5303;1;1;578631;"Pust· Kamenice";0;1;7;1;1;0;578631
20220923;5300;5303;1;1;578649;"Pust· Rybn·";0;1;7;1;1;0;578649
20220923;5300;5303;1;6;578657;"RadimÏ¯";0;1;15;1;1;0;578657
20220923;3200;3205;1;1;578665;"DraûeÚ";0;1;7;1;1;0;578665
20220923;5300;5303;1;1;578673;"Rohozn·";0;1;11;1;1;0;578673
20220923;5300;5303;1;1;578681;"RozhranÌ";0;1;9;1;1;0;578681
20220923;5300;5303;1;1;578690;"Rozst·nÌ";0;1;7;1;1;0;578690
20220923;5300;5303;1;1;578703;"Rudn·";0;1;7;1;1;0;578703
20220923;5300;5303;1;1;578711;"Rychnov na MoravÏ";0;1;9;1;1;0;578711
20220923;5300;5303;1;1;578720;"S·dek";0;1;9;1;1;0;578720
20220923;5300;5303;1;1;578738;"Sebranice";0;1;9;1;1;0;578738
20220923;5300;5303;1;1;578746;"SedliötÏ";0;1;7;1;1;0;578746
20220923;5300;5303;1;1;578754;"SklenÈ";0;1;5;1;1;0;578754
20220923;5300;5303;1;1;578762;"Slatina";0;1;7;1;1;0;578762
20220923;3200;3205;1;1;578771;"KoËÌn";0;1;5;1;1;0;578771
20220923;5300;5303;1;1;578789;"StarÈ MÏsto";0;1;9;1;1;0;578789
20220923;3200;3205;1;1;578797;"ätichovice";0;1;9;1;1;0;578797
20220923;5300;5303;1;1;578801;"Staöov";0;1;9;1;1;0;578801
20220923;5300;5303;1;1;578819;"Strakov";0;1;7;1;1;0;578819
20220923;3200;3205;1;1;578827;"Zahr·dka";0;1;7;1;1;0;578827
20220923;5300;5303;1;1;578835;"Such· Lhota";0;1;7;1;1;0;578835
20220923;5300;5303;1;6;578843;"Svojanov";0;1;7;3;1;0;578843
20220923;5300;5303;1;1;578851;"äirok˝ D˘l";0;1;7;1;1;0;578851
20220923;5300;5303;1;1;578860;"ätudlov";0;1;7;1;1;0;578860
20220923;5300;5303;1;1;578878;"TelecÌ";0;1;9;1;1;0;578878
20220923;5300;5303;1;1;578886;"TrpÌn";0;1;7;1;1;0;578886
20220923;5300;5303;1;1;578894;"TrstÏnice";0;1;9;1;1;0;578894
20220923;5300;5303;1;1;578908;"T¯eba¯ov";0;1;9;1;1;0;578908
20220923;5300;5303;1;1;578916;"⁄jezdec";0;1;7;1;1;0;578916
20220923;3200;3205;1;1;578924;"VeleËÌn";0;1;5;1;1;0;578924
20220923;5300;5303;1;1;578932;"VendolÌ";0;1;11;1;1;0;578932
20220923;5300;5303;1;1;578941;"Vidlat· SeË";0;1;7;1;1;0;578941
20220923;5300;5303;1;1;578959;"VÌska u JevÌËka";0;1;7;1;1;0;578959
20220923;5300;5303;1;1;578967;"VÌtÏjeves";0;1;5;1;1;0;578967
20220923;5300;5303;1;1;578975;"Vranov· Lhota";0;1;9;1;1;0;578975
20220923;3200;3205;1;1;578983;"Tatin·";0;1;7;1;1;0;578983
20220923;5300;5303;1;1;578991;"Vysok·";0;1;7;1;1;0;578991
20220923;3200;3206;1;1;579009;"Medov˝ ⁄jezd";0;1;7;1;1;0;579009
20220923;3200;3206;1;1;579017;"Kakejcov";0;1;7;1;1;0;579017
20220923;5200;5205;1;2;579025;"Trutnov";0;1;33;36;1;0;579025
20220923;3200;3206;1;1;579033;"Kornatice";0;1;7;1;1;0;579033
20220923;5200;5205;1;1;579041;"BatÚovice";0;1;9;1;1;0;579041
20220923;5200;5205;1;1;579050;"Bernartice";0;1;15;1;1;0;579050
20220923;5200;5205;1;1;579068;"BÌl· T¯emeön·";0;1;15;2;1;0;579068
20220923;5200;5205;1;1;579076;"BÌlÈ PoliËany";0;1;7;1;1;0;579076
20220923;3200;3206;1;1;579084;"Meöno";0;1;7;1;1;0;579084
20220923;5200;5205;1;1;579092;"Borovnice";0;1;7;1;1;0;579092
20220923;5200;5205;1;1;579106;"»ermn·";0;1;9;1;1;0;579106
20220923;5200;5205;1;6;579114;"»ern˝ D˘l";0;1;15;2;1;0;579114
20220923;5200;5205;1;1;579122;"DolnÌ Brann·";0;1;11;1;1;0;579122
20220923;3200;3206;1;1;579131;"P¯Ìkosice";0;1;7;1;1;0;579131
20220923;5200;5205;1;1;579149;"DolnÌ Dv˘r";0;1;9;1;1;0;579149
20220923;5200;5205;1;1;579157;"DolnÌ Kaln·";0;1;9;2;1;0;579157
20220923;5200;5205;1;1;579165;"DolnÌ L·nov";0;1;11;1;1;0;579165
20220923;5200;5205;1;1;579173;"DolnÌ Oleönice";0;1;7;1;1;0;579173
20220923;5200;5205;1;1;579181;"Doubravice";0;1;9;1;1;0;579181
20220923;5200;5205;1;1;579190;"Dubenec";0;1;11;1;1;0;579190
20220923;5200;5205;1;2;579203;"Dv˘r Kr·lovÈ nad Labem";0;1;21;17;1;0;579203
20220923;5200;5205;1;1;579211;"Hajnice";0;1;15;2;1;0;579211
20220923;5200;5205;1;1;579220;"Havlovice";0;1;15;1;1;0;579220
20220923;5200;5205;1;1;579238;"HornÌ Brusnice";0;1;9;1;1;0;579238
20220923;3200;3206;1;1;579246;"Trokavec";0;1;7;;1;1;579246
20230107;3200;3206;1;1;579246;"Trokavec";0;1;7;1;2;0;579246
20220923;5200;5205;1;1;579254;"HornÌ Kaln·";0;1;7;1;1;0;579254
20220923;5200;5205;1;1;579262;"HornÌ Maröov";0;1;15;1;1;0;579262
20220923;5200;5205;1;1;579271;"HornÌ Oleönice";0;1;7;2;1;0;579271
20220923;3200;3206;1;1;579289;"VÌsky";0;1;7;1;1;0;579289
20220923;5200;5205;1;2;579297;"HostinnÈ";0;1;21;4;1;0;579297
20220923;5200;5205;1;1;579301;"H¯ibojedy";0;1;7;1;1;0;579301
20220923;5200;5205;1;1;579319;"ChotÏvice";0;1;11;1;1;0;579319
20220923;5200;5205;1;6;579327;"ChoustnÌkovo HradiötÏ";0;1;15;1;1;0;579327
20220923;5200;5205;1;1;579335;"ChvaleË";0;1;9;2;1;0;579335
20220923;3200;3206;1;1;579343;"ätÌtov";0;1;5;1;1;0;579343
20220923;5200;5205;1;2;579351;"JanskÈ L·znÏ";0;1;15;1;1;0;579351
20220923;4100;4103;1;1;579360;"TÏöovice";0;1;7;1;1;0;579360
20220923;5200;5205;1;1;579378;"JÌvka";0;1;11;1;1;0;579378
20220923;5200;5205;1;1;579386;"Kl·ötersk· Lhota";0;1;7;1;1;0;579386
20220923;5200;5205;1;1;579394;"Kocbe¯e";0;1;7;1;1;0;579394
20250913;5200;5205;1;1;579408;"Kohoutov";0;1;7;1;1;0;579408
20220923;5200;5205;1;1;579408;"Kohoutov";0;1;7;1;1;0;579408
20220923;5200;5205;1;1;579416;"Kuks";0;1;9;1;1;0;579416
20220923;5200;5205;1;1;579424;"KunËice nad Labem";0;1;9;1;1;0;579424
20220923;5200;5205;1;1;579432;"L·nov";0;1;15;2;1;0;579432
20220923;5200;5205;1;1;579441;"Lanûov";0;1;7;1;1;0;579441
20220923;3200;3207;1;1;579459;"Ctibo¯";0;1;7;1;1;0;579459
20220923;3200;3207;1;1;579467;"Skapce";0;1;7;1;1;0;579467
20220923;5200;5205;1;1;579475;"LibÚatov";0;1;9;1;1;0;579475
20220923;5200;5205;1;1;579483;"Libotov";0;1;7;1;1;0;579483
20220923;3200;3207;1;1;579491;"Vranov";0;1;7;1;1;0;579491
20220923;5200;5205;1;1;579505;"Mal· ⁄pa";0;1;9;1;1;0;579505
20220923;5200;5205;1;1;579513;"MalÈ SvatoÚovice";0;1;15;1;1;0;579513
20220923;5200;5205;1;1;579530;"Maröov u ⁄pice";0;1;9;1;1;0;579530
20220923;5200;5205;1;6;579548;"MladÈ Buky";0;1;15;1;1;0;579548
20220923;5200;5205;1;1;579556;"Mostek";0;1;11;3;1;0;579556
20220923;5200;5205;1;1;579564;"Nemojov";0;1;7;1;1;0;579564
20220923;5200;5205;1;2;579581;"Pec pod SnÏûkou";0;1;9;2;1;0;579581
20220923;5200;5205;1;2;579599;"PilnÌkov";0;1;9;1;1;0;579599
20220923;5200;5205;1;1;579602;"ProseËnÈ";0;1;9;1;1;0;579602
20220923;5200;5205;1;1;579629;"Radvanice";0;1;9;1;1;0;579629
20220923;5200;5205;1;2;579637;"RtynÏ v PodkrkonoöÌ";0;1;15;3;1;0;579637
20220923;5200;5205;1;1;579645;"RudnÌk";0;1;15;4;1;0;579645
20220923;5200;5205;1;1;579661;"StarÈ Buky";0;1;7;1;1;0;579661
20220923;5200;5205;1;1;579696;"Str·ûnÈ";0;1;7;1;1;0;579696
20220923;5200;5205;1;1;579726;"Suchovröice";0;1;9;1;1;0;579726
20220923;5200;5205;1;2;579734;"Svoboda nad ⁄pou";0;1;15;2;1;0;579734
20220923;5200;5205;1;2;579742;"äpindler˘v Ml˝n";0;1;15;1;1;0;579742
20220923;5200;5205;1;1;579751;"Trotina";0;1;7;1;1;0;579751
20220923;5200;5205;1;1;579769;"T¯ebihoöù";0;1;9;1;1;0;579769
20220923;5200;5205;1;2;579777;"⁄pice";0;1;15;6;1;0;579777
20220923;5200;5205;1;1;579785;"VelkÈ SvatoÚovice";0;1;9;2;1;0;579785
20220923;5200;5205;1;6;579793;"Velk˝ V¯eöùov";0;1;7;1;1;0;579793
20220923;5200;5205;1;1;579815;"VÌtÏzn·";0;1;9;3;1;0;579815
20220923;5200;5205;1;1;579823;"VlËice";0;1;7;1;1;0;579823
20220923;5200;5205;1;1;579831;"VlËkovice v PodkrkonoöÌ";0;1;7;1;1;0;579831
20220923;5200;5205;1;2;579858;"VrchlabÌ";0;1;21;10;1;0;579858
20220923;5200;5205;1;1;579866;"Zlat· Oleönice";0;1;5;1;1;0;579866
20220923;5200;5205;1;2;579874;"éaclÈ¯";0;1;17;4;1;0;579874
20220923;5300;5304;1;2;579891;"⁄stÌ nad OrlicÌ";0;1;27;17;1;0;579891
20220923;5300;5304;1;2;579947;"Brand˝s nad OrlicÌ";0;1;9;1;1;0;579947
20220923;5300;5304;1;1;579963;"BuËina";0;1;7;1;1;0;579963
20220923;5300;5304;1;1;579971;"Byst¯ec";0;1;15;1;1;0;579971
20220923;5300;5304;1;1;579980;"Cotkytle";0;1;9;1;1;0;579980
20220923;5300;5304;1;1;579998;"»enkovice";0;1;7;1;1;0;579998
20220923;5300;5304;1;1;580015;"»erven· Voda";0;1;15;7;1;0;580015
20220923;5300;5304;1;1;580023;"»esk· Rybn·";0;1;9;1;1;0;580023
20220923;5300;5304;1;2;580031;"»esk· T¯ebov·";0;1;27;17;1;0;580031
20220923;5300;5304;1;6;580040;"»eskÈ He¯manice";0;1;7;1;1;0;580040
20220923;5300;5304;1;1;580058;"»eskÈ Libchavy";0;1;9;1;1;0;580058
20220923;5300;5304;1;1;580066;"»eskÈ Petrovice";0;1;7;1;1;0;580066
20220923;5300;5304;1;1;580074;"DamnÌkov";0;1;9;1;1;0;580074
20220923;5300;5304;1;1;580091;"Dob¯Ìkov";0;1;7;1;1;0;580091
20220923;5300;5304;1;6;580112;"DolnÌ »ermn·";0;1;15;2;1;0;580112
20220923;5300;5304;1;1;580121;"DolnÌ DobrouË";0;1;15;4;1;0;580121
20220923;5300;5304;1;1;580147;"Libchavy";0;1;15;2;1;0;580147
20220923;5300;5304;1;1;580163;"DolnÌ Morava";0;1;7;1;1;0;580163
20220923;5300;5304;1;1;580210;"Dûb·nov";0;1;7;1;1;0;580210
20220923;5300;5304;1;1;580228;"Hejnice";0;1;7;1;1;0;580228
20220923;5300;5304;1;1;580261;"Hn·tnice";0;1;11;1;1;0;580261
20220923;5300;5304;1;1;580279;"HornÌ »ermn·";0;1;15;1;1;0;580279
20220923;5300;5304;1;1;580295;"HornÌ He¯manice";0;1;7;1;1;0;580295
20220923;5300;5303;1;1;580325;"Sloupnice";0;1;15;2;1;0;580325
20220923;5300;5304;1;1;580333;"HornÌ T¯eöÚovec";0;1;9;1;1;0;580333
20220923;5300;5304;1;1;580341;"Hruöov·";0;1;7;1;1;0;580341
20220923;5300;5304;1;2;580350;"ChoceÚ";0;1;21;9;1;0;580350
20220923;5300;5304;1;2;580376;"JablonnÈ nad OrlicÌ";0;1;15;4;1;0;580376
20220923;5300;5304;1;1;580392;"JamnÈ nad OrlicÌ";0;1;9;1;1;0;580392
20220923;5300;5304;1;1;580406;"JavornÌk";0;1;7;1;1;0;580406
20220923;5300;5304;1;1;580414;"JehnÏdÌ";0;1;7;1;1;0;580414
20220923;5300;5304;1;1;580422;"KameniËn·";0;1;7;1;1;0;580422
20220923;5300;5304;1;1;580431;"Kl·öterec nad OrlicÌ";0;1;9;1;1;0;580431
20220923;5300;5304;1;1;580465;"KoldÌn";0;1;7;1;1;0;580465
20220923;5300;5304;1;2;580481;"Kr·lÌky";0;1;15;10;1;0;580481
20220923;5300;5304;1;1;580490;"KrasÌkov";0;1;7;1;1;0;580490
20220923;5300;5304;1;6;580503;"Kunvald";0;1;11;1;1;0;580503
20220923;5300;5304;1;2;580511;"Lanökroun";0;1;21;8;1;0;580511
20220923;5300;5304;1;2;580538;"Letohrad";0;1;21;6;1;0;580538
20220923;5300;5304;1;1;580562;"Libecina";0;1;7;1;1;0;580562
20220923;5300;5304;1;1;580571;"Lichkov";0;1;9;1;1;0;580571
20220923;5300;5304;1;1;580589;"LÌönice";0;1;11;1;1;0;580589
20220923;5300;5304;1;1;580619;"LubnÌk";0;1;7;1;1;0;580619
20220923;5300;5304;1;1;580627;"Lukavice";0;1;11;1;1;0;580627
20220923;5300;5304;1;1;580635;"Lukov·";0;1;9;1;1;0;580635
20220923;5300;5304;1;1;580643;"Mistrovice";0;1;11;1;1;0;580643
20220923;5300;5304;1;6;580651;"Mladkov";0;1;9;2;1;0;580651
20220923;5300;5304;1;1;580660;"Mostek";0;1;7;1;1;0;580660
20220923;5300;5304;1;1;580678;"Nasavrky";0;1;5;1;1;0;580678
20220923;5300;5304;1;1;580686;"Neko¯";0;1;9;1;1;0;580686
20220923;5300;5303;1;1;580694;"NÏmËice";0;1;9;2;1;0;580694
20220923;5300;5304;1;1;580708;"Svat˝ Ji¯Ì";0;1;7;2;1;0;580708
20220923;5300;5304;1;1;580716;"OrlickÈ Podh˘¯Ì";0;1;9;2;1;0;580716
20220923;5300;5304;1;1;580724;"OrliËky";0;1;7;1;1;0;580724
20220923;5300;5304;1;1;580732;"Ostrov";0;1;7;1;1;0;580732
20220923;5300;5304;1;1;580741;"Oucmanice";0;1;7;1;1;0;580741
20220923;5300;5304;1;1;580759;"Pastviny";0;1;7;1;1;0;580759
20220923;5300;5304;1;1;580767;"Petrovice";0;1;7;1;1;0;580767
20220923;5300;5304;1;1;580775;"PÌseËn·";0;1;9;1;1;0;580775
20220923;5300;5304;1;1;580783;"Plchovice";0;1;5;1;1;0;580783
20220923;5300;5304;1;1;580805;"PodlesÌ";0;1;7;1;1;0;580805
20220923;5300;5304;1;1;580821;"P¯Ìvrat";0;1;9;1;1;0;580821
20220923;5300;5304;1;1;580830;"Pustina";0;1;7;1;1;0;580830
20220923;5300;5304;1;1;580848;"Rudoltice";0;1;15;1;1;0;580848
20220923;5300;5304;1;1;580872;"ÿetov·";0;1;9;1;1;0;580872
20220923;5300;5304;1;1;580881;"ÿet˘vka";0;1;7;1;1;0;580881
20220923;5300;5304;1;1;580902;"SeË";0;1;7;1;1;0;580902
20220923;5300;5304;1;1;580929;"Sko¯enice";0;1;7;1;1;0;580929
20220923;5300;5304;1;1;580945;"Slatina";0;1;7;1;1;0;580945
20220923;5300;5304;1;1;580961;"Sopotnice";0;1;15;1;1;0;580961
20220923;5300;5304;1;1;580970;"Sruby";0;1;9;1;1;0;580970
20220923;5300;5304;1;1;580988;"Str·ûn·";0;1;7;1;1;0;580988
20220923;5300;5304;1;1;580996;"StudenÈ";0;1;7;1;1;0;580996
20220923;5300;5304;1;1;581003;"Sudislav nad OrlicÌ";0;1;7;1;1;0;581003
20220923;5300;5304;1;1;581011;"Sudslava";0;1;7;1;1;0;581011
20220923;5300;5304;1;1;581038;"äedivec";0;1;7;1;1;0;581038
20220923;5300;5304;1;1;581046;"Tatenice";0;1;9;1;1;0;581046
20220923;5300;5304;1;1;581054;"TÏchonÌn";0;1;11;2;1;0;581054
20220923;5300;5304;1;1;581062;"Tisov·";0;1;7;1;1;0;581062
20220923;5300;5304;1;1;581071;"T¯ebovice";0;1;9;1;1;0;581071
20220923;5300;5304;1;1;581089;"⁄jezd u ChocnÏ";0;1;7;1;1;0;581089
20220923;5300;5304;1;1;581101;"Velk· Skrovnice";0;1;7;1;1;0;581101
20220923;5300;5304;1;1;581119;"VermÏ¯ovice";0;1;9;1;1;0;581119
20220923;5300;5303;1;1;581127;"VlËkov";0;1;7;1;1;0;581127
20220923;5300;5304;1;1;581143;"VodÏrady";0;1;7;2;1;0;581143
20220923;5300;5304;1;1;581151;"Vraclav";0;1;15;2;1;0;581151
20220923;5300;5304;1;1;581178;"V˝prachtice";0;1;11;1;1;0;581178
20220923;5300;5304;1;2;581186;"VysokÈ M˝to";0;1;21;10;1;0;581186
20220923;5300;5304;1;1;581194;"Z·dolÌ";0;1;7;1;1;0;581194
20220923;5300;5304;1;1;581208;"Z·chlumÌ";0;1;11;1;1;0;581208
20220923;5300;5304;1;1;581216;"Z·löÌ";0;1;7;1;1;0;581216
20220923;5300;5304;1;1;581224;"Z·mrsk";0;1;15;1;1;0;581224
20220923;5300;5304;1;1;581232;"Z·¯eck· Lhota";0;1;7;1;1;0;581232
20220923;5300;5304;1;2;581259;"éamberk";0;1;21;5;1;0;581259
20220923;5300;5304;1;1;581267;"éampach";0;1;7;1;1;0;581267
20220923;5300;5304;1;1;581275;"éichlÌnek";0;1;9;1;1;0;581275
20220923;6200;6201;1;2;581283;"Blansko";0;1;25;30;1;0;581283
20220923;6200;6201;1;2;581291;"Adamov";0;1;15;4;1;0;581291
20220923;6200;6201;1;1;581313;"Bed¯ichov";0;1;7;1;1;0;581313
20220923;6200;6203;1;1;581321;"BÏleË";0;1;7;1;1;0;581321
20220923;6200;6201;1;1;581330;"Beneöov";0;1;15;1;1;0;581330
20220923;6200;6201;1;1;581356;"BorotÌn";0;1;7;1;1;0;581356
20220923;6200;6201;1;1;581364;"Bo¯itov";0;1;15;1;1;0;581364
20220923;6200;6201;1;2;581372;"Boskovice";0;1;27;12;1;0;581372
20220923;6200;6201;1;1;581381;"Brùov-JeneË";0;1;7;1;1;0;581381
20220923;6200;6203;1;1;581402;"Brumov";0;1;7;1;1;0;581402
20220923;6200;6203;1;1;581429;"B¯ezina";0;1;7;1;1;0;581429
20220923;6200;6203;1;1;581437;"Bukovice";0;1;5;1;1;0;581437
20220923;6200;6201;1;1;581445;"Bukovina";0;1;7;1;1;0;581445
20220923;6200;6201;1;1;581453;"Bukovinka";0;1;7;1;1;0;581453
20220923;6200;6201;1;1;581461;"B˝kovice";0;1;7;1;1;0;581461
20220923;6200;6201;1;1;581470;"Cetkovice";0;1;9;1;1;0;581470
20220923;6200;6201;1;6;581496;"»ern· Hora";0;1;15;1;1;0;581496
20220923;6200;6201;1;1;581500;"»ernovice";0;1;9;1;1;0;581500
20220923;6200;6201;1;1;581518;"Deötn·";0;1;7;1;1;0;581518
20220923;6200;6201;1;1;581526;"Dlouh· Lhota";0;1;7;1;1;0;581526
20220923;6200;6201;1;1;581534;"Chrudichromy";0;1;7;1;1;0;581534
20220923;6200;6201;1;6;581542;"Doubravice nad Svitavou";0;1;9;1;1;0;581542
20220923;6200;6201;1;1;581551;"Drnovice";0;1;9;1;1;0;581551
20220923;6200;6201;1;1;581569;"Habr˘vka";0;1;7;1;1;0;581569
20220923;6200;6203;1;1;581577;"HlubokÈ Dvory";0;1;5;1;1;0;581577
20220923;6200;6201;1;1;581593;"HodonÌn";0;1;7;1;1;0;581593
20220923;6200;6201;1;1;581615;"Holötejn";0;1;5;1;1;0;581615
20220923;6200;6201;1;1;581631;"HornÌ Po¯ÌËÌ";0;1;7;1;1;0;581631
20220923;6200;6201;1;1;581666;"JabloÚany";0;1;9;1;1;0;581666
20220923;6200;6201;1;6;581682;"Jedovnice";0;1;15;2;1;0;581682
20220923;6200;6201;1;1;581721;"KnÏûeves";0;1;7;1;1;0;581721
20220923;6200;6201;1;6;581739;"KnÌnice";0;1;9;1;1;0;581739
20220923;6200;6201;1;1;581755;"Ko¯enec";0;1;9;1;1;0;581755
20220923;6200;6201;1;1;581763;"Kotvrdovice";0;1;13;1;1;0;581763
20220923;6200;6201;1;1;581771;"Koz·rov";0;1;5;1;1;0;581771
20220923;6200;6201;1;1;581780;"Krasov·";0;1;7;1;1;0;581780
20220923;6200;6201;1;1;581798;"Krhov";0;1;7;1;1;0;581798
20220923;6200;6201;1;1;581801;"K¯etÌn";0;1;9;1;1;0;581801
20220923;6200;6201;1;1;581810;"K¯tÏnov";0;1;7;1;1;0;581810
20220923;6200;6201;1;6;581828;"K¯tiny";0;1;9;1;1;0;581828
20220923;6200;6201;1;1;581836;"KulÌ¯ov";0;1;7;1;1;0;581836
20220923;6200;6201;1;1;581844;"KunËina Ves";0;1;7;1;1;0;581844
20220923;6200;6201;1;1;581852;"Kunice";0;1;5;1;1;0;581852
20220923;6200;6201;1;1;581861;"KuniËky";0;1;7;1;1;0;581861
20220923;6200;6201;1;2;581879;"Kunöt·t";0;1;15;6;1;0;581879
20220923;6200;6201;1;1;581887;"Lazinov";0;1;9;1;1;0;581887
20220923;6200;6201;1;1;581909;"Laûany";0;1;9;1;1;0;581909
20220923;6200;6201;1;2;581917;"Letovice";0;1;21;16;1;0;581917
20220923;6200;6201;1;1;581925;"Lhota Rapotina";0;1;7;1;1;0;581925
20220923;6200;6201;1;1;581933;"Lhota u Lysic";0;1;5;1;1;0;581933
20220923;6200;6201;1;1;581941;"Lhota u Oleönice";0;1;5;1;1;0;581941
20220923;6200;6201;1;1;581950;"Lipovec";0;1;15;1;1;0;581950
20220923;6200;6201;1;1;581968;"Lip˘vka";0;1;11;1;1;0;581968
20220923;6200;6203;1;6;581976;"Lomnice";0;1;15;1;1;0;581976
20220923;6200;6201;1;1;581992;"LubÏ";0;1;7;1;1;0;581992
20220923;6200;6201;1;6;582018;"Lysice";0;1;15;1;1;0;582018
20220923;6200;6201;1;1;582026;"Makov";0;1;5;1;1;0;582026
20220923;6200;6201;1;1;582034;"Mal· Lhota";0;1;7;1;1;0;582034
20220923;6200;6201;1;1;582042;"Mal· Roudka";0;1;7;1;1;0;582042
20220923;6200;6201;1;1;582069;"MÌchov";0;1;9;1;1;0;582069
20220923;6200;6201;1;1;582077;"Milonice";0;1;7;1;1;0;582077
20220923;6200;6201;1;1;582085;"NÏmËice";0;1;7;1;1;0;582085
20220923;6200;6201;1;1;582107;"N˝rov";0;1;7;1;1;0;582107
20220923;6200;6201;1;1;582115;"Obora";0;1;7;1;1;0;582115
20220923;6200;6203;1;1;582123;"Ochoz u Tiönova";0;1;7;1;1;0;582123
20220923;6200;6201;1;1;582131;"Okrouhl·";0;1;9;1;1;0;582131
20220923;6200;6201;1;2;582158;"Oleönice";0;1;15;1;1;0;582158
20220923;6200;6201;1;1;582166;"OlomuËany";0;1;15;1;1;0;582166
20220923;6200;6203;1;1;582174;"Osiky";0;1;7;1;1;0;582174
20220923;6200;6201;1;6;582182;"Ostrov u Macochy";0;1;15;1;1;0;582182
20220923;6200;6201;1;1;582191;"PamÏtice";0;1;7;1;1;0;582191
20220923;6200;6201;1;1;582204;"Petrov";0;1;7;1;1;0;582204
20220923;6200;6201;1;1;582212;"Petrovice";0;1;9;1;1;0;582212
20220923;6200;6201;1;1;582221;"Prost¯ednÌ Po¯ÌËÌ";0;1;9;1;1;0;582221
20220923;6200;6201;1;2;582239;"R·jec-Jest¯ebÌ";0;1;17;5;1;0;582239
20220923;6200;6201;1;1;582247;"R·jeËko";0;1;15;1;1;0;582247
20220923;6200;6203;1;1;582255;"Raöov";0;1;7;1;1;0;582255
20220923;6200;6203;1;1;582263;"Rohozec";0;1;7;1;1;0;582263
20220923;6200;6201;1;1;582271;"RozseË nad Kunöt·tem";0;1;9;1;1;0;582271
20220923;6200;6201;1;1;582280;"RozsÌËka";0;1;7;1;1;0;582280
20220923;6200;6201;1;1;582298;"Rudice";0;1;15;1;1;0;582298
20220923;6200;6201;1;1;582310;"Sebranice";0;1;9;1;1;0;582310
20220923;6200;6201;1;1;582328;"Senet·¯ov";0;1;9;1;1;0;582328
20220923;6200;6201;1;1;582336;"Skalice nad Svitavou";0;1;9;1;1;0;582336
20220923;6200;6201;1;1;582344;"Skrchov";0;1;7;1;1;0;582344
20220923;6200;6201;1;6;582352;"Sloup";0;1;9;1;1;0;582352
20220923;6200;6203;1;1;582379;"Strha¯e";0;1;7;1;1;0;582379
20220923;6200;6201;1;1;582395;"Sudice";0;1;9;1;1;0;582395
20220923;6200;6201;1;1;582409;"Such˝";0;1;9;1;1;0;582409
20220923;6200;6201;1;1;582417;"SulÌkov";0;1;7;1;1;0;582417
20220923;6200;6201;1;1;582433;"Svinoöice";0;1;5;1;1;0;582433
20220923;6200;6201;1;6;582441;"Svit·vka";0;1;15;2;1;0;582441
20220923;6200;6203;1;1;582450;"Synalov";0;1;7;1;1;0;582450
20220923;6200;6201;1;1;582468;"äebetov";0;1;7;1;1;0;582468
20220923;6200;6201;1;1;582476;"äebrov-Kate¯ina";0;1;9;2;1;0;582476
20220923;6200;6201;1;1;582484;"äoö˘vka";0;1;7;1;1;0;582484
20220923;6200;6201;1;1;582492;"ätÏchov";0;1;7;1;1;0;582492
20220923;6200;6201;1;1;582506;"Tasovice";0;1;7;1;1;0;582506
20220923;6200;6201;1;1;582531;"Uh¯ice";0;1;7;1;1;0;582531
20220923;6200;6201;1;1;582557;"⁄jezd u »ernÈ Hory";0;1;7;1;1;0;582557
20220923;6200;6203;1;1;582565;"UnÌn";0;1;7;1;1;0;582565
20220923;6200;6201;1;1;582573;"⁄sobrno";0;1;7;1;1;0;582573
20220923;6200;6201;1;1;582581;"Valchov";0;1;9;1;1;0;582581
20220923;6200;6201;1;1;582590;"Vanovice";0;1;9;2;1;0;582590
20220923;6200;6201;1;1;582603;"Vav¯inec";0;1;15;3;1;0;582603
20220923;6200;6201;1;1;582611;"V·ûany";0;1;7;1;1;0;582611
20220923;6200;6201;1;1;582620;"Stvolov·";0;1;7;1;1;0;582620
20220923;6200;6201;1;2;582646;"VelkÈ Opatovice";0;1;15;6;1;0;582646
20220923;6200;6201;1;1;582654;"VilÈmovice";0;1;7;1;1;0;582654
20220923;6200;6201;1;1;582662;"VÌsky";0;1;9;1;1;0;582662
20220923;6200;6201;1;1;582671;"VodÏrady";0;1;7;1;1;0;582671
20220923;6200;6201;1;1;582689;"Vranov·";0;1;7;1;1;0;582689
20220923;6200;6201;1;1;582701;"VysoËany";0;1;15;2;1;0;582701
20220923;6200;6201;1;1;582727;"Zbraslavec";0;1;7;1;1;0;582727
20220923;6200;6203;1;1;582735;"Zho¯";0;1;5;1;1;0;582735
20220923;6200;6201;1;1;582743;"éÔ·r";0;1;9;1;1;0;582743
20220923;6200;6201;1;1;582751;"éÔ·rn·";0;1;11;1;1;0;582751
20220923;6200;6201;1;1;582760;"éernovnÌk";0;1;5;1;1;0;582760
20220923;6200;6201;1;1;582778;"éer˘tky";0;1;5;1;1;0;582778
20220923;6200;6202;1;3;582786;"Brno";0;1;55;352;1;0;
20220923;6200;6203;1;1;582794;"Babice nad Svitavou";0;1;9;1;1;0;582794
20220923;6200;6203;1;1;582808;"Babice u Rosic";0;1;7;1;1;0;582808
20230325;6200;6203;1;1;582808;"Babice u Rosic";0;1;7;1;1;0;582808
20220923;6200;6203;1;1;582824;"BÌlovice nad Svitavou";0;1;15;2;1;0;582824
20220923;6200;6203;1;1;582832;"Biskoupky";0;1;7;1;1;0;582832
20220923;6200;6203;1;1;582841;"Blaûovice";0;1;9;1;1;0;582841
20220923;6200;6203;1;1;582859;"BluËina";0;1;15;2;1;0;582859
20220923;6200;6203;1;1;582875;"BranÌökov";0;1;7;1;1;0;582875
20220923;6200;6203;1;1;582883;"BratËice";0;1;7;1;1;0;582883
20220923;6200;6203;1;1;582891;"B¯ezina";0;1;5;1;1;0;582891
20220923;6200;6203;1;1;582913;"»ebÌn";0;1;15;1;1;0;582913
20220923;6200;6203;1;1;582921;"»esk·";0;1;7;1;1;0;582921
20220923;6200;6203;1;1;582930;"»uËice";0;1;7;1;1;0;582930
20220923;6200;6203;1;6;582948;"DeblÌn";0;1;11;1;1;0;582948
20220923;6200;6203;1;2;582956;"DolnÌ Kounice";0;1;15;2;1;0;582956
20220923;6200;6203;1;1;582964;"Domaöov";0;1;11;1;1;0;582964
20220923;6200;6203;1;6;582972;"Dr·sov";0;1;15;1;1;0;582972
20220923;6200;6203;1;1;582999;"Hajany";0;1;7;1;1;0;582999
20220923;6200;6203;1;1;583014;"Heroltice";0;1;7;1;1;0;583014
20220923;6200;6203;1;1;583022;"HlÌna";0;1;9;1;1;0;583022
20220923;6200;6203;1;1;583031;"Holasice";0;1;9;1;1;0;583031
20220923;6200;6203;1;1;583057;"HostÏnice";0;1;7;1;1;0;583057
20220923;6200;6203;1;1;583065;"HradËany";0;1;7;1;1;0;583065
20220923;6200;6203;1;1;583081;"Hruöovany u Brna";0;1;15;2;1;0;583081
20220923;6200;6203;1;1;583090;"Hvozdec";0;1;7;1;1;0;583090
20220923;6200;6203;1;1;583111;"ChudËice";0;1;7;1;1;0;583111
20220923;6200;6203;1;2;583120;"IvanËice";0;1;15;13;1;0;583120
20220923;6200;6203;1;1;583154;"Jav˘rek";0;1;7;1;1;0;583154
20220923;6200;6203;1;1;583171;"JinaËovice";0;1;7;1;1;0;583171
20220923;6200;6203;1;1;583189;"Ji¯Ìkovice";0;1;13;1;1;0;583189
20220923;6200;6203;1;1;583197;"Kanice";0;1;7;1;1;0;583197
20220923;6200;6203;1;1;583201;"Ketkovice";0;1;7;1;1;0;583201
20220923;6200;6203;1;1;583219;"Kobylnice";0;1;15;1;1;0;583219
20220923;6200;6203;1;1;583227;"Kovalovice";0;1;9;1;1;0;583227
20220923;6200;6203;1;1;583235;"Kratochvilka";0;1;7;1;1;0;583235
20220923;6200;6203;1;1;583243;"Kupa¯ovice";0;1;7;1;1;0;583243
20220923;6200;6203;1;2;583251;"Ku¯im";0;1;17;8;1;0;583251
20220923;6200;6203;1;1;583260;"Laû·nky";0;1;9;1;1;0;583260
20220923;6200;6203;1;1;583278;"Ledce";0;1;9;1;1;0;583278
20220923;6200;6203;1;1;583286;"Lelekovice";0;1;13;1;1;0;583286
20220923;6200;6203;1;1;583294;"LesnÌ HlubokÈ";0;1;5;1;1;0;583294
20220923;6200;6203;1;1;583308;"Litostrov";0;1;5;1;1;0;583308
20220923;6200;6203;1;1;583316;"LomniËka";0;1;9;1;1;0;583316
20220923;6200;6203;1;1;583324;"Lukovany";0;1;7;1;1;0;583324
20220923;6200;6203;1;1;583332;"Maleöovice";0;1;9;1;1;0;583332
20220923;6200;6203;1;1;583341;"Malhostovice";0;1;11;1;1;0;583341
20220923;6200;6203;1;1;583359;"Maröov";0;1;7;1;1;0;583359
20220923;6200;6203;1;6;583367;"Medlov";0;1;11;1;1;0;583367
20220923;6200;6203;1;1;583375;"MÏlËany";0;1;7;1;1;0;583375
20220923;6200;6203;1;1;583383;"MÏnÌn";0;1;15;1;1;0;583383
20220923;6200;6203;1;2;583391;"Mod¯ice";0;1;15;4;1;0;583391
20220923;6200;6203;1;1;583405;"Mokr·-Hor·kov";0;1;15;3;1;0;583405
20220923;6200;6203;1;1;583413;"Moravany";0;1;15;2;1;0;583413
20220923;6200;6203;1;1;583421;"MoravskÈ Br·nice";0;1;15;1;1;0;583421
20220923;6200;6203;1;1;583430;"MoravskÈ KnÌnice";0;1;9;1;1;0;583430
20220923;6200;6203;1;1;583448;"Moutnice";0;1;15;1;1;0;583448
20220923;6200;6203;1;1;583456;"Nebovidy";0;1;9;1;1;0;583456
20220923;6200;6203;1;1;583464;"NelepeË-éern˘vka";0;1;7;1;1;0;583464
20220923;6200;6203;1;1;583472;"NÏmËiËky";0;1;7;1;1;0;583472
20220923;6200;6203;1;1;583481;"Neslovice";0;1;15;1;1;0;583481
20220923;6200;6203;1;1;583499;"NesvaËilka";0;1;9;1;1;0;583499
20220923;6200;6203;1;1;583502;"Nov· Ves";0;1;9;1;1;0;583502
20220923;6200;6203;1;1;583511;"NovÈ Br·nice";0;1;15;1;1;0;583511
20220923;6200;6203;1;1;583529;"Odrovice";0;1;7;1;1;0;583529
20220923;6200;6203;1;1;583537;"Ochoz u Brna";0;1;9;1;1;0;583537
20220923;6200;6203;1;1;583545;"Omice";0;1;9;1;1;0;583545
20220923;6200;6203;1;1;583553;"Opatovice";0;1;9;1;1;0;583553
20220923;6200;6203;1;1;583561;"O¯echov";0;1;9;2;1;0;583561
20220923;6200;6203;1;2;583588;"Oslavany";0;1;21;4;1;0;583588
20220923;6200;6203;1;1;583596;"Ostopovice";0;1;15;1;1;0;583596
20220923;6200;6203;1;6;583600;"OstrovaËice";0;1;7;1;1;0;583600
20220923;6200;6203;1;1;583634;"PodolÌ";0;1;15;1;1;0;583634
20220923;6200;6203;1;1;583651;"Popovice";0;1;7;1;1;0;583651
20220923;6200;6203;1;1;583669;"Pop˘vky";0;1;15;1;1;0;583669
20220923;6200;6203;1;6;583677;"Pozo¯ice";0;1;15;1;1;0;583677
20220923;6200;6203;1;1;583685;"Prace";0;1;9;1;1;0;583685
20220923;6200;6203;1;1;583693;"Pravlov";0;1;9;1;1;0;583693
20220923;6200;6203;1;1;583707;"Prötice";0;1;9;1;1;0;583707
20220923;6200;6203;1;1;583715;"P¯Ìbram na MoravÏ";0;1;7;1;1;0;583715
20220923;6200;6203;1;1;583723;"P¯ibyslavice";0;1;7;2;1;0;583723
20220923;6200;6203;1;1;583731;"P¯Ìsnotice";0;1;11;1;1;0;583731
20220923;6200;6203;1;1;583740;"Radostice";0;1;9;1;1;0;583740
20220923;6200;6203;1;2;583758;"Rajhrad";0;1;15;2;1;0;583758
20220923;6200;6203;1;1;583766;"Rajhradice";0;1;15;1;1;0;583766
20220923;6200;6203;1;1;583774;"Rebeöovice";0;1;9;1;1;0;583774
20220923;6200;6203;1;2;583782;"Rosice";0;1;17;4;1;0;583782
20220923;6200;6203;1;1;583791;"Rozdrojovice";0;1;9;1;1;0;583791
20220923;6200;6203;1;1;583804;"Rudka";0;1;7;1;1;0;583804
20220923;6200;6203;1;1;583821;"ÿÌcmanice";0;1;7;1;1;0;583821
20241005;6200;6203;1;1;583821;"ÿÌcmanice";0;1;7;1;1;0;583821
20220923;6200;6203;1;1;583839;"ÿÌËany";0;1;13;1;1;0;583839
20220923;6200;6203;1;1;583847;"Sentice";0;1;7;1;1;0;583847
20220923;6200;6203;1;1;583855;"Sil˘vky";0;1;7;1;1;0;583855
20220923;6200;6203;1;1;583863;"Sivice";0;1;11;1;1;0;583863
20220923;6200;6203;1;1;583880;"Sobotovice";0;1;9;1;1;0;583880
20220923;6200;6203;1;1;583898;"Sokolnice";0;1;15;1;1;0;583898
20220923;6200;6203;1;1;583901;"StanoviötÏ";0;1;7;1;1;0;583901
20220923;6200;6203;1;1;583910;"St¯elice";0;1;15;2;1;0;583910
20220923;6200;6203;1;1;583928;"Svatoslav";0;1;7;1;1;0;583928
20220923;6200;6203;1;1;583936;"Syrovice";0;1;15;1;1;0;583936
20220923;6200;6203;1;1;583944;"äerkovice";0;1;7;1;1;0;583944
20220923;6200;6203;1;2;583952;"älapanice";0;1;17;6;1;0;583952
20220923;6200;6203;1;1;583961;"ätÏp·novice";0;1;9;1;1;0;583961
20220923;6200;6203;1;1;583979;"Telnice";0;1;11;1;1;0;583979
20220923;6200;6203;1;1;583987;"TetËice";0;1;9;1;1;0;583987
20220923;6200;6203;1;1;583995;"TÏöany";0;1;15;1;1;0;583995
20220923;6200;6203;1;2;584002;"Tiönov";0;1;15;9;1;0;584002
20220923;6200;6203;1;1;584011;"Trbouöany";0;1;9;1;1;0;584011
20220923;6200;6203;1;1;584029;"Troubsko";0;1;15;2;1;0;584029
20220923;6200;6203;1;1;584037;"Tvaroûn·";0;1;15;1;1;0;584037
20220923;6200;6203;1;2;584045;"⁄jezd u Brna";0;1;15;2;1;0;584045
20220923;6200;6203;1;1;584053;"⁄jezd u Rosic";0;1;7;1;1;0;584053
20220923;6200;6203;1;1;584061;"Unkovice";0;1;7;1;1;0;584061
20220923;6200;6203;1;1;584070;"⁄suöÌ";0;1;7;1;1;0;584070
20220923;6200;6203;1;1;584096;"Velatice";0;1;9;1;1;0;584096
20220923;6200;6203;1;2;584100;"Veversk· BÌt˝öka";0;1;11;2;1;0;584100
20220923;6200;6203;1;1;584118;"VeverskÈ KnÌnice";0;1;13;1;1;0;584118
20220923;6200;6203;1;1;584126;"ViniËnÈ äumice";0;1;9;1;1;0;584126
20220923;6200;6203;1;1;584134;"VohanËice";0;1;5;1;1;0;584134
20220923;6200;6203;1;1;584142;"Vojkovice";0;1;15;1;1;0;584142
20220923;6200;6203;1;1;584151;"Vranov";0;1;9;1;1;0;584151
20220923;6200;6203;1;1;584169;"Vöechovice";0;1;7;1;1;0;584169
20220923;6200;6203;1;1;584177;"VysokÈ Popovice";0;1;7;1;1;0;584177
20220923;6200;6203;1;1;584185;"Zak¯any";0;1;9;1;1;0;584185
20220923;6200;6203;1;1;584193;"Z·lesn· Zho¯";0;1;7;1;1;0;584193
20220923;6200;6203;1;1;584207;"Zast·vka";0;1;11;2;1;0;584207
20220923;6200;6203;1;1;584215;"Zbraslav";0;1;15;1;1;0;584215
20220923;6200;6203;1;2;584223;"Zb˝öov";0;1;17;3;1;0;584223
20220923;6200;6203;1;1;584231;"éabËice";0;1;15;1;1;0;584231
20220923;6200;6203;1;1;584240;"éatËany";0;1;11;1;1;0;584240
20220923;6200;6203;1;1;584266;"éeleöice";0;1;9;1;1;0;584266
20220923;6200;6203;1;1;584274;"éeleznÈ";0;1;9;1;1;0;584274
20220923;6200;6203;1;2;584282;"éidlochovice";0;1;15;2;1;0;584282
20220923;6200;6204;1;2;584291;"B¯eclav";0;1;27;22;1;0;584291
20220923;6200;6204;1;1;584304;"Bavory";0;1;7;1;1;0;584304
20220923;6200;6204;1;6;584321;"Boleradice";0;1;15;1;1;0;584321
20220923;6200;6204;1;1;584339;"Borkovany";0;1;9;1;1;0;584339
20220923;6200;6204;1;1;584347;"Bo¯etice";0;1;15;1;1;0;584347
20220923;6200;6204;1;1;584355;"Brod nad DyjÌ";0;1;7;1;1;0;584355
20220923;6200;6204;1;1;584363;"Brumovice";0;1;15;1;1;0;584363
20220923;6200;6204;1;1;584371;"B¯ezÌ";0;1;15;1;1;0;584371
20220923;6200;6204;1;1;584380;"Bulhary";0;1;9;1;1;0;584380
20220923;6200;6204;1;1;584401;"Div·ky";0;1;9;1;1;0;584401
20220923;6200;6204;1;1;584410;"DobrÈ Pole";0;1;7;1;1;0;584410
20220923;6200;6204;1;1;584428;"DolnÌ Dunajovice";0;1;15;2;1;0;584428
20220923;6200;6204;1;1;584436;"DolnÌ VÏstonice";0;1;7;1;1;0;584436
20220923;6200;6204;1;6;584444;"Drnholec";0;1;15;2;1;0;584444
20220923;6200;6204;1;1;584452;"Hlohovec";0;1;15;1;1;0;584452
20220923;6200;6204;1;1;584461;"HornÌ Bojanovice";0;1;7;1;1;0;584461
20220923;6200;6204;1;1;584479;"HornÌ VÏstonice";0;1;7;1;1;0;584479
20220923;6200;6204;1;1;584487;"Hruöky";0;1;15;2;1;0;584487
20220923;6200;6204;1;2;584495;"HustopeËe";0;1;21;5;1;0;584495
20220923;6200;6203;1;1;584517;"IvaÚ";0;1;9;1;1;0;584517
20220923;6200;6204;1;1;584525;"Jeviöovka";0;1;7;1;1;0;584525
20220923;6200;6204;1;1;584541;"Klentnice";0;1;7;1;1;0;584541
20220923;6200;6204;1;2;584550;"Klobouky u Brna";0;1;15;3;1;0;584550
20220923;6200;6204;1;1;584568;"KobylÌ";0;1;15;1;1;0;584568
20220923;6200;6204;1;1;584576;"Kostice";0;1;15;2;1;0;584576
20220923;6200;6204;1;1;584584;"KrumvÌ¯";0;1;15;1;1;0;584584
20220923;6200;6204;1;1;584592;"K¯epice";0;1;15;1;1;0;584592
20220923;6200;6204;1;2;584622;"Lanûhot";0;1;21;3;1;0;584622
20220923;6200;6204;1;1;584631;"Lednice";0;1;15;3;1;0;584631
20220923;6200;6204;1;2;584649;"Mikulov";0;1;25;7;1;0;584649
20220923;6200;6204;1;1;584657;"Milovice";0;1;7;1;1;0;584657
20220923;6200;6204;1;6;584665;"Moravsk· Nov· Ves";0;1;15;2;1;0;584665
20220923;6200;6204;1;1;584673;"Moravsk˝ éiûkov";0;1;15;1;1;0;584673
20220923;6200;6204;1;1;584681;"Mork˘vky";0;1;9;1;1;0;584681
20220923;6200;6204;1;1;584703;"NÏmËiËky";0;1;9;1;1;0;584703
20220923;6200;6204;1;1;584711;"NikolËice";0;1;7;1;1;0;584711
20220923;6200;6203;1;6;584720;"Nosislav";0;1;15;1;1;0;584720
20220923;6200;6204;1;1;584746;"Novosedly";0;1;15;1;1;0;584746
20220923;6200;6204;1;1;584754;"Nov˝ P¯erov";0;1;7;1;1;0;584754
20220923;6200;6203;1;1;584762;"Pasohl·vky";0;1;15;1;1;0;584762
20220923;6200;6204;1;1;584771;"Pavlov";0;1;7;1;1;0;584771
20220923;6200;6204;1;1;584789;"Pern·";0;1;7;1;1;0;584789
20220923;6200;6204;1;2;584797;"PodivÌn";0;1;15;2;1;0;584797
20220923;6200;6203;1;2;584801;"Poho¯elice";0;1;21;6;1;0;584801
20220923;6200;6204;1;1;584819;"Popice";0;1;11;1;1;0;584819
20220923;6200;6204;1;1;584835;"Pouzd¯any";0;1;9;1;1;0;584835
20220923;6200;6203;1;1;584843;"P¯ibice";0;1;9;1;1;0;584843
20220923;6200;6204;1;1;584851;"P¯Ìtluky";0;1;9;2;1;0;584851
20220923;6200;6204;1;1;584860;"Rakvice";0;1;9;2;1;0;584860
20220923;6200;6204;1;1;584878;"Sedlec";0;1;7;1;1;0;584878
20220923;6200;6204;1;1;584894;"Starovice";0;1;9;1;1;0;584894
20220923;6200;6204;1;1;584908;"StaroviËky";0;1;9;1;1;0;584908
20220923;6200;6204;1;1;584916;"StrachotÌn";0;1;7;1;1;0;584916
20220923;6200;6204;1;1;584924;"äakvice";0;1;9;1;1;0;584924
20220923;6200;6204;1;1;584932;"äitbo¯ice";0;1;15;1;1;0;584932
20220923;6200;6204;1;1;584941;"Tvrdonice";0;1;15;2;1;0;584941
20220923;6200;6204;1;1;584959;"T˝nec";0;1;15;1;1;0;584959
20220923;6200;6204;1;1;584967;"UherËice";0;1;15;1;1;0;584967
20220923;6200;6204;1;2;584975;"Valtice";0;1;15;4;1;0;584975
20220923;6200;6204;1;2;584983;"VelkÈ BÌlovice";0;1;15;3;1;0;584983
20220923;6200;6204;1;1;584991;"VelkÈ HostÏr·dky";0;1;9;1;1;0;584991
20220923;6200;6204;1;6;585009;"VelkÈ NÏmËice";0;1;15;1;1;0;585009
20220923;6200;6204;1;2;585017;"VelkÈ Pavlovice";0;1;15;2;1;0;585017
20220923;6200;6203;1;1;585025;"Vlasatice";0;1;7;1;1;0;585025
20220923;6200;6203;1;1;585033;"Vranovice";0;1;15;2;1;0;585033
20220923;6200;6204;1;1;585041;"Vrbice";0;1;9;1;1;0;585041
20220923;6200;6204;1;1;585050;"ZajeËÌ";0;1;15;1;1;0;585050
20220923;7200;7204;1;3;585068;"ZlÌn";0;1;41;74;1;0;585068
20220923;7200;7204;1;1;585076;"Biskupice";0;1;9;1;1;0;585076
20220923;7200;7204;1;1;585092;"Bohuslavice u ZlÌna";0;1;9;1;1;0;585092
20220923;7200;7204;1;1;585106;"Brat¯ejov";0;1;9;1;1;0;585106
20220923;7200;7204;1;2;585114;"Brumov-Bylnice";0;1;21;5;1;0;585114
20220923;7200;7204;1;1;585131;"B¯ezov·";0;1;9;1;1;0;585131
20220923;7200;7204;1;1;585149;"B¯ez˘vky";0;1;9;1;1;0;585149
20220923;7200;7204;1;1;585157;"Deön·";0;1;7;1;1;0;585157
20220923;7200;7204;1;1;585165;"Dobrkovice";0;1;7;1;1;0;585165
20220923;7200;7204;1;1;585173;"DolnÌ Lhota";0;1;7;1;1;0;585173
20220923;7200;7204;1;1;585181;"Doubravy";0;1;7;1;1;0;585181
20220923;7200;7204;1;1;585190;"Drnovice";0;1;9;1;1;0;585190
20220923;7200;7204;1;1;585203;"Drûkov·";0;1;9;1;1;0;585203
20220923;7200;7204;1;2;585211;"Fryöt·k";0;1;17;5;1;0;585211
20220923;7200;7204;1;1;585220;"Halenkovice";0;1;15;1;1;0;585220
20220923;7200;7204;1;1;585238;"Haluzice";0;1;7;1;1;0;585238
20220923;7200;7204;1;1;585246;"HornÌ Lhota";0;1;9;1;1;0;585246
20220923;7200;7204;1;1;585254;"Hostiöov·";0;1;7;1;1;0;585254
20220923;7200;7204;1;1;585262;"Hrobice";0;1;9;1;1;0;585262
20220923;7200;7204;1;1;585271;"H¯ivÌn˘v ⁄jezd";0;1;11;1;1;0;585271
20220923;7200;7204;1;1;585289;"Hvozdn·";0;1;15;1;1;0;585289
20220923;7200;7204;1;1;585301;"Jasenn·";0;1;9;1;1;0;585301
20220923;7200;7204;1;1;585319;"Jest¯abÌ";0;1;7;1;1;0;585319
20220923;7200;7204;1;1;585327;"KaÚovice";0;1;7;1;1;0;585327
20220923;7200;7204;1;1;585343;"Kaöava";0;1;13;1;1;0;585343
20220923;7200;7204;1;1;585432;"LouËka";0;1;7;1;1;0;585432
20220923;7200;7204;1;1;585441;"Ludkovice";0;1;11;1;1;0;585441
20220923;7200;7204;1;2;585459;"LuhaËovice";0;1;21;7;1;0;585459
20220923;7200;7204;1;1;585467;"Lukov";0;1;15;1;1;0;585467
20220923;7200;7204;1;1;585483;"Lutonina";0;1;9;1;1;0;585483
20220923;7200;7204;1;1;585491;"Machov·";0;1;7;1;1;0;585491
20220923;7200;7204;1;1;585505;"MysloËovice";0;1;7;1;1;0;585505
20220923;7200;7204;1;2;585513;"Napajedla";0;1;21;6;1;0;585513
20220923;7200;7204;1;1;585521;"N·vojn·";0;1;7;1;1;0;585521
20220923;7200;7204;1;1;585530;"Nedaöov";0;1;9;1;1;0;585530
20220923;7200;7204;1;1;585548;"Nedaöova Lhota";0;1;7;1;1;0;585548
20220923;7200;7204;1;1;585556;"Neubuz";0;1;7;1;1;0;585556
20220923;7200;7204;1;2;585599;"Otrokovice";0;1;23;13;1;0;585599
20220923;7200;7204;1;1;585611;"Podkopn· Lhota";0;1;9;1;1;0;585611
20220923;7200;7204;1;1;585661;"Provodov";0;1;9;1;1;0;585661
20220923;7200;7204;1;1;585670;"Rackov·";0;1;9;1;1;0;585670
20220923;7200;7204;1;1;585726;"Sazovice";0;1;7;1;1;0;585726
20220923;7200;7204;1;1;585734;"Sehradice";0;1;9;1;1;0;585734
20220923;7200;7204;1;2;585751;"SlaviËÌn";0;1;21;8;1;0;585751
20220923;7200;7204;1;1;585769;"SlopnÈ";0;1;7;1;1;0;585769
20220923;7200;7204;1;2;585777;"Sluöovice";0;1;15;2;1;0;585777
20220923;7200;7204;1;1;585793;"SpytihnÏv";0;1;15;1;1;0;585793
20220923;7200;7204;1;1;585807;"äanov";0;1;9;1;1;0;585807
20220923;7200;7204;1;1;585815;"äarovy";0;1;7;1;1;0;585815
20220923;7200;7204;1;1;585831;"ätÌtn· nad Vl·¯Ì-Popov";0;1;15;2;1;0;585831
20220923;7200;7204;1;1;585858;"TlumaËov";0;1;15;2;1;0;585858
20220923;7200;7204;1;1;585866;"Trnava";0;1;9;1;1;0;585866
20220923;7200;7204;1;1;585874;"Ublo";0;1;5;1;1;0;585874
20220923;7200;7204;1;1;585882;"⁄jezd";0;1;15;1;1;0;585882
20220923;7200;7204;1;2;585891;"ValaöskÈ Klobouky";0;1;21;7;1;0;585891
20220923;7200;7204;1;1;585912;"Velk˝ O¯echov";0;1;11;1;1;0;585912
20220923;7200;7204;1;1;585921;"Vesel·";0;1;9;1;1;0;585921
20220923;7200;7204;1;2;585939;"Vizovice";0;1;17;4;1;0;585939
20220923;7200;7204;1;1;585955;"Vlachovice";0;1;15;2;1;0;585955
20220923;7200;7204;1;1;585963;"VlËkov·";0;1;7;1;1;0;585963
20220923;7200;7204;1;1;585971;"Vöemina";0;1;9;1;1;0;585971
20220923;7200;7204;1;1;585980;"VysokÈ Pole";0;1;13;1;1;0;585980
20220923;7200;7204;1;1;585998;"Z·dve¯ice-Rakov·";0;1;11;2;1;0;585998
20220923;6200;6201;1;1;586005;"Z·vist";0;1;5;1;1;0;586005
20220923;7200;7204;1;1;586013;"élutava";0;1;9;1;1;0;586013
20220923;6200;6205;1;2;586021;"HodonÌn";0;1;31;25;1;0;586021
20220923;6200;6205;1;1;586030;"Archlebov";0;1;9;1;1;0;586030
20220923;6200;6205;1;1;586048;"Blatnice pod Svat˝m AntonÌnkem";0;1;11;2;1;0;586048
20220923;6200;6205;1;1;586056;"BlatniËka";0;1;7;1;1;0;586056
20220923;6200;6201;1;1;586064;"SvÏtl·";0;1;7;1;1;0;586064
20220923;6200;6205;1;1;586072;"Bukovany";0;1;9;1;1;0;586072
20220923;6200;6205;1;2;586081;"Bzenec";0;1;15;4;1;0;586081
20220923;6200;6205;1;1;586099;"»ejË";0;1;9;1;1;0;586099
20220923;6200;6205;1;1;586102;"»ejkovice";0;1;15;2;1;0;586102
20220923;6200;6205;1;1;586111;"»eloûnice";0;1;7;1;1;0;586111
20220923;6200;6205;1;1;586129;"Dambo¯ice";0;1;15;1;1;0;586129
20220923;6200;6205;1;1;586137;"DolnÌ Bojanovice";0;1;15;2;1;0;586137
20220923;6200;6205;1;1;586145;"DomanÌn";0;1;9;1;1;0;586145
20220923;6200;6205;1;1;586153;"Draû˘vky";0;1;7;1;1;0;586153
20220923;6200;6205;1;2;586161;"DubÚany";0;1;21;5;1;0;586161
20220923;6200;6205;1;1;586170;"Hovorany";0;1;15;2;1;0;586170
20220923;6200;6205;1;1;586188;"Hroznov· Lhota";0;1;15;1;1;0;586188
20220923;6200;6205;1;1;586196;"Hrub· Vrbka";0;1;9;1;1;0;586196
20220923;6200;6205;1;1;586200;"H˝sly";0;1;7;1;1;0;586200
20220923;6200;6205;1;1;586218;"JavornÌk";0;1;9;1;1;0;586218
20220923;6200;6205;1;1;586226;"Jeûov";0;1;7;1;1;0;586226
20220923;6200;6205;1;1;586234;"Josefov";0;1;7;1;1;0;586234
20220923;6200;6205;1;1;586242;"KarlÌn";0;1;5;1;1;0;586242
20220923;6200;6205;1;1;586251;"KelËany";0;1;7;1;1;0;586251
20220923;6200;6205;1;1;586269;"KnÏûdub";0;1;11;1;1;0;586269
20220923;6200;6205;1;1;586277;"Kostelec";0;1;9;1;1;0;586277
20220923;6200;6205;1;1;586285;"KozojÌdky";0;1;9;1;1;0;586285
20220923;6200;6205;1;1;586293;"Kuûelov";0;1;7;1;1;0;586293
20220923;6200;6205;1;2;586307;"Kyjov";0;1;21;12;1;0;586307
20220923;6200;6205;1;1;586315;"Labuty";0;1;5;1;1;0;586315
20220923;6200;6205;1;1;586323;"Lipov";0;1;15;1;1;0;586323
20220923;6200;6205;1;1;586331;"Louka";0;1;15;1;1;0;586331
20220923;6200;6205;1;1;586340;"LovËice";0;1;9;1;1;0;586340
20220923;6200;6205;1;1;586358;"Luûice";0;1;15;2;1;0;586358
20220923;6200;6205;1;1;586366;"Mal· Vrbka";0;1;5;1;1;0;586366
20220923;6200;6205;1;1;586374;"MikulËice";0;1;15;1;1;0;586374
20220923;6200;6205;1;1;586382;"Milotice";0;1;9;2;1;0;586382
20220923;6200;6205;1;1;586391;"Moravany";0;1;7;1;1;0;586391
20220923;6200;6205;1;1;586404;"Moravsk˝ PÌsek";0;1;15;3;1;0;586404
20220923;6200;6205;1;1;586412;"MutÏnice";0;1;15;3;1;0;586412
20220923;6200;6205;1;1;586421;"N·sedlovice";0;1;9;1;1;0;586421
20220923;6200;6205;1;1;586439;"NechvalÌn";0;1;7;1;1;0;586439
20220923;6200;6205;1;1;586447;"Nenkovice";0;1;7;1;1;0;586447
20220923;6200;6205;1;1;586455;"Nov· Lhota";0;1;9;1;1;0;586455
20220923;6200;6205;1;1;586463;"Nov˝ Poddvorov";0;1;7;1;1;0;586463
20220923;6200;6205;1;1;586471;"Ostrov·nky";0;1;5;1;1;0;586471
20220923;6200;6205;1;1;586480;"Petrov";0;1;11;1;1;0;586480
20220923;6200;6205;1;1;586498;"Pruö·nky";0;1;15;2;1;0;586498
20220923;6200;6205;1;1;586501;"RadÏjov";0;1;9;1;1;0;586501
20220923;6200;6205;1;1;586510;"RatÌökovice";0;1;15;3;1;0;586510
20220923;6200;6205;1;1;586528;"Rohatec";0;1;21;3;1;0;586528
20220923;6200;6205;1;1;586536;"Skalka";0;1;5;1;1;0;586536
20220923;6200;6205;1;1;586544;"Skoronice";0;1;7;1;1;0;586544
20220923;6200;6205;1;1;586552;"Sob˘lky";0;1;9;1;1;0;586552
20220923;6200;6205;1;1;586561;"Star˝ Poddvorov";0;1;9;1;1;0;586561
20220923;6200;6205;1;1;586579;"StavÏöice";0;1;7;1;1;0;586579
20220923;6200;6205;1;2;586587;"Str·ûnice";0;1;21;4;1;0;586587
20220923;6200;6205;1;1;586595;"Str·ûovice";0;1;7;1;1;0;586595
20220923;6200;6205;1;1;586609;"SudomÏ¯ice";0;1;11;1;1;0;586609
20220923;6200;6205;1;1;586617;"Suchov";0;1;9;1;1;0;586617
20220923;6200;6205;1;1;586625;"Svatobo¯ice-Mist¯Ìn";0;1;15;4;1;0;586625
20220923;6200;6205;1;1;586633;"SyrovÌn";0;1;7;1;1;0;586633
20220923;6200;6205;1;1;586641;"äardice";0;1;15;2;1;0;586641
20220923;6200;6205;1;1;586650;"Tasov";0;1;9;1;1;0;586650
20220923;6200;6205;1;1;586668;"TÏmice";0;1;7;1;1;0;586668
20220923;6200;6205;1;1;586676;"TerezÌn";0;1;7;1;1;0;586676
20220923;6200;6205;1;1;586684;"Tvaroûn· Lhota";0;1;11;1;1;0;586684
20220923;6200;6205;1;1;586692;"Uh¯ice";0;1;7;1;1;0;586692
20220923;6200;6205;1;1;586706;"Vacenovice";0;1;9;2;1;0;586706
20220923;6200;6205;1;1;586714;"Velk· nad VeliËkou";0;1;15;2;1;0;586714
20220923;6200;6205;1;2;586722;"VeselÌ nad Moravou";0;1;21;10;1;0;586722
20220923;6200;6205;1;1;586731;"VÏte¯ov";0;1;7;1;1;0;586731
20220923;6200;6205;1;1;586749;"Vlkoö";0;1;9;1;1;0;586749
20220923;6200;6205;1;1;586757;"Vnorovy";0;1;15;2;1;0;586757
20220923;6200;6205;1;2;586765;"Vracov";0;1;15;3;1;0;586765
20220923;6200;6205;1;1;586773;"V¯esovice";0;1;7;1;1;0;586773
20220923;6200;6205;1;1;586781;"é·dovice";0;1;9;1;1;0;586781
20220923;6200;6205;1;1;586790;"éaroöice";0;1;15;1;1;0;586790
20220923;6200;6205;1;2;586803;"éd·nice";0;1;15;2;1;0;586803
20220923;6200;6205;1;1;586811;"éeletice";0;1;9;1;1;0;586811
20220923;6200;6205;1;1;586820;"éeravice";0;1;9;1;1;0;586820
20220923;6200;6205;1;1;586838;"éeraviny";0;1;7;1;1;0;586838
20220923;6100;6102;1;3;586846;"Jihlava";0;1;37;58;1;0;586846
20220923;6100;6102;1;1;586854;"Arnolec";0;1;7;1;1;0;586854
20220923;6100;6102;1;6;586862;"Batelov";0;1;15;6;1;0;586862
20220923;7200;7204;1;1;586871;"Lipov·";0;1;7;1;1;0;586871
20220923;6100;6102;1;1;586889;"BÌl˝ K·men";0;1;7;1;1;0;586889
20220923;6100;6102;1;1;586897;"BÌtovËice";0;1;7;1;1;0;586897
20220923;6100;6102;1;1;586901;"Bohuslavice";0;1;7;1;1;0;586901
20220923;7200;7204;1;1;586919;"Rudimov";0;1;7;1;1;0;586919
20220923;6100;6102;1;1;586927;"Boröov";0;1;7;1;1;0;586927
20220923;6100;6102;1;2;586943;"Brtnice";0;1;21;10;1;0;586943
20220923;6100;6102;1;1;586951;"Brzkov";0;1;7;1;1;0;586951
20220923;7200;7204;1;1;586960;"K¯ekov";0;1;5;1;1;0;586960
20220923;6100;6102;1;1;586978;"Cejle";0;1;9;1;1;0;586978
20220923;6100;6102;1;1;586986;"CerekviËka-Rosice";0;1;7;1;1;0;586986
20220923;7200;7204;1;1;586994;"Vlachova Lhota";0;1;7;1;1;0;586994
20220923;6100;6102;1;1;587001;"»ernÌË";0;1;9;1;1;0;587001
20220923;6100;6102;1;1;587010;"Dlouh· Brtnice";0;1;7;1;1;0;587010
20220923;6100;6102;1;1;587028;"DobronÌn";0;1;15;2;1;0;587028
20220923;6100;6102;1;1;587036;"Dobroutov";0;1;7;1;1;0;587036
20220923;6100;6102;1;6;587044;"DolnÌ Cerekev";0;1;11;1;1;0;587044
20220923;7200;7204;1;1;587052;"Karlovice";0;1;7;1;1;0;587052
20220923;6100;6102;1;1;587061;"DolnÌ VilÌmeË";0;1;5;1;1;0;587061
20220923;6100;6102;1;1;587079;"DoupÏ";0;1;7;1;1;0;587079
20220923;6100;6102;1;1;587087;"DudÌn";0;1;7;1;1;0;587087
20220923;6100;6102;1;1;587095;"Duöejov";0;1;9;1;1;0;587095
20220923;6100;6102;1;1;587109;"Dyjice";0;1;7;1;1;0;587109
20220923;6100;6102;1;1;587117;"»Ìûov";0;1;7;1;1;0;587117
20220923;6100;6102;1;1;587125;"Hladov";0;1;7;1;1;0;587125
20220923;6100;6102;1;1;587141;"Hodice";0;1;9;1;1;0;587141
20220923;6100;6102;1;1;587150;"Hojkov";0;1;5;1;1;0;587150
20220923;6100;6102;1;1;587168;"HornÌ Dubenky";0;1;7;2;1;0;587168
20220923;6100;6102;1;1;587176;"RanËÌ¯ov";0;1;7;1;1;0;587176
20220923;6100;6102;1;1;587184;"Borovn·";0;1;7;1;1;0;587184
20220923;6100;6102;1;1;587192;"HostÏtice";0;1;7;1;1;0;587192
20220923;6100;6102;1;1;587206;"HornÌ Myslov·";0;1;7;1;1;0;587206
20230325;6100;6102;1;1;587206;"HornÌ Myslov·";0;1;7;1;1;0;587206
20220923;6100;6102;1;1;587214;"OlöÌ";0;1;9;1;1;0;587214
20220923;6100;6102;1;1;587222;"Hubenov";0;1;7;1;1;0;587222
20220923;6100;6102;1;1;587231;"ZadnÌ Vyd¯Ì";0;1;7;1;1;0;587231
20220923;6100;6102;1;1;587249;"JamnÈ";0;1;9;1;1;0;587249
20220923;7200;7201;1;1;587257;"Z·st¯izly";0;1;7;1;1;0;587257
20220923;6100;6102;1;1;587265;"JersÌn";0;1;7;1;1;0;587265
20220923;6100;6102;1;1;587273;"Jezdovice";0;1;7;1;1;0;587273
20220923;6100;6102;1;1;587281;"Jeûen·";0;1;5;1;1;0;587281
20220923;6100;6102;1;1;587290;"Jihl·vka";0;1;7;1;1;0;587290
20220923;6100;6102;1;1;587303;"Jind¯ichovice";0;1;7;1;1;0;587303
20220923;6100;6102;1;1;587320;"Kalhov";0;1;7;1;1;0;587320
20220923;6100;6102;1;1;587338;"KaliötÏ";0;1;7;1;1;0;587338
20220923;6100;6102;1;6;587346;"Kamenice";0;1;15;4;1;0;587346
20220923;7200;7201;1;1;587354;"KarolÌn";0;1;7;1;1;0;587354
20220923;6100;6102;1;1;587362;"Kamenn·";0;1;7;1;1;0;587362
20220923;6100;6102;1;1;587371;"Klatovec";0;1;5;1;1;0;587371
20220923;6100;6102;1;1;587389;"KnÌnice";0;1;9;1;1;0;587389
20220923;7200;7201;1;1;587397;"Prasklice";0;1;9;1;1;0;587397
20220923;6100;6102;1;1;587401;"Kostelec";0;1;9;1;1;0;587401
20220923;6100;6102;1;1;587419;"KostelnÌ Myslov·";0;1;7;1;1;0;587419
20220923;6100;6102;1;1;587427;"Kozlov";0;1;7;1;1;0;587427
20220923;6100;6102;1;1;587435;"KrahulËÌ";0;1;9;1;1;0;587435
20220923;6100;6102;1;1;587443;"Krasonice";0;1;9;1;1;0;587443
20220923;6100;6102;1;1;587451;"Lhotka";0;1;5;1;1;0;587451
20220923;6100;6104;1;1;587460;"StropeöÌn";0;1;7;1;1;0;587460
20220923;6100;6102;1;6;587478;"Luka nad Jihlavou";0;1;15;2;1;0;587478
20220923;6100;6102;1;1;587486;"Mal˝ Beranov";0;1;9;1;1;0;587486
20220923;6100;6102;1;1;587494;"Markvartice";0;1;7;1;1;0;587494
20220923;6100;6102;1;1;587508;"MÏöÌn";0;1;7;1;1;0;587508
20220923;6100;6105;1;1;587516;"Mezi¯ÌËko";0;1;7;1;1;0;587516
20220923;6100;6102;1;1;587524;"MilÌËov";0;1;5;1;1;0;587524
20220923;6100;6102;1;1;587532;"Miroöov";0;1;7;1;1;0;587532
20220923;6100;6102;1;6;587541;"Mr·kotÌn";0;1;15;1;1;0;587541
20220923;6100;6102;1;1;587559;"Mysletice";0;1;11;1;1;0;587559
20220923;6100;6102;1;1;587567;"Myslibo¯";0;1;7;1;1;0;587567
20220923;6100;6102;1;1;587575;"NadÏjov";0;1;7;1;1;0;587575
20220923;6100;6102;1;1;587583;"Nevcehle";0;1;7;1;1;0;587583
20220923;6100;6102;1;6;587591;"Nov· ÿÌöe";0;1;15;1;1;0;587591
20220923;6100;6104;1;1;587605;"Lomy";0;1;7;1;1;0;587605
20220923;6100;6102;1;1;587613;"Olöany";0;1;5;1;1;0;587613
20220923;6100;6102;1;1;587621;"Opatov";0;1;7;1;1;0;587621
20220923;6100;6102;1;1;587630;"O¯echov";0;1;7;1;1;0;587630
20220923;6100;6102;1;1;587648;"OtÌn";0;1;7;1;1;0;587648
20220923;6100;6102;1;1;587656;"Panensk· RozsÌËka";0;1;7;1;1;0;587656
20220923;6100;6104;1;1;587664;"DolnÌ Laûany";0;1;7;1;1;0;587664
20220923;6100;6102;1;1;587672;"PanskÈ Dubenky";0;1;7;1;1;0;587672
20220923;6100;6102;1;1;587681;"Pavlov";0;1;7;1;1;0;587681
20220923;6100;6104;1;1;587699;"ValdÌkov";0;1;7;1;1;0;587699
20220923;6100;6102;1;1;587702;"Plandry";0;1;7;1;1;0;587702
20220923;6100;6102;1;2;587711;"Poln·";0;1;21;7;1;0;587711
20220923;6200;6207;1;1;587729;"Nov˝ äaldorf-Sedleöovice";0;1;11;1;1;0;587729
20220923;6100;6105;1;1;587737;"Rodkov";0;1;7;1;1;0;587737
20220923;6100;6102;1;1;587745;"Puklice";0;1;15;1;1;0;587745
20220923;6100;6105;1;1;587753;"T¯i StudnÏ";0;1;5;1;1;0;587753
20220923;6100;6102;1;1;587761;"Radkov";0;1;7;1;1;0;587761
20220923;6100;6105;1;1;587770;"MileöÌn";0;1;5;1;1;0;587770
20220923;6100;6102;1;1;587788;"RantÌ¯ov";0;1;7;1;1;0;587788
20220923;6100;6102;1;1;587796;"Rohozn·";0;1;7;1;1;0;587796
20220923;6100;6102;1;1;587800;"RozseË";0;1;7;1;1;0;587800
20220923;6100;6102;1;1;587818;"R˘ûen·";0;1;7;1;1;0;587818
20220923;6100;6102;1;1;587826;"RybnÈ";0;1;7;1;1;0;587826
20220923;6100;6102;1;1;587834;"ÿ·sn·";0;1;9;1;1;0;587834
20220923;6100;6105;1;1;587842;"K¯Ìdla";0;1;9;1;1;0;587842
20220923;6100;6102;1;1;587851;"ÿÌdelov";0;1;9;1;1;0;587851
20220923;6100;6105;1;1;587869;"Vlachovice";0;1;5;1;1;0;587869
20220923;6100;6102;1;1;587877;"Sedlatice";0;1;7;1;1;0;587877
20220923;6100;6102;1;1;587885;"Sedlejov";0;1;7;1;1;0;587885
20220923;6100;6105;1;1;587893;"VelkÈ TresnÈ";0;1;7;1;1;0;587893
20220923;6200;6203;1;1;587907;"Katov";0;1;9;1;1;0;587907
20220923;6100;6102;1;1;587915;"St·j";0;1;7;1;1;0;587915
20220923;6100;6102;1;6;587923;"Star· ÿÌöe";0;1;15;1;1;0;587923
20220923;6100;6102;1;6;587931;"Stona¯ov";0;1;15;1;1;0;587931
20220923;6100;6102;1;1;587940;"StrachoÚovice";0;1;5;1;1;0;587940
20220923;6100;6102;1;1;587958;"St¯Ìteû";0;1;7;1;1;0;587958
20230916;6100;6102;1;1;587958;"St¯Ìteû";0;1;7;1;1;0;587958
20220923;6100;6105;1;1;587974;"NovÈ Dvory";0;1;9;1;1;0;587974
20220923;6100;6102;1;1;587982;"Such·";0;1;7;1;1;0;587982
20220923;6100;6102;1;1;587991;"Svojkovice";0;1;5;1;1;0;587991
20220923;6100;6102;1;1;588008;"äimanov";0;1;7;1;1;0;588008
20220923;6100;6105;1;1;588016;"Cikh·j";0;1;7;1;1;0;588016
20220923;6100;6102;1;2;588024;"TelË";0;1;21;7;1;0;588024
20220923;6100;6102;1;2;588032;"T¯eöù";0;1;21;7;1;0;588032
20220923;6100;6102;1;1;588041;"T¯eötice";0;1;7;1;1;0;588041
20220923;6100;6105;1;1;588059;"RaËÌn";0;1;13;1;1;0;588059
20220923;6100;6102;1;1;588067;"Urbanov";0;1;7;1;1;0;588067
20220923;6100;6102;1;1;588075;"⁄stÌ";0;1;9;1;1;0;588075
20220923;6100;6102;1;1;588083;"Vanov";0;1;7;1;1;0;588083
20220923;6100;6102;1;1;588091;"Van˘vek";0;1;7;1;1;0;588091
20220923;6100;6102;1;1;588105;"V·povice";0;1;6;1;1;0;588105
20220923;6100;6102;1;1;588113;"Velk˝ Beranov";0;1;15;1;1;0;588113
20220923;6100;6102;1;6;588121;"VÏtrn˝ JenÌkov";0;1;9;1;1;0;588121
20220923;6100;6102;1;1;588130;"VÏûnice";0;1;7;1;1;0;588130
20220923;6100;6102;1;1;588148;"VÏûniËka";0;1;7;1;1;0;588148
20220923;6100;6102;1;1;588156;"VÌlanec";0;1;7;1;1;0;588156
20220923;6100;6102;1;1;588164;"VolevËice";0;1;7;1;1;0;588164
20220923;6100;6102;1;1;588172;"Vyskytn· nad Jihlavou";0;1;15;1;1;0;588172
20220923;6100;6102;1;1;588181;"VysokÈ Studnice";0;1;7;1;1;0;588181
20220923;6100;6102;1;1;588199;"VystrËenovice";0;1;7;1;1;0;588199
20220923;6100;6102;1;1;588202;"Z·born·";0;1;7;1;1;0;588202
20220923;6100;6102;1;1;588211;"Zbilidy";0;1;7;1;1;0;588211
20220923;6100;6102;1;1;588229;"Zbinohy";0;1;7;1;1;0;588229
20220923;6100;6105;1;1;588237;"SazomÌn";0;1;7;1;1;0;588237
20220923;6100;6102;1;1;588245;"ZdeÚkov";0;1;7;1;1;0;588245
20220923;6100;6102;1;1;588253;"Zho¯";0;1;7;1;1;0;588253
20220923;6100;6102;1;1;588261;"Zvolenovice";0;1;7;1;1;0;588261
20220923;6100;6102;1;1;588270;"éatec";0;1;7;1;1;0;588270
20220923;6100;6102;1;1;588288;"édÌrec";0;1;9;1;1;0;588288
20220923;7200;7201;1;2;588296;"KromÏ¯Ìû";0;1;27;26;1;0;588296
20220923;7200;7201;1;1;588300;"Ba¯ice-VelkÈ TÏöany";0;1;9;2;1;0;588300
20220923;7200;7204;1;1;588318;"BÏlov";0;1;7;1;1;0;588318
20220923;7200;7201;1;1;588326;"BezmÏrov";0;1;7;1;1;0;588326
20220923;6100;6105;1;1;588334;"VysokÈ";0;1;7;1;1;0;588334
20220923;6100;6104;1;1;588342;"VÌcenice";0;1;7;1;1;0;588342
20220923;7200;7201;1;1;588377;"BrusnÈ";0;1;7;1;1;0;588377
20220923;7200;7201;1;1;588385;"B¯est";0;1;15;1;1;0;588385
20220923;7200;7201;1;2;588393;"Byst¯ice pod Host˝nem";0;1;21;12;1;0;588393
20220923;7200;7201;1;1;588407;"Cetechovice";0;1;7;1;1;0;588407
20220923;7200;7201;1;1;588431;"D¯Ìnov";0;1;9;1;1;0;588431
20241005;7200;7201;1;1;588431;"D¯Ìnov";0;1;9;1;1;0;588431
20220923;7200;7201;1;2;588458;"Holeöov";0;1;23;13;1;0;588458
20220923;7200;7201;1;1;588474;"HornÌ LapaË";0;1;7;1;1;0;588474
20220923;7200;7201;1;1;588482;"Hoötice";0;1;7;1;1;0;588482
20220923;7200;7201;1;2;588491;"HulÌn";0;1;17;7;1;0;588491
20220923;7200;7201;1;1;588504;"Chom˝û";0;1;7;1;1;0;588504
20220923;7200;7201;1;2;588512;"ChropynÏ";0;1;17;5;1;0;588512
20220923;7200;7201;1;1;588521;"Kostelany";0;1;9;3;1;0;588521
20220923;7200;7201;1;1;588547;"Chvalnov-LÌsky";0;1;7;2;1;0;588547
20220923;7200;7201;1;1;588555;"Jankovice";0;1;9;1;1;0;588555
20220923;7200;7201;1;1;588563;"JarohnÏvice";0;1;7;1;1;0;588563
20220923;7200;7201;1;1;588598;"Kom·rno";0;1;7;1;1;0;588598
20220923;7200;7201;1;2;588601;"KoryËany";0;1;15;5;1;0;588601
20220923;7200;7201;1;1;588610;"Kostelec u Holeöova";0;1;15;2;1;0;588610
20220923;7200;7201;1;1;588628;"Kunkovice";0;1;7;1;1;0;588628
20220923;7200;7201;1;1;588636;"Kurovice";0;1;7;1;1;0;588636
20220923;7200;7201;1;1;588644;"Kvasice";0;1;15;2;1;0;588644
20220923;7200;7201;1;1;588652;"Kyselovice";0;1;9;1;1;0;588652
20220923;7200;7201;1;1;588661;"Lechotice";0;1;7;1;1;0;588661
20220923;7200;7201;1;6;588695;"LitenËice";0;1;9;2;1;0;588695
20220923;7200;7201;1;1;588709;"Loukov";0;1;9;2;1;0;588709
20220923;7200;7201;1;1;588717;"Lubn·";0;1;9;1;1;0;588717
20220923;7200;7201;1;1;588725;"Ludslavice";0;1;9;1;1;0;588725
20220923;7200;7201;1;1;588733;"Lutopecny";0;1;9;2;1;0;588733
20220923;7200;7201;1;1;588741;"Martinice";0;1;9;1;1;0;588741
20220923;7200;7201;1;1;588750;"MÌökovice";0;1;7;1;1;0;588750
20220923;7200;7201;1;2;588768;"Morkovice-SlÌûany";0;1;15;3;1;0;588768
20220923;7200;7201;1;1;588784;"NÏmËice";0;1;7;1;1;0;588784
20220923;7200;7201;1;1;588806;"NÌtkovice";0;1;7;1;1;0;588806
20220923;7200;7201;1;1;588814;"Nov· DÏdina";0;1;7;1;1;0;588814
20220923;7200;7201;1;1;588822;"OsÌËko";0;1;9;1;1;0;588822
20220923;7200;7201;1;1;588831;"Pacetluky";0;1;7;1;1;0;588831
20220923;7200;7201;1;1;588849;"PaËlavice";0;1;9;3;1;0;588849
20220923;7200;7201;1;1;588865;"PoËenice-TetÏtice";0;1;9;2;1;0;588865
20220923;7200;7201;1;1;588873;"PodhradnÌ Lhota";0;1;9;1;1;0;588873
20220923;7200;7201;1;1;588890;"PravËice";0;1;15;1;1;0;588890
20220923;7200;7201;1;1;588903;"Prusinovice";0;1;7;1;1;0;588903
20220923;7200;7201;1;1;588920;"Rajnochovice";0;1;11;1;1;0;588920
20220923;7200;7201;1;1;588938;"Rataje";0;1;9;2;1;0;588938
20220923;7200;7201;1;1;588946;"RoötÏnÌ";0;1;7;1;1;0;588946
20220923;7200;7201;1;1;588954;"RoötÌn";0;1;15;1;1;0;588954
20220923;7200;7201;1;1;588962;"Rusava";0;1;15;1;1;0;588962
20220923;7200;7201;1;1;588971;"Rymice";0;1;9;1;1;0;588971
20220923;7200;7201;1;1;588989;"Skaötice";0;1;7;1;1;0;588989
20220923;7200;7201;1;1;588997;"Slavkov pod Host˝nem";0;1;11;1;1;0;588997
20220923;7200;7201;1;1;589004;"SobÏsuky";0;1;9;3;1;0;589004
20220923;7200;7201;1;1;589039;"St¯Ìlky";0;1;9;1;1;0;589039
20220923;7200;7201;1;1;589047;"St¯Ìûovice";0;1;7;1;1;0;589047
20230325;7200;7201;1;1;589047;"St¯Ìûovice";0;1;7;1;1;0;589047
20220923;7200;7201;1;1;589055;"Sulimov";0;1;7;1;1;0;589055
20220923;7200;7201;1;1;589080;"Troubky-Zdislavice";0;1;9;2;1;0;589080
20220923;7200;7201;1;1;589098;"T¯ebÏtice";0;1;9;1;1;0;589098
20220923;7200;7201;1;1;589110;"Uh¯ice";0;1;7;1;1;0;589110
20220923;7200;7201;1;1;589128;"VÏûky";0;1;7;2;1;0;589128
20220923;7200;7201;1;1;589136;"VÌtonice";0;1;7;1;1;0;589136
20220923;7200;7201;1;1;589152;"Zahnaöovice";0;1;7;1;1;0;589152
20220923;7200;7201;1;1;589161;"Z·¯ÌËÌ";0;1;11;1;1;0;589161
20220923;7200;7201;1;1;589187;"Zborovice";0;1;11;2;1;0;589187
20220923;7200;7201;1;1;589195;"Zdounky";0;1;15;5;1;0;589195
20220923;7200;7201;1;1;589217;"Zlobice";0;1;15;2;1;0;589217
20220923;7200;7201;1;1;589225;"éalkovice";0;1;15;1;1;0;589225
20220923;7200;7201;1;1;589233;"éeranovice";0;1;9;1;1;0;589233
20220923;7100;7103;1;3;589250;"ProstÏjov";0;1;35;44;1;0;589250
20220923;7100;7103;1;1;589268;"Bedihoöù";0;1;9;1;1;0;589268
20220923;7100;7103;1;1;589276;"BÌlovice-LutotÌn";0;1;9;2;1;0;589276
20220923;7100;7103;1;1;589284;"Biskupice";0;1;7;1;1;0;589284
20220923;7100;7103;1;1;589292;"Bohuslavice";0;1;7;1;1;0;589292
20220923;7100;7103;1;1;589306;"BousÌn";0;1;7;1;1;0;589306
20220923;7100;7103;1;1;589314;"Brodek u Konice";0;1;9;2;1;0;589314
20220923;7100;7103;1;6;589322;"Brodek u ProstÏjova";0;1;7;2;1;0;589322
20220923;7100;7103;1;1;589331;"B¯ezsko";0;1;7;1;1;0;589331
20220923;7100;7103;1;1;589349;"BudÏtsko";0;1;7;1;1;0;589349
20220923;7100;7103;1;1;589357;"Bukov·";0;1;7;1;1;0;589357
20220923;7100;7103;1;1;589365;"»ehovice";0;1;7;1;1;0;589365
20220923;7100;7103;1;1;589381;"»echy pod KosÌ¯em";0;1;7;1;1;0;589381
20220923;7100;7103;1;1;589390;"»elËice";0;1;7;1;1;0;589390
20220923;7100;7103;1;1;589403;"»elechovice na HanÈ";0;1;9;3;1;0;589403
20220923;7100;7103;1;1;589420;"DÏtkovice";0;1;7;1;1;0;589420
20220923;7100;7103;1;1;589438;"Dobrochov";0;1;5;1;1;0;589438
20220923;7100;7103;1;1;589446;"Dobromilice";0;1;11;1;1;0;589446
20220923;7100;7103;1;1;589454;"Doloplazy";0;1;7;1;1;0;589454
20220923;7100;7103;1;6;589462;"Drahany";0;1;11;1;1;0;589462
20220923;7100;7103;1;1;589489;"D¯evnovice";0;1;7;1;1;0;589489
20220923;7100;7103;1;1;589497;"Dzbel";0;1;7;1;1;0;589497
20220923;7100;7103;1;1;589501;"Hluchov";0;1;7;1;1;0;589501
20220923;7100;7103;1;1;589519;"HornÌ ätÏp·nov";0;1;15;2;1;0;589519
20220923;7100;7103;1;1;589527;"HradËany-Kobe¯ice";0;1;9;2;1;0;589527
20220923;7100;7103;1;1;589535;"Hrdibo¯ice";0;1;9;1;1;0;589535
20220923;7100;7103;1;1;589543;"HrubËice";0;1;7;1;1;0;589543
20220923;7100;7103;1;1;589560;"Hvozd";0;1;15;3;1;0;589560
20220923;7100;7103;1;1;589578;"IvaÚ";0;1;7;1;1;0;589578
20220923;7100;7103;1;1;589586;"Jesenec";0;1;7;1;1;0;589586
20220923;7100;7103;1;1;589594;"Kladky";0;1;7;1;1;0;589594
20220923;7100;7103;1;1;589608;"Klenovice na HanÈ";0;1;11;1;1;0;589608
20220923;7100;7103;1;1;589616;"Klopotovice";0;1;7;1;1;0;589616
20220923;7100;7103;1;2;589624;"Konice";0;1;15;6;1;0;589624
20220923;7100;7103;1;2;589632;"Kostelec na HanÈ";0;1;15;2;1;0;589632
20220923;7100;7103;1;1;589641;"Kov·lovice-OsÌËany";0;1;9;1;1;0;589641
20220923;7100;7103;1;6;589659;"Kralice na HanÈ";0;1;9;1;1;0;589659
20220923;7100;7103;1;1;589667;"KrumsÌn";0;1;9;1;1;0;589667
20220923;7100;7103;1;1;589675;"Laökov";0;1;9;2;1;0;589675
20220923;7100;7103;1;1;589683;"Leöany";0;1;7;1;1;0;589683
20220923;7100;7103;1;1;589691;"Lipov·";0;1;9;3;1;0;589691
20220923;7100;7103;1;1;589705;"LudmÌrov";0;1;11;4;1;0;589705
20220923;7100;7103;1;1;589713;"MalÈ Hradisko";0;1;9;1;1;0;589713
20220923;7100;7103;1;1;589721;"Mo¯ice";0;1;9;1;1;0;589721
20220923;7100;7103;1;1;589730;"Mostkovice";0;1;11;1;1;0;589730
20220923;7100;7103;1;1;589748;"Myslejovice";0;1;15;3;1;0;589748
20220923;7100;7103;1;2;589756;"NÏmËice nad Hanou";0;1;15;2;1;0;589756
20220923;7100;7103;1;6;589764;"Nezamyslice";0;1;15;1;1;0;589764
20220923;7100;7103;1;1;589772;"Niva";0;1;7;1;1;0;589772
20220923;7100;7103;1;1;589799;"ObÏdkovice";0;1;7;1;1;0;589799
20220923;7100;7103;1;1;589802;"Ohrozim";0;1;7;1;1;0;589802
20220923;7100;7103;1;1;589811;"Ochoz";0;1;7;1;1;0;589811
20220923;7100;7103;1;1;589829;"Olöany u ProstÏjova";0;1;15;2;1;0;589829
20220923;7100;7103;1;1;589837;"Ondratice";0;1;9;1;1;0;589837
20220923;7100;7103;1;1;589845;"Otaslavice";0;1;9;1;1;0;589845
20241005;7100;7103;1;1;589853;"Otinoves";0;1;7;1;1;0;589853
20220923;7100;7103;1;1;589853;"Otinoves";0;1;7;1;1;0;589853
20220923;7100;7103;1;1;589870;"PÏnËÌn";0;1;7;1;1;0;589870
20220923;7100;7103;1;1;589888;"PivÌn";0;1;9;1;1;0;589888
20220923;7100;7103;1;2;589896;"Plumlov";0;1;15;5;1;0;589896
20220923;7100;7103;1;1;589918;"ProstÏjoviËky";0;1;7;1;1;0;589918
20220923;7100;7103;1;6;589926;"Protivanov";0;1;11;1;1;0;589926
20220923;7100;7103;1;1;589934;"P¯emyslovice";0;1;13;2;1;0;589934
20220923;7100;7103;1;1;589942;"PtenÌ";0;1;11;2;1;0;589942
20220923;7100;7103;1;1;589951;"Rakov· u Konice";0;1;7;1;1;0;589951
20220923;7100;7103;1;1;589969;"Rak˘vka";0;1;7;1;1;0;589969
20220923;7100;7103;1;1;589977;"Rozst·nÌ";0;1;9;2;1;0;589977
20220923;7100;7103;1;1;589993;"Skalka";0;1;7;1;1;0;589993
20220923;7100;7103;1;1;590002;"Sk¯Ìpov";0;1;9;1;1;0;590002
20220923;7100;7103;1;1;590011;"Slatinky";0;1;7;1;1;0;590011
20220923;7100;7103;1;1;590029;"Smrûice";0;1;9;1;1;0;590029
20220923;7100;7103;1;1;590045;"Srbce";0;1;5;1;1;0;590045
20220923;7100;7103;1;1;590053;"Sta¯echovice";0;1;7;2;1;0;590053
20220923;7100;7103;1;1;590061;"StÌnava";0;1;5;1;1;0;590061
20220923;7100;7103;1;1;590070;"Straûisko";0;1;9;1;1;0;590070
20220923;7100;7103;1;1;590088;"Suchdol";0;1;9;3;1;0;590088
20220923;7100;7103;1;1;590096;"äubÌ¯ov";0;1;7;1;1;0;590096
20220923;7100;7103;1;6;590100;"TiötÌn";0;1;9;1;1;0;590100
20220923;7100;7103;1;1;590118;"Tvorovice";0;1;7;1;1;0;590118
20220923;7100;7103;1;1;590126;"UrËice";0;1;15;2;1;0;590126
20220923;7100;7103;1;1;590134;"VÌcemÏ¯ice";0;1;7;1;1;0;590134
20220923;7100;7103;1;1;590142;"VÌcov";0;1;7;1;1;0;590142
20220923;7100;7103;1;1;590151;"VitËice";0;1;7;1;1;0;590151
20220923;7100;7103;1;1;590177;"Vranovice-KelËice";0;1;7;2;1;0;590177
20220923;7100;7103;1;1;590185;"Vrb·tky";0;1;15;3;1;0;590185
20220923;7100;7103;1;1;590193;"Vrchoslavice";0;1;11;1;1;0;590193
20220923;7100;7103;1;1;590207;"V¯esovice";0;1;7;1;1;0;590207
20220923;7100;7103;1;1;590215;"V˝öovice";0;1;7;1;1;0;590215
20220923;7100;7103;1;1;590223;"ZdÏtÌn";0;1;7;1;1;0;590223
20220923;7100;7103;1;1;590240;"éeleË";0;1;15;1;1;0;590240
20220923;6100;6104;1;2;590266;"T¯ebÌË";0;1;27;39;1;0;590266
20220923;6100;6104;1;1;590274;"Babice";0;1;7;1;1;0;590274
20220923;6100;6104;1;1;590282;"BaËice";0;1;7;1;1;0;590282
20220923;6100;6104;1;1;590304;"Benetice";0;1;7;1;1;0;590304
20220923;6100;6104;1;1;590312;"Biskupice-Pulkov";0;1;7;2;1;0;590312
20220923;6100;6104;1;1;590321;"Blatnice";0;1;7;1;1;0;590321
20220923;6100;6104;1;1;590347;"Bochovice";0;1;7;1;1;0;590347
20220923;6100;6104;1;1;590363;"Bransouze";0;1;7;1;1;0;590363
20220923;6100;6102;1;1;590371;"BrtniËka";0;1;5;1;1;0;590371
20220923;6100;6104;1;1;590380;"B¯eznÌk";0;1;11;1;1;0;590380
20220923;6100;6104;1;6;590401;"Budiöov";0;1;15;1;1;0;590401
20220923;6100;6104;1;1;590410;"Budkov";0;1;9;1;1;0;590410
20220923;6100;6104;1;1;590428;"Cidlina";0;1;7;1;1;0;590428
20220923;6100;6104;1;1;590436;"»·slavice";0;1;15;1;1;0;590436
20220923;6100;6104;1;1;590444;"»echoËovice";0;1;7;1;1;0;590444
20220923;6100;6104;1;1;590452;"»echtÌn";0;1;9;1;1;0;590452
20220923;6100;6104;1;1;590461;"»erven· Lhota";0;1;7;1;1;0;590461
20220923;6100;6104;1;1;590479;"»ÌhalÌn";0;1;9;1;1;0;590479
20220923;6100;6104;1;1;590487;"»Ìchov";0;1;7;1;1;0;590487
20220923;6100;6104;1;1;590495;"»ikov";0;1;7;1;1;0;590495
20220923;6100;6104;1;1;590509;"»ÌmÏ¯";0;1;5;1;1;0;590509
20240323;6100;6104;1;1;590509;"»ÌmÏ¯";0;1;5;1;1;0;590509
20220923;6100;6104;1;6;590517;"Daleöice";0;1;11;1;1;0;590517
20220923;6100;6104;1;1;590525;"DÏdice";0;1;7;1;1;0;590525
20220923;6100;6104;1;1;590533;"Deöov";0;1;9;1;1;0;590533
20220923;6100;6104;1;1;590550;"DolnÌ VilÈmovice";0;1;7;1;1;0;590550
20220923;6100;6104;1;1;590568;"Domamil";0;1;9;1;1;0;590568
20220923;6100;6104;1;1;590576;"Dukovany";0;1;15;1;1;0;590576
20220923;6100;6104;1;1;590584;"HartvÌkovice";0;1;11;1;1;0;590584
20220923;6100;6104;1;6;590592;"Heraltice";0;1;7;1;1;0;590592
20220923;6100;6104;1;1;590614;"HlubokÈ";0;1;7;1;1;0;590614
20220923;6100;6104;1;1;590622;"Hodov";0;1;7;1;1;0;590622
20220923;6100;6104;1;1;590631;"HornÌ He¯manice";0;1;7;1;1;0;590631
20220923;6100;6104;1;1;590649;"HornÌ ⁄jezd";0;1;7;1;1;0;590649
20220923;6100;6104;1;1;590657;"HornÌ VilÈmovice";0;1;7;1;1;0;590657
20220923;6100;6104;1;1;590665;"Hornice";0;1;7;1;1;0;590665
20220923;6100;6104;1;2;590673;"Hrotovice";0;1;15;2;1;0;590673
20220923;6100;6102;1;1;590681;"Hrutov";0;1;7;1;1;0;590681
20220923;6100;6104;1;1;590690;"HvÏzdoÚovice";0;1;7;1;1;0;590690
20220923;6100;6104;1;1;590703;"ChlÌstov";0;1;9;1;1;0;590703
20220923;6100;6104;1;1;590711;"Chlum";0;1;9;1;1;0;590711
20220923;6100;6104;1;1;590746;"Jakubov u Moravsk˝ch BudÏjovic";0;1;15;1;1;0;590746
20220923;6100;6104;1;2;590754;"JaromÏ¯ice nad Rokytnou";0;1;21;8;1;0;590754
20220923;6100;6104;1;1;590762;"Jasenice";0;1;7;1;1;0;590762
20220923;6100;6104;1;2;590789;"Jemnice";0;1;21;6;1;0;590789
20220923;6100;6104;1;1;590797;"Jinoöov";0;1;7;1;1;0;590797
20220923;6100;6104;1;1;590801;"Kamenn·";0;1;7;1;1;0;590801
20220923;6100;6104;1;1;590819;"Kdousov";0;1;5;1;1;0;590819
20220923;6100;6104;1;1;590827;"Kladeruby nad Oslavou";0;1;7;1;1;0;590827
20220923;6100;6104;1;1;590835;"KluËov";0;1;7;1;1;0;590835
20220923;6100;6102;1;1;590843;"KnÏûice";0;1;15;1;1;0;590843
20220923;6100;6104;1;1;590851;"Kojatice";0;1;7;1;1;0;590851
20220923;6100;6104;1;1;590860;"Kojetice";0;1;7;1;1;0;590860
20220923;6100;6104;1;1;590878;"Kom·rovice";0;1;7;1;1;0;590878
20220923;6100;6104;1;1;590886;"KonÏöÌn";0;1;7;1;1;0;590886
20220923;6100;6104;1;1;590894;"KostnÌky";0;1;7;1;1;0;590894
20220923;6100;6104;1;1;590908;"Kouty";0;1;9;1;1;0;590908
20220923;6100;6104;1;1;590916;"Kozlany";0;1;5;1;1;0;590916
20220923;6100;6104;1;1;590941;"Kralice nad Oslavou";0;1;15;1;1;0;590941
20220923;6100;6104;1;1;590959;"KramolÌn";0;1;7;1;1;0;590959
20220923;6100;6104;1;1;590967;"Krhov";0;1;9;1;1;0;590967
20220923;6100;6104;1;1;590975;"KrokoËÌn";0;1;7;1;1;0;590975
20220923;6100;6104;1;1;590983;"Lesn·";0;1;7;1;1;0;590983
20220923;6100;6104;1;1;590991;"LesnÌ Jakubov";0;1;7;1;1;0;590991
20220923;6100;6104;1;1;591009;"Lesonice";0;1;7;1;1;0;591009
20220923;6100;6104;1;1;591025;"Lh·nice";0;1;7;1;1;0;591025
20230325;6100;6104;1;1;591025;"Lh·nice";0;1;7;1;1;0;591025
20220923;6100;6104;1;1;591041;"LipnÌk";0;1;9;1;1;0;591041
20220923;6100;6104;1;1;591068;"Litovany";0;1;7;1;1;0;591068
20220923;6100;6104;1;1;591092;"Loukovice";0;1;7;1;1;0;591092
20220923;6100;6104;1;1;591114;"Markvartice";0;1;9;1;1;0;591114
20220923;6100;6104;1;1;591122;"MastnÌk";0;1;7;1;1;0;591122
20220923;6100;6104;1;1;591149;"Mezi¯ÌËko";0;1;9;1;1;0;591149
20220923;6100;6104;1;1;591157;"Mikulovice";0;1;6;1;1;0;591157
20220923;6100;6104;1;1;591165;"MladoÚovice";0;1;9;1;1;0;591165
20220923;6100;6104;1;6;591173;"Mohelno";0;1;15;1;1;0;591173
20220923;6100;6104;1;2;591181;"MoravskÈ BudÏjovice";0;1;21;11;1;0;591181
20220923;6100;6104;1;1;591190;"Myslibo¯ice";0;1;9;2;1;0;591190
20220923;6100;6104;1;2;591211;"N·mÏöù nad Oslavou";0;1;17;6;1;0;591211
20220923;6100;6104;1;1;591220;"N·rameË";0;1;7;1;1;0;591220
20220923;6100;6104;1;1;591238;"Nimpöov";0;1;7;1;1;0;591238
20220923;6100;6104;1;1;591246;"Nov· Ves";0;1;9;1;1;0;591246
20220923;6100;6104;1;1;591254;"NovÈ Syrovice";0;1;15;2;1;0;591254
20220923;6100;6104;1;1;591262;"Nov˝ TeleËkov";0;1;7;1;1;0;591262
20220923;6100;6104;1;1;591289;"Odunec";0;1;7;1;1;0;591289
20220923;6100;6104;1;1;591297;"Okarec";0;1;5;1;1;0;591297
20220923;6100;6104;1;6;591301;"Ok¯Ìöky";0;1;15;3;1;0;591301
20220923;6100;6104;1;6;591319;"Opatov";0;1;11;1;1;0;591319
20220923;6100;6104;1;1;591327;"Oponeöice";0;1;7;1;1;0;591327
20220923;6100;6104;1;1;591335;"Ostaöov";0;1;7;1;1;0;591335
20220923;6100;6104;1;1;591360;"Petrovice";0;1;9;1;1;0;591360
20220923;6100;6104;1;1;591378;"Petr˘vky";0;1;9;1;1;0;591378
20220923;6100;6104;1;1;591394;"Police";0;1;7;1;1;0;591394
20220923;6100;6104;1;1;591408;"Pop˘vky";0;1;7;1;1;0;591408
20220923;6100;6104;1;1;591416;"PozÔatÌn";0;1;9;1;1;0;591416
20220923;6100;6104;1;1;591424;"P¯eckov";0;1;7;1;1;0;591424
20220923;6100;6104;1;1;591432;"P¯edÌn";0;1;15;1;1;0;591432
20220923;6100;6104;1;1;591441;"P¯eöovice";0;1;7;1;1;0;591441
20220923;6100;6104;1;1;591459;"P¯ibyslavice";0;1;9;1;1;0;591459
20220923;6100;6104;1;1;591491;"Pucov";0;1;7;1;1;0;591491
20250913;6100;6104;1;1;591491;"Pucov";0;1;7;1;1;0;591491
20220923;6100;6104;1;1;591505;"Pyöel";0;1;7;2;1;0;591505
20220923;6100;6104;1;1;591521;"RaËice";0;1;7;1;1;0;591521
20220923;6100;6104;1;1;591548;"Radkovice u Hrotovic";0;1;9;1;1;0;591548
20220923;6100;6104;1;1;591556;"RadonÌn";0;1;7;1;1;0;591556
20220923;6100;6104;1;1;591564;"Radoöov";0;1;7;1;1;0;591564
20220923;6100;6104;1;1;591581;"Rapotice";0;1;7;1;1;0;591581
20220923;6100;6104;1;1;591602;"Rohy";0;1;7;1;1;0;591602
20220923;6100;6104;1;6;591611;"Rokytnice nad Rokytnou";0;1;11;1;1;0;591611
20220923;6100;6104;1;1;591629;"Rouchovany";0;1;15;2;1;0;591629
20220923;6100;6104;1;1;591637;"RudÌkov";0;1;9;1;1;0;591637
20220923;6100;6104;1;1;591645;"ÿÌmov";0;1;7;1;1;0;591645
20220923;6200;6203;1;1;591661;"Senorady";0;1;9;1;1;0;591661
20220923;6100;6104;1;1;591688;"SlavÏtice";0;1;9;1;1;0;591688
20220923;6100;6104;1;1;591700;"SlaviËky";0;1;7;1;1;0;591700
20220923;6100;6104;1;1;591726;"Smrk";0;1;7;1;1;0;591726
20220923;6100;6104;1;6;591742;"Sta¯eË";0;1;13;1;1;0;591742
20220923;6100;6104;1;1;591769;"Studenec";0;1;9;1;1;0;591769
20220923;6100;6104;1;1;591777;"Studnice";0;1;7;1;1;0;591777
20220923;6100;6104;1;1;591785;"Sudice";0;1;7;1;1;0;591785
20220923;6100;6104;1;1;591793;"Svatoslav";0;1;7;1;1;0;591793
20220923;6100;6104;1;1;591807;"äebkovice";0;1;11;1;1;0;591807
20220923;6100;6104;1;1;591815;"ätÏmÏchy";0;1;9;1;1;0;591815
20220923;6100;6104;1;1;591823;"ätÏpkov";0;1;5;1;1;0;591823
20220923;6100;6105;1;1;591831;"Tasov";0;1;9;1;1;0;591831
20220923;6100;6104;1;1;591840;"Trnava";0;1;7;1;1;0;591840
20220923;6100;6104;1;1;591858;"T¯ebelovice";0;1;9;1;1;0;591858
20220923;6100;6104;1;1;591866;"T¯ebenice";0;1;9;1;1;0;591866
20220923;6100;6104;1;1;591874;"ValeË";0;1;15;1;1;0;591874
20220923;6100;6104;1;6;591904;"Vladislav";0;1;15;3;1;0;591904
20220923;6100;6104;1;1;591912;"VlËatÌn";0;1;7;1;1;0;591912
20220923;6100;6104;1;1;591939;"V˝Ëapy";0;1;9;2;1;0;591939
20220923;6100;6104;1;1;591947;"Zahr·dka";0;1;7;1;1;0;591947
20220923;6100;6104;1;1;591955;"Z·rubice";0;1;7;1;1;0;591955
20220923;6100;6104;1;1;591963;"Zaöovice";0;1;7;1;1;0;591963
20220923;6100;6104;1;1;591980;"ZvÏrkovice";0;1;7;1;1;0;591980
20220923;6100;6104;1;6;591998;"éeletava";0;1;15;5;1;0;591998
20220923;7200;7202;1;2;592005;"UherskÈ HradiötÏ";0;1;27;25;1;0;592005
20220923;7200;7202;1;1;592013;"Babice";0;1;15;1;1;0;592013
20220923;7200;7202;1;1;592021;"B·nov";0;1;11;2;1;0;592021
20220923;7200;7202;1;1;592030;"BÌlovice";0;1;15;2;1;0;592030
20220923;7200;7202;1;2;592048;"Bojkovice";0;1;21;6;1;0;592048
20220923;7200;7202;1;1;592056;"Boröice u Blatnice";0;1;15;1;1;0;592056
20220923;7200;7202;1;1;592064;"Boröice";0;1;15;2;1;0;592064
20220923;7200;7202;1;1;592072;"B¯estek";0;1;9;1;1;0;592072
20220923;7200;7202;1;1;592081;"B¯ezolupy";0;1;15;2;1;0;592081
20220923;7200;7202;1;1;592099;"B¯ezov·";0;1;9;1;1;0;592099
20220923;7200;7202;1;6;592102;"Buchlovice";0;1;15;2;1;0;592102
20220923;7200;7202;1;1;592111;"Byst¯ice pod LopenÌkem";0;1;9;1;1;0;592111
20220923;7200;7202;1;1;592137;"»·stkov";0;1;7;1;1;0;592137
20220923;7200;7202;1;1;592145;"DolnÌ NÏmËÌ";0;1;15;2;1;0;592145
20220923;7200;7202;1;1;592153;"Drslavice";0;1;7;1;1;0;592153
20220923;7200;7202;1;2;592170;"Hluk";0;1;21;3;1;0;592170
20220923;7200;7202;1;1;592188;"HornÌ NÏmËÌ";0;1;15;1;1;0;592188
20220923;7200;7202;1;1;592196;"HostÏjov";0;1;5;1;1;0;592196
20220923;7200;7202;1;1;592200;"HradËovice";0;1;11;2;1;0;592200
20220923;7200;7202;1;1;592218;"HuötÏnovice";0;1;9;1;1;0;592218
20220923;7200;7202;1;1;592226;"JalubÌ";0;1;15;1;1;0;592226
20220923;7200;7202;1;1;592234;"Jankovice";0;1;7;1;1;0;592234
20220923;7200;7204;1;1;592251;"KelnÌky";0;1;7;1;1;0;592251
20220923;7200;7202;1;1;592269;"KnÏûpole";0;1;15;1;1;0;592269
20220923;7200;7202;1;1;592277;"KomÚa";0;1;9;1;1;0;592277
20220923;7200;7202;1;1;592285;"Korytn·";0;1;9;1;1;0;592285
20220923;7200;7202;1;1;592293;"Kostelany nad Moravou";0;1;9;1;1;0;592293
20220923;7200;7202;1;1;592307;"KoöÌky";0;1;7;1;1;0;592307
20220923;7200;7202;1;1;592323;"Kudlovice";0;1;9;1;1;0;592323
20220923;7200;7202;1;1;592340;"LopenÌk";0;1;7;1;1;0;592340
20220923;7200;7202;1;1;592366;"Medlovice";0;1;7;1;1;0;592366
20220923;7200;7202;1;1;592382;"Mist¯ice";0;1;15;2;1;0;592382
20220923;7200;7202;1;1;592391;"Modr·";0;1;9;1;1;0;592391
20220923;7200;7202;1;1;592404;"Nedachlebice";0;1;9;1;1;0;592404
20220923;7200;7202;1;1;592412;"Nedakonice";0;1;15;1;1;0;592412
20220923;7200;7202;1;1;592421;"Nezdenice";0;1;9;1;1;0;592421
20220923;7200;7202;1;1;592439;"Nivnice";0;1;15;2;1;0;592439
20220923;7200;7202;1;1;592447;"O¯echov";0;1;9;1;1;0;592447
20220923;7200;7202;1;1;592455;"Ostroûsk· Lhota";0;1;15;2;1;0;592455
20220923;7200;7202;1;1;592463;"Ostroûsk· Nov· Ves";0;1;17;3;1;0;592463
20220923;7200;7202;1;6;592471;"OsvÏtimany";0;1;11;1;1;0;592471
20220923;7200;7202;1;1;592480;"Paöovice";0;1;9;1;1;0;592480
20220923;7200;7202;1;1;592498;"PitÌn";0;1;15;1;1;0;592498
20220923;7200;7202;1;1;592501;"PodolÌ";0;1;9;1;1;0;592501
20220923;7200;7202;1;6;592510;"Poleöovice";0;1;15;2;1;0;592510
20220923;7200;7202;1;1;592528;"Popovice";0;1;9;1;1;0;592528
20220923;7200;7202;1;1;592536;"Praköice";0;1;9;1;1;0;592536
20220923;7200;7202;1;1;592552;"Rudice";0;1;9;1;1;0;592552
20220923;7200;7202;1;1;592561;"Salaö";0;1;7;1;1;0;592561
20220923;7200;7202;1;1;592579;"Slavkov";0;1;9;1;1;0;592579
20220923;7200;7202;1;1;592587;"StarÈ HutÏ";0;1;7;1;1;0;592587
20220923;7200;7202;1;1;592609;"Star˝ Hrozenkov";0;1;15;1;1;0;592609
20220923;7200;7202;1;1;592617;"Str·nÌ";0;1;15;3;1;0;592617
20220923;7200;7202;1;1;592625;"St¯Ìbrnice";0;1;7;1;1;0;592625
20220923;7200;7202;1;1;592633;"Stupava";0;1;7;1;1;0;592633
20220923;7200;7202;1;1;592641;"Such· Loz";0;1;9;1;1;0;592641
20220923;7200;7202;1;1;592650;"Suöice";0;1;9;1;1;0;592650
20220923;7200;7202;1;1;592668;"Sv·rov";0;1;7;1;1;0;592668
20220923;7200;7202;1;1;592676;"äumice";0;1;15;2;1;0;592676
20220923;7200;7202;1;1;592692;"Topoln·";0;1;15;1;1;0;592692
20220923;7200;7202;1;1;592706;"Traplice";0;1;13;1;1;0;592706
20220923;7200;7202;1;1;592714;"TuËapy";0;1;5;1;1;0;592714
20220923;7200;7202;1;1;592722;"Tupesy";0;1;9;1;1;0;592722
20220923;7200;7202;1;2;592731;"Uhersk˝ Brod";0;1;27;14;1;0;592731
20220923;7200;7202;1;2;592749;"Uhersk˝ Ostroh";0;1;17;4;1;0;592749
20220923;7200;7202;1;1;592757;"⁄jezdec";0;1;7;1;1;0;592757
20220923;7200;7202;1;1;592773;"V·penice";0;1;7;1;1;0;592773
20220923;7200;7202;1;1;592781;"V·ûany";0;1;9;1;1;0;592781
20220923;7200;7202;1;1;592790;"Velehrad";0;1;11;1;1;0;592790
20220923;7200;7202;1;1;592803;"Veletiny";0;1;7;1;1;0;592803
20220923;7200;7202;1;1;592820;"VlËnov";0;1;15;2;1;0;592820
20220923;7200;7202;1;1;592838;"Vyökovec";0;1;7;1;1;0;592838
20220923;7200;7202;1;1;592846;"Z·horovice";0;1;9;1;1;0;592846
20220923;7200;7202;1;1;592854;"Zl·manec";0;1;9;1;1;0;592854
20220923;7200;7202;1;1;592862;"Zlechov";0;1;9;1;1;0;592862
20220923;7200;7202;1;1;592871;"éÌtkov·";0;1;7;1;1;0;592871
20220923;6200;6206;1;2;592889;"Vyökov";0;1;27;26;1;0;592889
20220923;6200;6206;1;1;592897;"BohatÈ M·lkovice";0;1;7;1;1;0;592897
20220923;6200;6206;1;1;592901;"Bohdalice-Pavlovice";0;1;11;3;1;0;592901
20220923;6200;6206;1;1;592919;"Boöovice";0;1;11;1;1;0;592919
20220923;6200;6206;1;6;592927;"Brankovice";0;1;15;1;1;0;592927
20220923;6200;6206;1;2;592943;"BuËovice";0;1;15;8;1;0;592943
20220923;6200;6206;1;1;592978;"DÏtkovice";0;1;7;1;1;0;592978
20220923;6200;6206;1;1;592986;"DobroËkovice";0;1;7;1;1;0;592986
20220923;6200;6206;1;1;592994;"Draûovice";0;1;15;1;1;0;592994
20220923;6200;6206;1;1;593001;"Drnovice";0;1;15;2;1;0;593001
20220923;6200;6206;1;1;593010;"Drysice";0;1;11;1;1;0;593010
20220923;6200;6206;1;1;593028;"Habrovany";0;1;7;1;1;0;593028
20220923;6200;6206;1;1;593036;"HluboËany";0;1;9;1;1;0;593036
20220923;6200;6206;1;1;593044;"HodÏjice";0;1;9;1;1;0;593044
20220923;6200;6206;1;1;593052;"HostÏr·dky-Reöov";0;1;11;1;1;0;593052
20220923;6200;6206;1;1;593061;"Hoötice-Heroltice";0;1;9;1;1;0;593061
20220923;6200;6206;1;1;593079;"Hruöky";0;1;7;1;1;0;593079
20220923;6200;6206;1;6;593087;"HvÏzdlice";0;1;11;1;1;0;593087
20220923;6200;6206;1;1;593095;"Chvalkovice";0;1;7;1;1;0;593095
20220923;6200;6206;1;2;593117;"Ivanovice na HanÈ";0;1;15;3;1;0;593117
20220923;6200;6206;1;1;593125;"Jeûkovice";0;1;7;1;1;0;593125
20220923;6200;6206;1;1;593141;"Kobe¯ice u Brna";0;1;7;1;1;0;593141
20220923;6200;6206;1;1;593150;"Koj·tky";0;1;7;1;1;0;593150
20220923;6200;6206;1;1;593168;"Komo¯any";0;1;9;1;1;0;593168
20220923;6200;6206;1;1;593184;"Koûuöice";0;1;7;1;1;0;593184
20220923;6200;6206;1;1;593192;"Kr·sensko";0;1;9;1;1;0;593192
20220923;6200;6206;1;1;593214;"K¯enovice";0;1;11;2;1;0;593214
20220923;6200;6206;1;1;593222;"K¯iûanovice";0;1;11;1;1;0;593222
20220923;6200;6206;1;1;593231;"K¯iûanovice u Vyökova";0;1;7;1;1;0;593231
20220923;6200;6206;1;1;593249;"KuËerov";0;1;9;1;1;0;593249
20220923;6200;6206;1;1;593257;"Letonice";0;1;15;1;1;0;593257
20220923;6200;6206;1;1;593265;"LovËiËky";0;1;9;1;1;0;593265
20220923;6200;6206;1;1;593273;"LuleË";0;1;9;1;1;0;593273
20220923;6200;6206;1;1;593281;"Lysovice";0;1;7;1;1;0;593281
20220923;6200;6206;1;1;593290;"MalÌnky";0;1;7;1;1;0;593290
20220923;6200;6206;1;1;593320;"Mileöovice";0;1;7;1;1;0;593320
20220923;6200;6206;1;1;593338;"Milonice";0;1;7;1;1;0;593338
20220923;6200;6206;1;1;593346;"MoravskÈ M·lkovice";0;1;11;1;1;0;593346
20220923;6200;6205;1;1;593354;"Mouchnice";0;1;7;1;1;0;593354
20220923;6200;6206;1;1;593371;"NÏmËany";0;1;9;1;1;0;593371
20220923;6200;6206;1;1;593389;"Nemochovice";0;1;9;1;1;0;593389
20220923;6200;6206;1;1;593397;"Nemojany";0;1;9;1;1;0;593397
20220923;6200;6206;1;1;593401;"Nemotice";0;1;9;1;1;0;593401
20220923;6200;6206;1;1;593419;"Nesovice";0;1;9;1;1;0;593419
20220923;6200;6206;1;1;593427;"Nevojice";0;1;7;1;1;0;593427
20220923;6200;6206;1;1;593435;"NÌûkovice";0;1;7;1;1;0;593435
20220923;6200;6206;1;1;593443;"NovÈ Sady";0;1;7;1;1;0;593443
20220923;6200;6206;1;1;593460;"Orlovice";0;1;7;1;1;0;593460
20220923;6200;6206;1;1;593478;"Otnice";0;1;11;1;1;0;593478
20220923;6200;6206;1;1;593486;"Podivice";0;1;7;1;1;0;593486
20220923;6200;6206;1;1;593494;"Prusy-Boök˘vky";0;1;9;2;1;0;593494
20220923;6200;6206;1;1;593508;"PustimÏ¯";0;1;15;2;1;0;593508
20220923;6200;6206;1;1;593516;"RaËice-PÌstovice";0;1;15;2;1;0;593516
20220923;6200;6206;1;1;593524;"Radslavice";0;1;7;1;1;0;593524
20220923;6200;6206;1;1;593532;"Raöovice";0;1;9;1;1;0;593532
20220923;6200;6206;1;2;593559;"RousÌnov";0;1;15;9;1;0;593559
20220923;6200;6206;1;1;593567;"Ruprechtov";0;1;9;1;1;0;593567
20220923;6200;6206;1;2;593583;"Slavkov u Brna";0;1;15;5;1;0;593583
20220923;6200;6206;1;1;593591;"SnovÌdky";0;1;7;1;1;0;593591
20220923;6200;6206;1;1;593605;"Studnice";0;1;7;1;1;0;593605
20220923;6200;6206;1;1;593613;"äaratice";0;1;15;1;1;0;593613
20220923;6200;6206;1;6;593621;"äv·benice";0;1;15;1;1;0;593621
20220923;6200;6206;1;1;593630;"Topolany";0;1;7;1;1;0;593630
20220923;6200;6206;1;1;593648;"TuËapy";0;1;9;1;1;0;593648
20220923;6200;6206;1;1;593656;"V·ûany";0;1;9;1;1;0;593656
20220923;6200;6206;1;1;593664;"V·ûany nad Litavou";0;1;7;1;1;0;593664
20220923;6200;6206;1;1;593681;"Veleöovice";0;1;9;1;1;0;593681
20220923;6200;6206;1;1;593699;"Zb˝öov";0;1;7;1;1;0;593699
20220923;6200;6206;1;1;593702;"Zelen· Hora";0;1;5;1;1;0;593702
20220923;6200;6207;1;2;593711;"Znojmo";0;1;31;39;1;0;593711
20220923;6200;6207;1;1;593729;"Bantice";0;1;7;1;1;0;593729
20220923;6200;6207;1;6;593737;"BÏha¯ovice";0;1;9;3;1;0;593737
20220923;6200;6207;1;1;593745;"Bezkov";0;1;7;1;1;0;593745
20220923;6200;6207;1;1;593753;"BÌtov";0;1;7;1;1;0;593753
20220923;6200;6207;1;1;593761;"BlannÈ";0;1;5;1;1;0;593761
20220923;6200;6207;1;6;593770;"BlÌûkovice";0;1;9;1;1;0;593770
20220923;6200;6207;1;1;593788;"Bohutice";0;1;9;1;1;0;593788
20220923;6200;6207;1;1;593796;"Bojanovice";0;1;7;1;1;0;593796
20220923;6200;6207;1;1;593800;"Borotice";0;1;7;1;1;0;593800
20220923;6200;6207;1;1;593818;"Boskovötejn";0;1;7;1;1;0;593818
20220923;6200;6207;1;1;593826;"Boûice";0;1;15;1;1;0;593826
20220923;6200;6203;1;1;593834;"Braniöovice";0;1;7;1;1;0;593834
20220923;6200;6207;1;1;593842;"B¯eûany";0;1;9;;1;1;593842
20230107;6200;6207;1;1;593842;"B¯eûany";0;1;9;1;2;0;593842
20220923;6200;6207;1;1;593851;"Citonice";0;1;7;1;1;0;593851
20220923;6200;6207;1;1;593869;"Ctidruûice";0;1;7;1;1;0;593869
20220923;6200;6207;1;1;593877;"»ejkovice";0;1;7;1;1;0;593877
20220923;6200;6207;1;1;593885;"»erm·kovice";0;1;5;1;1;0;593885
20240323;6200;6207;1;1;593885;"»erm·kovice";0;1;5;1;1;0;593885
20220923;6200;6207;1;1;593893;"»ernÌn";0;1;7;1;1;0;593893
20220923;6200;6207;1;1;593907;"Damnice";0;1;7;1;1;0;593907
20220923;6200;6207;1;1;593923;"Dobelice";0;1;7;1;1;0;593923
20220923;6200;6207;1;1;593931;"Dob¯Ìnsko";0;1;7;1;1;0;593931
20220923;6200;6207;1;1;593958;"Dolenice";0;1;7;1;1;0;593958
20220923;6200;6207;1;1;593966;"DolnÌ DubÚany";0;1;7;1;1;0;593966
20220923;6200;6207;1;1;593974;"Dyj·kovice";0;1;11;1;1;0;593974
20220923;6200;6207;1;1;593982;"Dyj·koviËky";0;1;9;1;1;0;593982
20220923;6200;6207;1;1;593991;"Dyje";0;1;7;1;1;0;593991
20220923;6200;6207;1;1;594008;"Dûb·nice";0;1;7;1;1;0;594008
20220923;6200;6207;1;1;594016;"GreölovÈ M˝to";0;1;7;1;1;0;594016
20220923;6200;6207;1;1;594024;"HavranÌky";0;1;7;1;1;0;594024
20220923;6200;6207;1;1;594032;"HevlÌn";0;1;11;1;1;0;594032
20220923;6200;6207;1;1;594041;"HlubokÈ Maö˘vky";0;1;9;1;1;0;594041
20220923;6200;6207;1;1;594059;"Hnanice";0;1;7;1;1;0;594059
20220923;6200;6207;1;1;594067;"Hodonice";0;1;11;1;1;0;594067
20220923;6200;6207;1;1;594075;"HornÌ B¯eËkov";0;1;9;2;1;0;594075
20220923;6200;6207;1;1;594083;"HornÌ DubÚany";0;1;7;1;1;0;594083
20220923;6200;6207;1;1;594091;"HornÌ Dunajovice";0;1;7;1;1;0;594091
20220923;6200;6207;1;1;594105;"HornÌ Kounice";0;1;7;1;1;0;594105
20220923;6200;6207;1;1;594113;"HostÏradice";0;1;9;1;1;0;594113
20220923;6200;6207;1;1;594121;"Hostim";0;1;7;1;1;0;594121
20220923;6200;6207;1;1;594130;"HrabÏtice";0;1;11;1;1;0;594130
20220923;6200;6207;1;1;594148;"Hr·dek";0;1;11;1;1;0;594148
20220923;6200;6207;1;2;594156;"Hruöovany nad Jeviöovkou";0;1;15;2;1;0;594156
20220923;6200;6207;1;1;594164;"Chvalatice";0;1;7;1;1;0;594164
20220923;6200;6207;1;1;594172;"Chvalovice";0;1;9;1;1;0;594172
20220923;6200;6207;1;1;594181;"Jamolice";0;1;7;1;1;0;594181
20220923;6200;6207;1;1;594199;"Jaroslavice";0;1;13;1;1;0;594199
20220923;6200;6207;1;2;594202;"Jeviöovice";0;1;9;1;1;0;594202
20220923;6200;6207;1;1;594211;"Jeze¯any-Maröovice";0;1;7;1;1;0;594211
20220923;6200;6207;1;1;594229;"Ji¯ice u Miroslavi";0;1;9;1;1;0;594229
20220923;6200;6207;1;1;594237;"Kadov";0;1;7;1;1;0;594237
20220923;6200;6207;1;1;594253;"Korolupy";0;1;7;1;1;0;594253
20220923;6200;6207;1;1;594261;"Kravsko";0;1;7;1;1;0;594261
20220923;6200;6207;1;1;594270;"Krhovice";0;1;9;1;1;0;594270
20220923;6200;6207;1;1;594288;"K¯epice";0;1;7;1;1;0;594288
20220923;6200;6207;1;1;594296;"Kuböice";0;1;5;1;1;0;594296
20220923;6200;6207;1;1;594300;"Kucha¯ovice";0;1;15;1;1;0;594300
20220923;6200;6207;1;1;594318;"Kyjovice";0;1;7;1;1;0;594318
20220923;6200;6207;1;1;594326;"LanËov";0;1;7;1;1;0;594326
20220923;6200;6207;1;1;594334;"Lechovice";0;1;9;1;1;0;594334
20220923;6200;6207;1;1;594342;"Lesn·";0;1;7;1;1;0;594342
20220923;6200;6207;1;1;594351;"Lesonice";0;1;9;1;1;0;594351
20220923;6200;6207;1;1;594369;"Litobrat¯ice";0;1;9;1;1;0;594369
20220923;6200;6203;1;1;594377;"LodÏnice";0;1;7;1;1;0;594377
20220923;6200;6207;1;1;594385;"Lubnice";0;1;5;1;1;0;594385
20220923;6200;6207;1;6;594393;"Lukov";0;1;7;1;1;0;594393
20220923;6200;6207;1;1;594407;"Mackovice";0;1;7;1;1;0;594407
20220923;6200;6207;1;1;594415;"Maöovice";0;1;7;1;1;0;594415
20220923;6200;6207;1;1;594423;"Medlice";0;1;7;1;1;0;594423
20220923;6200;6207;1;6;594431;"Mikulovice";0;1;11;1;1;0;594431
20220923;6200;6207;1;1;594440;"MilÌËovice";0;1;7;1;1;0;594440
20220923;6200;6207;1;2;594458;"Miroslav";0;1;15;5;1;0;594458
20220923;6200;6207;1;1;594466;"MiroslavskÈ KnÌnice";0;1;7;1;1;0;594466
20220923;6200;6207;1;1;594474;"Moraöice";0;1;7;1;1;0;594474
20220923;6200;6207;1;2;594482;"Moravsk˝ Krumlov";0;1;21;8;1;0;594482
20220923;6200;6207;1;1;594512;"NaöimÏ¯ice";0;1;7;1;1;0;594512
20220923;6200;6207;1;1;594521;"NÏmËiËky";0;1;7;1;1;0;594521
20220923;6200;6207;1;6;594555;"Olbramkostel";0;1;7;1;1;0;594555
20220923;6200;6207;1;6;594563;"Olbramovice";0;1;9;1;1;0;594563
20220923;6200;6207;1;6;594571;"Oleksovice";0;1;7;1;1;0;594571
20220923;6200;6207;1;1;594580;"Onöov";0;1;7;1;1;0;594580
20220923;6200;6207;1;1;594598;"Oslnovice";0;1;7;1;1;0;594598
20220923;6200;6207;1;1;594601;"Pavlice";0;1;9;1;1;0;594601
20220923;6200;6207;1;1;594610;"Petrovice";0;1;9;1;1;0;594610
20220923;6200;6207;1;1;594628;"PlaveË";0;1;7;1;1;0;594628
20220923;6200;6207;1;1;594636;"PodhradÌ nad DyjÌ";0;1;5;1;1;0;594636
20220923;6200;6207;1;1;594644;"PodmolÌ";0;1;7;1;1;0;594644
20220923;6200;6207;1;1;594652;"PodmyËe";0;1;7;1;1;0;594652
20220923;6200;6207;1;1;594679;"Pr·Ëe";0;1;9;1;1;0;594679
20220923;6200;6207;1;1;594687;"Pravice";0;1;9;1;1;0;594687
20220923;6200;6207;1;1;594695;"Prokopov";0;1;5;1;1;0;594695
20220923;6200;6207;1;6;594709;"ProsimÏ¯ice";0;1;7;1;1;0;594709
20220923;6200;6207;1;1;594725;"Reöice";0;1;9;1;1;0;594725
20220923;6200;6207;1;1;594733;"Rozkoö";0;1;7;1;1;0;594733
20220923;6200;6207;1;1;594741;"Rudlice";0;1;7;1;1;0;594741
20220923;6200;6207;1;1;594750;"RybnÌky";0;1;7;1;1;0;594750
20220923;6200;6207;1;1;594768;"Skalice";0;1;9;1;1;0;594768
20220923;6200;6207;1;1;594776;"Slatina";0;1;7;1;1;0;594776
20220923;6200;6207;1;1;594784;"Slup";0;1;7;1;1;0;594784
20220923;6200;6207;1;1;594792;"St·lky";0;1;7;1;1;0;594792
20220923;6200;6207;1;1;594806;"Star˝ Pet¯Ìn";0;1;7;1;1;0;594806
20220923;6200;6207;1;1;594814;"StoöÌkovice na Louce";0;1;5;1;1;0;594814
20220923;6200;6207;1;1;594822;"Strachotice";0;1;9;1;1;0;594822
20220923;6200;6207;1;1;594831;"St¯elice";0;1;5;1;1;0;594831
20220923;6200;6207;1;1;594849;"Suchohrdly u Miroslavi";0;1;9;1;1;0;594849
20220923;6200;6207;1;1;594865;"äafov";0;1;7;1;1;0;594865
20220923;6200;6207;1;1;594873;"äanov";0;1;15;1;1;0;594873
20220923;6200;6207;1;6;594881;"äatov";0;1;9;1;1;0;594881
20220923;6200;6207;1;6;594890;"ätÌtary";0;1;9;1;1;0;594890
20220923;6200;6203;1;1;594903;"äumice";0;1;7;1;1;0;594903
20220923;6200;6207;1;1;594911;"äumn·";0;1;9;1;1;0;594911
20220923;6200;6207;1;1;594920;"Tasovice";0;1;11;1;1;0;594920
20220923;6200;6207;1;1;594938;"TavÌkovice";0;1;7;2;1;0;594938
20220923;6200;6207;1;1;594946;"TÏöetice";0;1;7;1;1;0;594946
20220923;6200;6207;1;1;594954;"TrnovÈ Pole";0;1;7;1;1;0;594954
20220923;6200;6203;1;6;594962;"Troskotovice";0;1;9;1;1;0;594962
20220923;6200;6207;1;1;594971;"TrstÏnice";0;1;9;1;1;0;594971
20220923;6200;6207;1;1;594989;"Tuleöice";0;1;7;1;1;0;594989
20220923;6200;6207;1;1;594997;"Tvo¯ihr·z";0;1;7;1;1;0;594997
20220923;6200;6207;1;1;595004;"UherËice";0;1;9;1;1;0;595004
20220923;6200;6207;1;1;595012;"⁄jezd";0;1;5;1;1;0;595012
20220923;6200;6207;1;1;595021;"⁄nanov";0;1;15;1;1;0;595021
20220923;6200;6207;1;1;595039;"Valtrovice";0;1;7;1;1;0;595039
20220923;6200;6207;1;1;595047;"Vedrovice";0;1;9;1;1;0;595047
20220923;6200;6207;1;6;595055;"VÈmyslice";0;1;9;1;1;0;595055
20220923;6200;6207;1;1;595063;"VevËice";0;1;7;1;1;0;595063
20220923;6200;6207;1;6;595071;"ViöÚovÈ";0;1;11;1;1;0;595071
20220923;6200;6207;1;1;595080;"VÌtonice";0;1;7;1;1;0;595080
20220923;6200;6207;1;6;595098;"Vranov nad DyjÌ";0;1;15;1;1;0;595098
20220923;6200;6207;1;1;595101;"Vranovsk· Ves";0;1;7;1;1;0;595101
20220923;6200;6207;1;6;595110;"VratÏnÌn";0;1;9;1;1;0;595110
20220923;6200;6207;1;1;595128;"Vrbovec";0;1;15;2;1;0;595128
20220923;6200;6207;1;1;595136;"V˝rovice";0;1;7;1;1;0;595136
20220923;6200;6207;1;1;595144;"VysoËany";0;1;6;1;1;0;595144
20220923;6200;6207;1;1;595152;"Z·lesÌ";0;1;6;1;1;0;595152
20220923;6200;6207;1;1;595161;"Zblovice";0;1;7;1;1;0;595161
20220923;6200;6207;1;1;595179;"éeletice";0;1;5;1;1;0;595179
20220923;6200;6207;1;1;595187;"éerotice";0;1;7;1;1;0;595187
20220923;6200;6207;1;1;595195;"éer˘tky";0;1;5;1;1;0;595195
20220923;6100;6105;1;2;595209;"éÔ·r nad S·zavou";0;1;27;26;1;0;595209
20220923;6100;6105;1;1;595217;"Baliny";0;1;7;1;1;0;595217
20220923;6100;6105;1;1;595241;"Blaûkov";0;1;9;2;1;0;595241
20220923;6100;6105;1;1;595250;"BlÌzkov";0;1;9;1;1;0;595250
20220923;6100;6105;1;6;595268;"Bobrov·";0;1;15;1;1;0;595268
20220923;6100;6105;1;1;595276;"Bobr˘vka";0;1;7;1;1;0;595276
20220923;6100;6105;1;1;595284;"Bohdalec";0;1;9;1;1;0;595284
20220923;6100;6105;1;6;595292;"Bohdalov";0;1;11;2;1;0;595292
20220923;6100;6105;1;1;595306;"BohuÚov";0;1;7;1;1;0;595306
20220923;6200;6203;1;1;595314;"BoraË";0;1;7;1;1;0;595314
20220923;6100;6105;1;1;595322;"Borovnice";0;1;7;1;1;0;595322
20220923;6200;6203;1;1;595331;"BorovnÌk";0;1;7;1;1;0;595331
20220923;6100;6105;1;1;595349;"B¯ezejc";0;1;5;1;1;0;595349
20220923;6100;6105;1;1;595357;"B¯ezÌ";0;1;7;1;1;0;595357
20220923;6100;6105;1;1;595365;"B¯ezÌ nad Oslavou";0;1;7;1;1;0;595365
20220923;6100;6105;1;1;595381;"B¯ezskÈ";0;1;7;1;1;0;595381
20220923;6100;6105;1;1;595390;"BudeË";0;1;7;1;1;0;595390
20220923;6100;6105;1;1;595403;"Bukov";0;1;9;1;1;0;595403
20220923;6100;6105;1;2;595411;"Byst¯ice nad Pernötejnem";0;1;23;15;1;0;595411
20220923;6100;6105;1;1;595420;"B˝öovec";0;1;7;1;1;0;595420
20220923;6100;6105;1;1;595438;"»ern·";0;1;7;1;1;0;595438
20220923;6200;6203;1;1;595446;"»ernvÌr";0;1;7;1;1;0;595446
20220923;6100;6105;1;1;595454;"DaleËÌn";0;1;13;1;1;0;595454
20220923;6100;6105;1;1;595462;"DaÚkovice";0;1;9;1;1;0;595462
20220923;6100;6105;1;1;595471;"DlouhÈ";0;1;9;1;1;0;595471
20220923;6100;6105;1;1;595489;"Dobr· Voda";0;1;9;1;1;0;595489
20220923;6100;6105;1;1;595501;"DolnÌ He¯manice";0;1;9;1;1;0;595501
20220923;6100;6105;1;1;595519;"DolnÌ Libochov·";0;1;7;1;1;0;595519
20220923;6200;6203;1;1;595527;"DolnÌ LouËky";0;1;15;1;1;0;595527
20220923;6100;6105;1;1;595535;"DolnÌ RoûÌnka";0;1;15;1;1;0;595535
20220923;6200;6203;1;6;595551;"DoubravnÌk";0;1;15;1;1;0;595551
20220923;6200;6203;1;1;595560;"DrahonÌn";0;1;7;1;1;0;595560
20220923;6100;6105;1;1;595578;"Fryöava pod é·kovou horou";0;1;7;1;1;0;595578
20220923;6100;6105;1;1;595586;"Hamry nad S·zavou";0;1;15;1;1;0;595586
20220923;6100;6105;1;1;595594;"Her·lec";0;1;15;1;1;0;595594
20220923;6100;6105;1;1;595608;"He¯manov";0;1;9;1;1;0;595608
20220923;6100;6105;1;1;595624;"HodÌökov";0;1;5;1;1;0;595624
20220923;6100;6105;1;1;595641;"Bory";0;1;15;1;1;0;595641
20220923;6100;6105;1;1;595659;"HornÌ Libochov·";0;1;7;1;1;0;595659
20220923;6200;6203;1;1;595667;"HornÌ LouËky";0;1;9;1;1;0;595667
20220923;6100;6105;1;1;595675;"HornÌ Radslavice";0;1;5;1;1;0;595675
20220923;6100;6105;1;1;595683;"HornÌ RoûÌnka";0;1;5;1;1;0;595683
20220923;6100;6105;1;1;595705;"Chlum-Korouhvice";0;1;5;1;1;0;595705
20220923;6100;6105;1;1;595713;"Chlumek";0;1;7;1;1;0;595713
20220923;6100;6105;1;1;595721;"ChlumÏtÌn";0;1;7;1;1;0;595721
20220923;6100;6105;1;1;595730;"JabloÚov";0;1;7;1;1;0;595730
20220923;6100;6105;1;1;595748;"Javorek";0;1;9;1;1;0;595748
20220923;6100;6105;1;1;595756;"J·my";0;1;11;1;1;0;595756
20220923;6100;6105;1;6;595772;"Jimramov";0;1;15;2;1;0;595772
20220923;6100;6105;1;1;595802;"JÌvovÌ";0;1;7;1;1;0;595802
20220923;6100;6105;1;1;595811;"Kadolec";0;1;7;1;1;0;595811
20220923;6100;6105;1;1;595829;"Kadov";0;1;7;1;1;0;595829
20220923;6200;6203;1;1;595837;"Kaly";0;1;9;1;1;0;595837
20220923;6100;6105;1;1;595845;"Karlov";0;1;7;1;1;0;595845
20220923;6100;6105;1;1;595853;"KnÏûeves";0;1;7;1;1;0;595853
20220923;6100;6105;1;1;595861;"KorouûnÈ";0;1;7;1;1;0;595861
20220923;6100;6105;1;1;595870;"Kotlasy";0;1;7;1;1;0;595870
20220923;6100;6105;1;1;595888;"Kozlov";0;1;7;1;1;0;595888
20220923;6100;6105;1;1;595896;"Kr·snÈ";0;1;7;1;1;0;595896
20220923;6100;6105;1;1;595900;"Kr·snÏves";0;1;7;1;1;0;595900
20220923;6100;6105;1;1;595918;"K¯iû·nky";0;1;9;1;1;0;595918
20220923;6100;6105;1;6;595926;"K¯iûanov";0;1;15;1;1;0;595926
20220923;6200;6203;1;1;595934;"K¯iûÌnkov";0;1;9;1;1;0;595934
20220923;6100;6105;1;1;595951;"K¯ovÌ";0;1;15;1;1;0;595951
20220923;6100;6105;1;1;595969;"KuklÌk";0;1;9;1;1;0;595969
20220923;6100;6105;1;1;595977;"Kundratice";0;1;7;1;1;0;595977
20220923;6200;6203;1;1;595985;"Ku¯imsk· Nov· Ves";0;1;7;1;1;0;595985
20220923;6200;6203;1;1;595993;"Ku¯imskÈ Jest¯abÌ";0;1;9;1;1;0;595993
20220923;6100;6105;1;1;596001;"Kyjov";0;1;5;1;1;0;596001
20220923;6100;6105;1;1;596019;"LaviËky";0;1;7;1;1;0;596019
20220923;6100;6105;1;1;596035;"Lhotka";0;1;7;1;1;0;596035
20220923;6100;6105;1;1;596051;"LÌsek";0;1;7;1;1;0;596051
20220923;6100;6105;1;1;596060;"LÌön·";0;1;5;1;1;0;596060
20220923;6200;6203;1;1;596078;"LubnÈ";0;1;7;1;1;0;596078
20220923;6100;6105;1;1;596086;"Mal· Losenice";0;1;9;1;1;0;596086
20220923;6100;6105;1;1;596094;"Martinice";0;1;7;1;1;0;596094
20220923;6100;6105;1;1;596108;"MatÏjov";0;1;7;1;1;0;596108
20230325;6100;6105;1;1;596108;"MatÏjov";0;1;7;1;1;0;596108
20221115;6100;6105;1;1;596108;"MatÏjov";0;1;7;1;1;0;596108
20220923;6100;6105;1;6;596116;"MÏ¯Ìn";0;1;15;2;1;0;596116
20220923;6100;6105;1;1;596132;"Miroöov";0;1;7;1;1;0;596132
20220923;6100;6105;1;1;596141;"Moravec";0;1;9;1;1;0;596141
20220923;6100;6105;1;1;596159;"MoraveckÈ Pavlovice";0;1;5;1;1;0;596159
20220923;6200;6203;1;6;596175;"NedvÏdice";0;1;15;1;1;0;596175
20220923;6100;6105;1;1;596183;"NetÌn";0;1;9;1;1;0;596183
20220923;6200;6203;1;1;596191;"NÌhov";0;1;9;1;1;0;596191
20220923;6100;6105;1;1;596205;"NÌûkov";0;1;15;2;1;0;596205
20220923;6100;6105;1;1;596213;"Nov· Ves";0;1;7;1;1;0;596213
20220923;6100;6105;1;1;596221;"Nov· Ves u NovÈho MÏsta na MoravÏ";0;1;9;1;1;0;596221
20220923;6100;6105;1;2;596230;"NovÈ MÏsto na MoravÏ";0;1;23;15;1;0;596230
20220923;6100;6105;1;1;596248;"NovÈ Sady";0;1;7;1;1;0;596248
20220923;6100;6105;1;6;596256;"NovÈ VeselÌ";0;1;15;1;1;0;596256
20220923;6100;6105;1;1;596264;"Nov˝ Jimramov";0;1;7;1;1;0;596264
20220923;6100;6105;1;1;596272;"Nyklovice";0;1;7;1;1;0;596272
20220923;6100;6105;1;1;596281;"ObyËtov";0;1;7;1;1;0;596281
20220923;6200;6203;1;1;596302;"OlöÌ";0;1;7;1;1;0;596302
20220923;6100;6105;1;1;596329;"O¯echov";0;1;7;1;1;0;596329
20220923;6100;6105;1;1;596337;"Oslavice";0;1;9;1;1;0;596337
20220923;6100;6105;1;1;596345;"Osov· BÌt˝öka";0;1;13;1;1;0;596345
20220923;6100;6105;1;1;596353;"OsovÈ";0;1;7;1;1;0;596353
20220923;6100;6105;1;6;596361;"Ostrov nad Oslavou";0;1;11;1;1;0;596361
20220923;6100;6105;1;1;596370;"OtÌn";0;1;9;1;1;0;596370
20220923;6100;6105;1;1;596388;"PavlÌnov";0;1;9;1;1;0;596388
20220923;6100;6105;1;1;596396;"Pavlov";0;1;7;1;1;0;596396
20220923;6200;6203;1;1;596400;"PernötejnskÈ Jest¯abÌ";0;1;7;1;1;0;596400
20220923;6100;6105;1;1;596418;"Petr·veË";0;1;9;1;1;0;596418
20220923;6100;6105;1;1;596434;"PÌseËnÈ";0;1;7;1;1;0;596434
20220923;6100;6105;1;1;596442;"PoËÌtky";0;1;7;1;1;0;596442
20220923;6100;6105;1;1;596451;"PodÏöÌn";0;1;7;1;1;0;596451
20220923;6100;6105;1;1;596469;"PodolÌ";0;1;7;1;1;0;596469
20220923;6100;6105;1;1;596477;"Pokojov";0;1;7;1;1;0;596477
20220923;6100;6105;1;1;596485;"PolniËka";0;1;15;1;1;0;596485
20220923;6100;6105;1;1;596493;"ProsetÌn";0;1;15;3;1;0;596493
20220923;6100;6105;1;1;596507;"RaËice";0;1;5;1;1;0;596507
20220923;6100;6105;1;1;596515;"Radenice";0;1;7;1;1;0;596515
20220923;6100;6105;1;1;596523;"RadeöÌn";0;1;7;1;1;0;596523
20220923;6100;6105;1;1;596531;"RadeöÌnsk· Svratka";0;1;11;1;1;0;596531
20220923;6100;6105;1;1;596540;"RadÚoves";0;1;7;1;1;0;596540
20220923;6100;6105;1;1;596558;"RadÚovice";0;1;7;1;1;0;596558
20220923;6100;6105;1;1;596566;"RadostÌn";0;1;5;1;1;0;596566
20220923;6100;6105;1;6;596574;"RadostÌn nad Oslavou";0;1;15;1;1;0;596574
20220923;6200;6203;1;1;596582;"RojetÌn";0;1;5;1;1;0;596582
20220923;6100;6105;1;1;596604;"RousmÏrov";0;1;7;1;1;0;596604
20220923;6100;6105;1;1;596612;"RoveËnÈ";0;1;11;2;1;0;596612
20220923;6100;6105;1;1;596639;"RozseË";0;1;7;1;1;0;596639
20220923;6100;6105;1;1;596647;"Rozsochy";0;1;15;3;1;0;596647
20220923;6100;6105;1;1;596655;"Roûn·";0;1;15;1;1;0;596655
20220923;6100;6105;1;1;596663;"Ruda";0;1;7;1;1;0;596663
20220923;6100;6105;1;1;596671;"Rudolec";0;1;7;1;1;0;596671
20220923;6100;6105;1;1;596680;"ÿeËice";0;1;9;1;1;0;596680
20220923;6200;6203;1;1;596698;"ÿikonÌn";0;1;5;1;1;0;596698
20220923;6100;6105;1;1;596701;"S·zava";0;1;15;1;1;0;596701
20220923;6100;6105;1;1;596710;"Sej¯ek";0;1;5;1;1;0;596710
20220923;6100;6105;1;1;596728;"Sir·kov";0;1;7;1;1;0;596728
20220923;6100;6105;1;1;596736;"SklenÈ";0;1;7;1;1;0;596736
20230325;6100;6105;1;1;596744;"SklenÈ nad Oslavou";0;1;7;1;1;0;596744
20220923;6100;6105;1;1;596744;"SklenÈ nad Oslavou";0;1;7;1;1;0;596744
20220923;6100;6105;1;1;596752;"Skorotice";0;1;5;1;1;0;596752
20220923;6100;6105;1;1;596761;"Sk¯in·¯ov";0;1;7;1;1;0;596761
20220923;6100;6105;1;6;596787;"SnÏûnÈ";0;1;15;1;1;0;596787
20220923;6100;6105;1;1;596795;"SpÏlkov";0;1;5;1;1;0;596795
20220923;6100;6105;1;1;596809;"Strachujov";0;1;7;1;1;0;596809
20220923;6100;6105;1;1;596817;"Str·neck· Zho¯";0;1;11;2;1;0;596817
20220923;6100;6105;1;6;596825;"Str·ûek";0;1;15;3;1;0;596825
20220923;6100;6105;1;1;596833;"Sulkovec";0;1;7;1;1;0;596833
20220923;6100;6105;1;1;596841;"SvÏtnov";0;1;9;1;1;0;596841
20230325;6100;6105;1;1;596850;"Sviny";0;1;5;1;1;0;596850
20220923;6100;6105;1;1;596850;"Sviny";0;1;5;1;1;0;596850
20220923;6100;6105;1;2;596868;"Svratka";0;1;15;1;1;0;596868
20220923;6100;6105;1;1;596876;"äkrdlovice";0;1;15;1;1;0;596876
20220923;6100;6105;1;6;596884;"ätÏp·nov nad Svratkou";0;1;15;1;1;0;596884
20220923;6200;6203;1;1;596892;"Tiönovsk· Nov· Ves";0;1;7;1;1;0;596892
20220923;6100;6105;1;1;596906;"Uh¯Ìnov";0;1;7;1;1;0;596906
20220923;6100;6105;1;1;596914;"UjËov";0;1;9;1;1;0;596914
20220923;6100;6105;1;1;596922;"⁄jezd";0;1;7;1;1;0;596922
20220923;6100;6105;1;1;596931;"UnËÌn";0;1;9;1;1;0;596931
20220923;6100;6105;1;1;596949;"VatÌn";0;1;7;1;1;0;596949
20220923;6100;6105;1;1;596957;"VÏcov";0;1;15;5;1;0;596957
20220923;6100;6105;1;1;596965;"VÏchnov";0;1;5;1;1;0;596965
20220923;6100;6105;1;2;596973;"Velk· BÌteö";0;1;21;9;1;0;596973
20220923;6100;6105;1;1;596981;"Velk· Losenice";0;1;15;1;1;0;596981
20220923;6100;6105;1;1;596990;"VelkÈ Janovice";0;1;7;1;1;0;596990
20220923;6100;6105;1;2;597007;"VelkÈ Mezi¯ÌËÌ";0;1;23;12;1;0;597007
20220923;6100;6105;1;1;597015;"Vep¯ov·";0;1;9;1;1;0;597015
20220923;6100;6105;1;1;597031;"VÏstÌn";0;1;9;2;1;0;597031
20220923;6100;6105;1;1;597040;"VÏûn·";0;1;9;1;1;0;597040
20220923;6100;6105;1;1;597058;"VÌdeÚ";0;1;9;1;1;0;597058
20220923;6100;6105;1;1;597066;"VidonÌn";0;1;7;1;1;0;597066
20220923;6100;6105;1;1;597074;"VÌr";0;1;15;1;1;0;597074
20220923;6100;6105;1;1;597082;"Vlkov";0;1;9;1;1;0;597082
20220923;6100;6105;1;6;597091;"Vojn˘v MÏstec";0;1;15;1;1;0;597091
20220923;6200;6203;1;1;597104;"Vratisl·vka";0;1;7;1;1;0;597104
20220923;6100;6105;1;1;597112;"Z·blatÌ";0;1;7;1;1;0;597112
20220923;6100;6105;1;1;597121;"ZadnÌ Zho¯ec";0;1;9;1;1;0;597121
20220923;6100;6105;1;1;597139;"ZnÏtÌnek";0;1;7;1;1;0;597139
20220923;6100;6105;1;1;597147;"Zub¯Ì";0;1;9;1;1;0;597147
20220923;6100;6105;1;1;597155;"Zvole";0;1;11;3;1;0;597155
20220923;6100;6105;1;1;597163;"éd·nice";0;1;9;1;1;0;597163
20220923;6200;6203;1;1;597171;"éÔ·rec";0;1;7;1;1;0;597171
20220923;8100;8101;1;2;597180;"Brunt·l";0;1;27;18;1;0;597180
20220923;8100;8101;1;1;597198;"BÌlËice";0;1;7;1;1;0;597198
20230325;8100;8101;1;1;597198;"BÌlËice";0;1;7;1;1;0;597198
20220923;8100;8101;1;1;597201;"Bohuöov";0;1;7;1;1;0;597201
20220923;8100;8101;1;1;597210;"Brantice";0;1;9;2;1;0;597210
20220923;8100;8101;1;2;597228;"B¯idliËn·";0;1;15;4;1;0;597228
20220923;8100;8101;1;1;597252;"DÏt¯ichov nad Byst¯icÌ";0;1;9;1;1;0;597252
20220923;8100;8101;1;1;597287;"DolnÌ Moravice";0;1;9;1;1;0;597287
20220923;8100;8101;1;1;597317;"Dvorce";0;1;9;1;1;0;597317
20220923;8100;8101;1;1;597325;"He¯manovice";0;1;7;1;1;0;597325
20220923;8100;8101;1;1;597341;"HolËovice";0;1;9;1;1;0;597341
20220923;8100;8101;1;2;597350;"HornÌ Beneöov";0;1;15;3;1;0;597350
20220923;8100;8101;1;1;597368;"HornÌ MÏsto";0;1;11;2;1;0;597368
20220923;8100;8101;1;1;597392;"Hoöù·lkovy";0;1;7;2;1;0;597392
20220923;7100;7102;1;1;597414;"Huzov·";0;1;7;2;1;0;597414
20220923;8100;8101;1;2;597431;"Janov";0;1;5;1;1;0;597431
20220923;8100;8101;1;1;597449;"Jind¯ichov";0;1;11;1;1;0;597449
20220923;8100;8101;1;1;597457;"Ji¯Ìkov";0;1;9;1;1;0;597457
20220923;8100;8101;1;1;597473;"Karlova Stud·nka";0;1;7;1;1;0;597473
20220923;8100;8101;1;1;597481;"Karlovice";0;1;9;1;1;0;597481
20220923;8100;8101;1;1;597511;"Krasov";0;1;7;1;1;0;597511
20220923;8100;8101;1;2;597520;"Krnov";0;1;27;27;1;0;597520
20220923;8100;8101;1;1;597538;"K¯iöùanovice";0;1;7;1;1;0;597538
20220923;8100;8101;1;1;597546;"Leskovec nad MoravicÌ";0;1;9;1;1;0;597546
20220923;8100;8101;1;1;597554;"Lichnov";0;1;9;1;1;0;597554
20220923;8100;8101;1;1;597571;"LiptaÚ";0;1;9;1;1;0;597571
20220923;8100;8101;1;1;597589;"Lomnice";0;1;9;1;1;0;597589
20220923;8100;8101;1;1;597601;"Mal· Mor·vka";0;1;9;2;1;0;597601
20220923;8100;8101;1;2;597635;"MÏsto Albrechtice";0;1;15;4;1;0;597635
20220923;7100;7102;1;2;597678;"Moravsk˝ Beroun";0;1;15;6;1;0;597678
20220923;7100;7102;1;1;597686;"NorberËany";0;1;7;2;1;0;597686
20220923;8100;8101;1;1;597716;"Osoblaha";0;1;9;1;1;0;597716
20220923;8100;8101;1;1;597724;"Razov·";0;1;7;1;1;0;597724
20220923;8100;8101;1;1;597741;"Roudno";0;1;5;1;1;0;597741
20220923;8100;8101;1;1;597775;"RusÌn";0;1;5;1;1;0;597775
20220923;8100;8101;1;2;597783;"R˝ma¯ov";0;1;21;12;1;0;597783
20220923;8100;8101;1;1;597791;"RyûoviötÏ";0;1;9;1;1;0;597791
20220923;8100;8101;1;1;597813;"SlezskÈ Rudoltice";0;1;9;1;1;0;597813
20220923;8100;8105;1;1;597821;"Sosnov·";0;1;7;1;1;0;597821
20220923;8100;8101;1;1;597872;"SvÏtl· Hora";0;1;15;1;1;0;597872
20220923;8100;8101;1;1;597881;"SvobodnÈ He¯manice";0;1;7;1;1;0;597881
20220923;8100;8101;1;1;597899;"äirok· Niva";0;1;9;1;1;0;597899
20220923;8100;8101;1;1;597911;"T¯emeön·";0;1;9;1;1;0;597911
20220923;8100;8101;1;1;597937;"⁄valno";0;1;7;1;1;0;597937
20220923;8100;8101;1;1;597945;"V·clavov u Brunt·lu";0;1;7;1;1;0;597945
20220923;8100;8101;1;2;597961;"Vrbno pod PradÏdem";0;1;17;7;1;0;597961
20220923;8100;8101;1;1;597970;"Vysok·";0;1;7;1;1;0;597970
20220923;8100;8101;1;1;597988;"Z·tor";0;1;9;1;1;0;597988
20220923;7100;7101;1;2;597996;"ZlatÈ Hory";0;1;15;7;1;0;597996
20220923;8100;8102;1;3;598003;"Fr˝dek-MÌstek";0;1;43;57;1;0;598003
20220923;8100;8102;1;1;598011;"Baöka";0;1;15;3;1;0;598011
20220923;8100;8102;1;1;598020;"BÌl·";0;1;7;1;1;0;598020
20220923;8100;8102;1;2;598038;"Bruöperk";0;1;15;3;1;0;598038
20220923;8100;8102;1;1;598046;"Bruzovice";0;1;9;1;1;0;598046
20220923;8100;8102;1;1;598062;"Byst¯ice";0;1;15;5;1;0;598062
20220923;8100;8102;1;1;598071;"»eladn·";0;1;15;4;1;0;598071
20220923;8100;8102;1;1;598089;"Dobr·";0;1;15;2;1;0;598089
20220923;8100;8102;1;1;598101;"DolnÌ Domaslavice";0;1;15;1;1;0;598101
20220923;8100;8102;1;1;598135;"FryËovice";0;1;15;2;1;0;598135
20220923;8100;8102;1;2;598143;"Fr˝dlant nad OstravicÌ";0;1;21;10;1;0;598143
20220923;8100;8102;1;1;598160;"HnojnÌk";0;1;11;1;1;0;598160
20220923;8100;8103;1;1;598178;"HornÌ Bludovice";0;1;15;2;1;0;598178
20220923;8100;8102;1;1;598232;"HrËava";0;1;7;1;1;0;598232
20230916;8100;8102;1;1;598232;"HrËava";0;1;7;1;1;0;598232
20230218;8100;8102;1;1;598232;"HrËava";0;1;7;1;3;0;598232
20220923;2100;2107;1;1;598241;"PÏtikozly";0;1;5;1;1;0;598241
20220923;8100;8102;1;2;598259;"Jablunkov";0;1;21;5;1;0;598259
20220923;2100;2109;1;1;598267;"Modletice";0;1;7;1;1;0;598267
20220923;8100;8102;1;1;598275;"KaÚovice";0;1;7;1;1;0;598275
20220923;2100;2109;1;1;598283;"Sedlec";0;1;7;1;1;0;598283
20220923;2100;2106;1;1;598291;"»akoviËky";0;1;7;1;1;0;598291
20220923;2100;2109;1;1;598305;"SvÈmyslice";0;1;7;1;1;0;598305
20220923;2100;2110;1;1;598313;"Trnov·";0;1;7;1;1;0;598313
20220923;8100;8102;1;1;598321;"Kozlovice";0;1;15;3;1;0;598321
20220923;2100;2111;1;1;598330;"Tuöovice";0;1;7;1;1;0;598330
20220923;8100;8102;1;1;598348;"KrmelÌn";0;1;15;2;1;0;598348
20220923;8100;8102;1;1;598356;"KunËice pod Ond¯ejnÌkem";0;1;15;2;1;0;598356
20220923;8100;8102;1;1;598364;"Lhotka";0;1;7;1;1;0;598364
20220923;2100;2111;1;1;598372;"Ostrov";0;1;7;1;1;0;598372
20220923;2100;2111;1;1;598381;"Dubenec";0;1;7;1;1;0;598381
20220923;8100;8102;1;1;598399;"LuËina";0;1;15;1;1;0;598399
20220923;2100;2111;1;1;598402;"H·je";0;1;7;1;1;0;598402
20220923;2100;2111;1;1;598411;"Lhota u P¯ÌbramÏ";0;1;7;1;1;0;598411
20220923;2100;2111;1;1;598429;"TrhovÈ DuönÌky";0;1;7;1;1;0;598429
20220923;2100;2111;1;1;598437;"Vöevily";0;1;7;1;1;0;598437
20220923;8100;8102;1;1;598445;"Mor·vka";0;1;7;1;1;0;598445
20220923;8100;8102;1;1;598453;"Mosty u Jablunkova";0;1;11;3;1;0;598453
20220923;2100;2111;1;1;598461;"KÚovice";0;1;7;1;1;0;598461
20220923;2100;2111;1;1;598470;"OseËany";0;1;9;1;1;0;598470
20220923;2100;2111;1;1;598488;"RadÌË";0;1;9;1;1;0;598488
20220923;2100;2112;1;1;598496;"äÌpy";0;1;7;1;1;0;598496
20220923;2100;2112;1;1;598500;"Krty";0;1;5;1;1;0;598500
20220923;2100;2112;1;1;598518;"éÔ·r";0;1;5;1;1;0;598518
20220923;2100;2112;1;1;598526;"Roztoky";0;1;9;1;1;0;598526
20220923;8100;8102;1;1;598542;"Ostravice";0;1;15;2;1;0;598542
20220923;8100;8102;1;1;598551;"Palkovice";0;1;15;3;1;0;598551
20220923;8100;8102;1;2;598569;"Paskov";0;1;21;4;1;0;598569
20220923;2100;2112;1;1;598577;"P¯erubenice";0;1;7;1;1;0;598577
20220923;2100;2112;1;1;598585;"Nezabudice";0;1;5;1;1;0;598585
20220923;3100;3101;1;1;598593;"He¯maÚ";0;1;7;1;1;0;598593
20220923;3100;3101;1;1;598607;"Hlincov· Hora";0;1;7;1;1;0;598607
20220923;3100;3101;1;1;598615;"Modr· H˘rka";0;1;5;1;1;0;598615
20220923;3100;3102;1;1;598623;"MojnÈ";0;1;7;1;1;0;598623
20220923;3100;3103;1;1;598631;"Kamenn˝ MalÌkov";0;1;5;1;1;0;598631
20250614;3100;3103;1;1;598631;"Kamenn˝ MalÌkov";0;1;5;1;1;0;598631
20220923;3100;3103;1;1;598640;"VlËetÌnec";0;1;5;1;1;0;598640
20220923;3100;3103;1;1;598658;"HornÌ Mezi¯ÌËko";0;1;5;1;1;0;598658
20220923;6100;6103;1;1;598666;"Zl·tenka";0;1;7;1;1;0;598666
20220923;8100;8102;1;1;598674;"SedliötÏ";0;1;11;1;1;0;598674
20220923;8100;8102;1;1;598691;"Hukvaldy";0;1;15;2;1;0;598691
20220923;6100;6103;1;1;598704;"»Ìûkov";0;1;7;1;1;0;598704
20220923;6100;6103;1;1;598712;"KojËice";0;1;7;1;1;0;598712
20220923;6100;6103;1;1;598721;"Libkova Voda";0;1;7;1;1;0;598721
20220923;8100;8106;1;1;598739;"Star· Ves nad Ond¯ejnicÌ";0;1;15;3;1;0;598739
20220923;8100;8102;1;1;598747;"StarÈ Hamry";0;1;7;1;1;0;598747
20220923;6100;6103;1;1;598755;"Putimov";0;1;7;1;1;0;598755
20220923;6100;6103;1;1;598763;"SvÈpravice";0;1;7;1;1;0;598763
20220923;6100;6103;1;1;598771;"Syrov";0;1;7;1;1;0;598771
20220923;3100;3104;1;1;598780;"Borovany";0;1;7;1;1;0;598780
20230325;3100;3104;1;1;598780;"Borovany";0;1;7;1;1;0;598780
20220923;8100;8106;1;2;598798;"äenov";0;1;17;4;1;0;598798
20220923;3100;3104;1;1;598801;"KvÏtov";0;1;7;1;1;0;598801
20220923;8100;8102;1;3;598810;"T¯inec";0;1;33;38;1;0;598810
20220923;3100;3104;1;1;598828;"Osek";0;1;9;1;1;0;598828
20220923;8100;8106;1;1;598836;"V·clavovice";0;1;15;1;1;0;598836
20220923;3100;3104;1;1;598844;"Vlastec";0;1;5;1;1;0;598844
20220923;3100;3104;1;1;598852;"Vlksice";0;1;7;1;1;0;598852
20220923;3100;3104;1;1;598861;"éÔ·r";0;1;7;1;1;0;598861
20220923;8100;8106;1;2;598879;"Vratimov";0;1;17;5;1;0;598879
20220923;3100;3106;1;1;598887;"Pivkovice";0;1;7;1;1;0;598887
20220923;3100;3106;1;1;598895;"BezdÏdovice";0;1;7;1;1;0;598895
20220923;3100;3106;1;1;598909;"Sk·ly";0;1;6;1;1;0;598909
20240323;3100;3106;1;1;598909;"Sk·ly";0;1;6;1;1;0;598909
20220923;8100;8103;1;3;598917;"Karvin·";0;1;41;59;1;0;598917
20220923;8100;8103;1;1;598925;"Albrechtice";0;1;15;3;1;0;598925
20220923;8100;8103;1;2;598933;"»esk˝ TÏöÌn";0;1;27;23;1;0;598933
20220923;8100;8103;1;1;598941;"DÏtmarovice";0;1;15;4;1;0;598941
20220923;3100;3106;1;1;598950;"Laû·nky";0;1;7;1;1;0;598950
20220923;8100;8103;1;1;598968;"DolnÌ LutynÏ";0;1;15;5;1;0;598968
20220923;3100;3101;1;1;598976;"»enkov u BechynÏ";0;1;7;1;1;0;598976
20230916;3100;3107;1;1;598992;"HodÏtÌn";0;1;7;1;1;0;598992
20220923;3100;3107;1;1;598992;"HodÏtÌn";0;1;7;1;1;0;598992
20220923;3100;3107;1;1;599000;"Z·ho¯Ì";0;1;7;1;1;0;599000
20220923;3100;3107;1;1;599026;"Slapsko";0;1;7;1;1;0;599026
20220923;3100;3107;1;1;599034;"Zho¯ u MladÈ Voûice";0;1;7;1;1;0;599034
20220923;3100;3107;1;1;599042;"Slapy";0;1;9;1;1;0;599042
20220923;8100;8103;1;2;599051;"BohumÌn";0;1;23;19;1;0;599051
20220923;8100;8103;1;2;599069;"Orlov·";0;1;31;30;1;0;599069
20220923;8100;8103;1;1;599077;"Petrovice u KarvinÈ";0;1;21;5;1;0;599077
20220923;8100;8103;1;2;599085;"Pet¯vald";0;1;15;6;1;0;599085
20220923;8100;8103;1;2;599107;"Rychvald";0;1;15;7;1;0;599107
20220923;3100;3107;1;1;599115;"ÿÌpec";0;1;7;1;1;0;599115
20220923;3100;3107;1;1;599123;"⁄straöice";0;1;7;1;1;0;599123
20220923;3200;3201;1;1;599131;"Nov· Ves";0;1;7;1;1;0;599131
20220923;8100;8103;1;1;599140;"Stonava";0;1;7;1;1;0;599140
20220923;8100;8103;1;1;599158;"TÏrlicko";0;1;15;4;1;0;599158
20220923;3200;3201;1;1;599166;"NÏmËice";0;1;7;1;1;0;599166
20220923;3200;3201;1;1;599174;"MoËerady";0;1;7;1;1;0;599174
20220923;3200;3201;1;1;599182;"Pa¯ezov";0;1;7;1;1;0;599182
20220923;8100;8104;1;2;599191;"Nov˝ JiËÌn";0;1;29;22;1;0;599191
20220923;2100;2111;1;1;599204;"KorkynÏ";0;1;9;1;1;0;599204
20220923;8100;8104;1;1;599212;"Bartoöovice";0;1;15;2;1;0;599212
20220923;2100;2109;1;1;599221;"PopoviËky";0;1;7;1;1;0;599221
20220923;6100;6103;1;1;599239;"Vokov";0;1;7;1;1;0;599239
20220923;8100;8104;1;2;599247;"BÌlovec";0;1;15;8;1;0;599247
20220923;3100;3107;1;1;599255;"Mezn·";0;1;7;1;1;0;599255
20220923;3100;3107;1;1;599263;"SedleËko u SobÏslavÏ";0;1;9;1;1;0;599263
20220923;3100;3107;1;1;599271;"Zlukov";0;1;7;1;1;0;599271
20220923;3100;3107;1;1;599280;"Kom·rov";0;1;7;1;1;0;599280
20220923;2100;2111;1;1;599298;"Drahenice";0;1;7;1;1;0;599298
20220923;2100;2104;1;1;599301;"»ernÌky";0;1;5;1;1;0;599301
20220923;8100;8104;1;2;599344;"Frenöt·t pod RadhoötÏm";0;1;21;10;1;0;599344
20220923;8100;8104;1;2;599352;"Fulnek";0;1;15;11;1;0;599352
20220923;2100;2101;1;1;599361;"Strojetice";0;1;7;1;1;0;599361
20220923;2100;2101;1;1;599379;"Strann˝";0;1;9;1;1;0;599379
20220923;2100;2101;1;1;599387;"Soutice";0;1;7;1;1;0;599387
20220923;2100;2101;1;1;599395;"Ostrov";0;1;5;1;1;0;599395
20220923;8100;8104;1;1;599409;"Hodslavice";0;1;15;1;1;0;599409
20220923;2100;2102;1;1;599417;"éelezn·";0;1;7;1;1;0;599417
20220923;2100;2103;1;1;599425;"éelenice";0;1;7;1;1;0;599425
20220923;2100;2103;1;1;599433;"Sv·rov";0;1;7;1;1;0;599433
20220923;2100;2103;1;1;599441;"Stradonice";0;1;7;1;1;0;599441
20220923;2100;2104;1;1;599450;"Grunta";0;1;7;1;1;0;599450
20220923;8100;8104;1;1;599468;"JesenÌk nad Odrou";0;1;15;4;1;0;599468
20220923;2100;2104;1;1;599476;"CÌrkvice";0;1;5;1;1;0;599476
20220923;2100;2104;1;1;599484;"Krychnov";0;1;5;1;1;0;599484
20220923;2100;2106;1;1;599492;"⁄jezdec";0;1;7;1;1;0;599492
20220923;8100;8104;1;1;599506;"JistebnÌk";0;1;15;1;1;0;599506
20220923;2100;2107;1;1;599514;"B¯ezovice";0;1;5;1;1;0;599514
20220923;2100;2107;1;1;599522;"HusÌ Lhota";0;1;7;1;1;0;599522
20220923;2100;2107;1;1;599531;"HornÌ Slivno";0;1;9;1;1;0;599531
20220923;8100;8106;1;2;599549;"Klimkovice";0;1;17;4;1;0;599549
20220923;2100;2107;1;1;599557;"Koryta";0;1;7;1;1;0;599557
20220923;8100;8104;1;2;599565;"Kop¯ivnice";0;1;21;21;1;0;599565
20220923;2100;2107;1;1;599573;"Sezemice";0;1;7;1;1;0;599573
20220923;2100;2108;1;1;599581;"Ji¯ice";0;1;7;1;1;0;599581
20230325;2100;2108;1;1;599590;"Podmoky";0;1;7;1;1;0;599590
20220923;2100;2108;1;1;599590;"Podmoky";0;1;7;1;1;0;599590
20230916;2100;2108;1;1;599590;"Podmoky";0;1;7;1;1;0;599590
20220923;8100;8104;1;1;599603;"Lichnov";0;1;15;1;1;0;599603
20220923;2100;2108;1;1;599611;"Vrbice";0;1;7;1;1;0;599611
20220923;2100;2108;1;1;599620;"Chleby";0;1;7;1;1;0;599620
20220923;2100;2108;1;1;599638;"Hrub˝ JesenÌk";0;1;7;1;1;0;599638
20220923;8100;8104;1;1;599646;"LubomÏ¯";0;1;7;1;1;0;599646
20220923;2100;2108;1;1;599654;"Nov˝ Dv˘r";0;1;7;1;1;0;599654
20220923;2100;2108;1;1;599662;"OseËek";0;1;7;1;1;0;599662
20220923;2100;2108;1;1;599671;"»ilec";0;1;5;1;1;0;599671
20220923;8100;8104;1;1;599689;"Mo¯kov";0;1;15;2;1;0;599689
20220923;2100;2108;1;1;599697;"ZboûÌËko";0;1;7;1;1;0;599697
20220923;8100;8104;1;2;599701;"Odry";0;1;19;12;1;0;599701
20220923;2100;2109;1;1;599719;"Tehovec";0;1;7;1;1;0;599719
20220923;2100;2110;1;1;599727;"KarlÌk";0;1;7;1;1;0;599727
20220923;2100;2110;1;1;599735;"B¯ezov·-Oleöko";0;1;9;1;1;0;599735
20220923;8100;8104;1;1;599743;"Pet¯vald";0;1;15;2;1;0;599743
20220923;2100;2111;1;1;599751;"Mod¯ovice";0;1;5;1;1;0;599751
20220923;2100;2112;1;1;599760;"RaËice";0;1;5;1;1;0;599760
20220923;3100;3101;1;1;599778;"Z·vraty";0;1;7;1;1;0;599778
20220923;8100;8104;1;2;599808;"P¯Ìbor";0;1;21;10;1;0;599808
20220923;8100;8104;1;1;599832;"Sedlnice";0;1;15;1;1;0;599832
20220923;8100;8104;1;6;599867;"Sp·lov";0;1;7;1;1;0;599867
20220923;8100;8104;1;1;599905;"Star˝ JiËÌn";0;1;15;8;1;0;599905
20220923;8100;8104;1;2;599921;"StudÈnka";0;1;21;8;1;0;599921
20220923;8100;8104;1;6;599930;"Suchdol nad Odrou";0;1;15;2;1;0;599930
20220923;8100;8104;1;2;599948;"ätramberk";0;1;15;4;1;0;599948
20220923;8100;8104;1;1;599956;"Tich·";0;1;11;1;1;0;599956
20220923;8100;8104;1;1;599964;"TÌsek";0;1;9;1;1;0;599964
20220923;8100;8104;1;1;599999;"Trojanovice";0;1;11;2;1;0;599999
