NAZEVZAST;KODZASTUP;NADRZASTUP
Želechovice nad Dřevnicí;500011;500011
Petrov nad Desnou;500020;500020
Libhošť;500046;500046
Praha 1;500054;554782
Krhová;500062;500062
Poličná;500071;500071
Praha 2;500089;554782
Praha 3;500097;554782
Bražec;500101;500101
Praha 4;500119;554782
Doupovské Hradiště;500127;500127
Kozlov;500135;500135
Praha 5;500143;554782
Luboměř pod Strážnou;500151;500151
Město Libavá;500160;500160
Praha 6;500178;554782
Praha 7;500186;554782
Polná na Šumavě;500194;500194
Praha 8;500208;554782
Praha 9;500216;554782
Praha 10;500224;554782
Veřovice;500259;500259
Vřesina;500291;500291
Olomouc;500496;500496
Bělkovice-Lašťany;500526;500526
Bílá Lhota;500623;500623
Blatec;500801;500801
Bohuňovice;500852;500852
Bouzov;500861;500861
Bystročice;500879;500879
Ústí nad Labem-Severní Terasa;501298;554804
Dlouhá Loučka;501476;501476
Dolany;501646;501646
Drahanovice;501751;501751
Dub nad Moravou;501794;501794
Grygov;501841;501841
Ústí nad Labem-Neštěmice;502081;554804
Hlubočky;502146;502146
Hněvotín;502235;502235
Ústí nad Labem-Střekov;502316;554804
Hnojice;502405;502405
Horka nad Moravou;502545;502545
Cholina;502839;502839
Jívová;503142;503142
Kožušany-Tážaly;503304;503304
Žitovlice;503410;503410
Litovel;503444;503444
Luká;503622;503622
Lutín;503657;503657
Majetín;503738;503738
Kostelec;503916;503916
Mladeč;504246;504246
Dřenice;504301;504301
Náklo;504441;504441
Náměšť na Hané;504505;504505
Paseka;504785;504785
Lány;504807;504807
Třibřichy;504921;504921
Dvakačovice;504955;504955
Bítovany;505005;505005
Příkazy;505013;505013
Dolní Bezděkov;505030;505030
Senice na Hané;505081;505081
Červená Hora;505099;505099
Slatinice;505111;505111
Březová nad Svitavou;505145;505145
Štěpánov;505161;505161
Šternberk;505188;505188
Šumvald;505218;505218
Těšetice;505269;505269
Troubelice;505293;505293
Tršice;505366;505366
Bělá u Jevíčka;505391;505391
Újezd;505501;505501
Jenčice;505528;505528
Uničov;505587;505587
Velká Bystřice;505609;505609
Velký Týnec;505650;505650
Velký Újezd;505668;505668
Zápy;505781;505781
Žerotín;505862;505862
Opava;505927;
Bohuslavice;506192;506192
Bolatice;506214;506214
Brumovice;506320;506320
Březová;506451;506451
Budišov nad Budišovkou;506460;506460
Boží Dar;506486;506486
Nové Hamry;506494;506494
Čichalov;506621;506621
Skořice;506664;506664
Otmarov;506699;506699
Dolní Benešov;506702;506702
Dolní Lhota;506711;506711
Dvorce;506729;506729
Chvalčov;506737;506737
Háj ve Slezsku;506753;506753
Alojzov;506761;506761
Seloutky;506770;506770
Hlučín;507016;507016
Nýdek;507091;507091
Hněvošice;507105;507105
Holasovice;507113;507113
Pržno;507181;507181
Komorní Lhotka;507237;507237
Hrabyně;507261;507261
Hradec nad Moravicí;507270;507270
Chuchelná;507334;507334
Jakartovice;507377;507377
Janovice;507423;507423
Košařiska;507458;507458
Kobeřice;507504;507504
Milíkov;507547;507547
Kravaře;507580;507580
Doňov;507610;507610
Pleše;507628;507628
Újezdec;507644;507644
Višňová;507652;507652
Záhoří;507695;507695
Peč;507717;507717
Březina;507733;507733
Ratiboř;507784;507784
Litultovice;507920;507920
Ludgeřovice;507971;507971
Roseč;508004;508004
Markvartovice;508128;508128
Melč;508144;508144
Střížovice;508152;508152
Kostelní Vydří;508357;508357
Mokré Lazce;508373;508373
Lužnice;508501;508501
Záblatí;508683;508683
Plavsko;509078;509078
Kostelní Radouň;509108;509108
Červený Hrádek;509116;509116
Dvory nad Lužnicí;509141;509141
Cep;509191;509191
Arneštovice;509388;509388
Bořetín;509418;509418
Oldřišov;509574;509574
Otice;509612;509612
Předotice;509621;509621
Píšť;509647;509647
Pustá Polom;509736;509736
Křižanov;509752;509752
Raduň;509841;509841
Čečelovice;510068;510068
Skřipov;510131;510131
Slavkov;510289;510289
Služovice;510297;510297
Stěbořice;510343;510343
Sudice;510378;510378
Šilheřovice;510432;510432
Štěpánkovice;510483;510483
Štítina;510491;510491
Láz;510556;510556
Kojatín;510645;510645
Velká Polom;510882;510882
Velké Heraltice;510891;510891
Velké Hoštice;510939;510939
Ocmanice;510980;510980
Vítkov;511021;511021
Sedlec;511081;511081
Vršovice;511161;511161
Vícenice u Náměště nad Oslavou;511242;511242
Rácovice;511307;511307
Přerov;511382;511382
Oslavička;511412;511412
Josefov;511587;511587
Bocanovice;511633;511633
Bukovec;511935;511935
Dolní Lomná;511951;511951
Horní Lomná;511986;511986
Písek;512028;512028
Hrádek;512176;512176
Metylovice;512184;512184
Horní Domaslavice;512192;512192
Bělotín;512231;512231
Beňov;512281;512281
Bezuchov;512401;512401
Bochoř;512532;512532
Těškovice;512745;512745
Brodek u Přerova;512800;512800
Buk;512826;512826
Strahovice;512869;512869
Býškovice;512877;512877
Nové Lublice;512893;512893
Kyjovice;512907;512907
Chlebičov;512923;512923
Bělá;512974;512974
Citov;512982;512982
Drnek;512991;512991
Kamenný Most;513032;513032
Lhota;513041;513041
Čelechovice;513059;513059
Černotín;513067;513067
Hobšovice;513075;513075
Dobrčice;513105;513105
Malé Přítočno;513113;513113
Dolany;513130;513130
Polní Voděrady;513148;513148
Ždánice;513164;513164
Dománovice;513181;513181
Dolní Újezd;513199;513199
Zalešany;513202;513202
Domaželice;513211;513211
Dřevohostice;513229;513229
Polní Chrčice;513237;513237
Žabonosy;513261;513261
Lipec;513270;513270
Mrzky;513288;513288
Přehvozdí;513369;513369
Přistoupim;513393;513393
Kbel;513415;513415
Pašinka;513423;513423
Pašinka;513423;513423
Pašinka;513423;513423
Chýnice;513431;513431
Vestec;513458;513458
Vysoký Újezd;513482;513482
Horní Moštěnice;513491;513491
Dlouhá Lhota;513504;513504
Zduchovice;513512;513512
Lešetice;513521;513521
Velká Lečice;513539;513539
Příčovy;513547;513547
Kotenčice;513555;513555
Občov;513571;513571
Hudčice;513580;513580
Klokočná;513628;513628
Hrabůvka;513636;513636
Zlatá;513644;513644
Nová Ves;513661;513661
Horní Smržov;513695;513695
Roubanina;513709;513709
Urbanice;513717;513717
Hradčany;513733;513733
Hranice;513750;513750
Hustopeče nad Bečvou;513768;513768
Jindřichov;513873;513873
Skalka u Doks;513890;513890
Klokočí;514047;514047
Kojetín;514055;514055
Kokory;514152;514152
Luka;514161;514161
Ždírec;514195;514195
Ždírec;514195;514195
Ždírec;514195;514195
Pertoltice pod Ralskem;514276;514276
Lazníčky;514446;514446
Lazníky;514471;514471
Lhota;514497;514497
Lhotka;514527;514527
Lipník nad Bečvou;514705;514705
Lipová;514772;514772
Líšná;514802;514802
Líšná;514802;514802
Lobodice;515191;515191
Malhotice;515329;515329
Milenov;515418;515418
Milotice nad Bečvou;515477;515477
Nelešovice;515787;515787
Oldřichov;515825;515825
Opatovice;516201;516201
Oprostovice;516350;516350
Osek nad Bečvou;516619;516619
Paršovice;516635;516635
Partutovice;516686;516686
Pavlovice u Přerova;516694;516694
Podolí;516864;516864
Polkovice;516899;516899
Polom;516911;516911
Potštát;517101;517101
Prosenice;517151;517151
Provodovice;517208;517208
Přestavlky;517224;517224
Přestavlky;517224;517224
Radíkov;517275;517275
Radkova Lhota;517321;517321
Radkovy;517437;517437
Radotín;517445;517445
Radslavice;517534;517534
Radvanice;517569;517569
Rakov;517585;517585
Rokytnice;517607;517607
Rouské;517615;517615
Říkovice;517666;517666
Skalička;517747;517747
Sobíšky;517836;517836
Soběchleby;517844;517844
Stará Ves;517887;517887
Střítež nad Ludinou;517909;517909
Sušice;518026;518026
Teplice nad Bečvou;519031;519031
Tovačov;519146;519146
Troubky;519651;519651
Tučín;520047;520047
Ústí;520306;520306
Veselíčko;520420;520420
Všechovice;521531;521531
Zámrsky;522775;522775
Žákovice;523453;523453
Želatovice;523640;523640
Šumperk;523704;523704
Bělá pod Pradědem;523917;523917
Bernartice;524891;524891
Bílá Voda;525227;525227
Bludov;525588;525588
Bohdíkov;525804;525804
Bohuslavice;525880;525880
Bohutín;525979;525979
Branná;526169;526169
Rohozec;526622;526622
Podveky;528196;528196
Benešov;529303;529303
Bystřice;529451;529451
Čakov;529478;529478
Čechtice;529486;529486
Čerčany;529516;529516
Čejkovice;529524;529524
Červený Újezd;529532;529532
Český Šternberk;529541;529541
Dobrovítov;529559;529559
Čtyřkoly;529567;529567
Medonosy;529575;529575
Tupadly;529583;529583
Sedlec;529591;529591
Rokytá;529605;529605
Josefův Důl;529613;529613
Divišov;529621;529621
Kostomlátky;529630;529630
Dolní Kralovice;529648;529648
Pětihosty;529656;529656
Těchařovice;529664;529664
Bezděkov pod Třemšínem;529672;529672
Koupě;529681;529681
Velká Chmelištná;529699;529699
Heřmaničky;529702;529702
Drahouš;529711;529711
Kvítkovice;529729;529729
Hulice;529737;529737
Hvězdonice;529745;529745
Dívčí Kopy;529753;529753
Žďár;529761;529761
Chlum;529770;529770
Chmelná;529788;529788
Chocerady;529796;529796
Chotýšany;529818;529818
Čelistná;529826;529826
Mezná;529834;529834
Jankov;529842;529842
Javorník;529851;529851
Důl;529869;529869
Okrouhlá;529877;529877
Stehlovice;529885;529885
Nicov;529893;529893
Keblov;529907;529907
Vrbice;529915;529915
Žárovná;529923;529923
Kondrac;529931;529931
Kozmice;529940;529940
Krhanice;529958;529958
Buzice;529966;529966
Krňany;529974;529974
Chlum;529982;529982
Křečovice;529991;529991
Křivsoudov;530000;530000
Březí;530018;530018
Kuňovice;530026;530026
Stožice;530034;530034
Katov;530042;530042
Lešany;530051;530051
Libež;530069;530069
Bukovník;530085;530085
Loket;530093;530093
Louňovice pod Blaníkem;530107;530107
Maršovice;530115;530115
Dobršín;530123;530123
Přestavlky;530131;530131
Milínov;530140;530140
Mezno;530158;530158
Miličín;530166;530166
Miřetice;530174;530174
Žákava;530182;530182
Mnichovice;530191;530191
Mrač;530204;530204
Načeradec;530212;530212
Hněvnice;530221;530221
Bílov;530239;530239
Potvorov;530247;530247
Nespeky;530263;530263
Sedlec;530271;530271
Vysoká Libyně;530280;530280
Netvořice;530298;530298
Neustupov;530301;530301
Neveklov;530310;530310
Čerňovice;530328;530328
Pláně;530336;530336
Olbramovice;530344;530344
Ostředek;530352;530352
Kařízek;530361;530361
Drahoňův Újezd;530379;530379
Radvanec;530387;530387
Janská;530395;530395
Petroupim;530409;530409
Doubice;530417;530417
Dalešice;530425;530425
Kunratice;530433;530433
Poříčí nad Sázavou;530441;530441
Postupice;530450;530450
Dlouhý Most;530468;530468
Pravonín;530476;530476
Jeřmanice;530484;530484
Přestavlky u Čerčan;530492;530492
Miřejovice;530506;530506
Psáře;530514;530514
Rabyně;530522;530522
Radošovice;530531;530531
Rataje;530549;530549
Kozly;530557;530557
Želkovice;530565;530565
Sedlec-Prčice;530573;530573
Čeradice;530581;530581
Libočany;530590;530590
Zálužice;530603;530603
Smilkov;530611;530611
Přestanov;530620;530620
Soběhrdy;530638;530638
Hurtova Lhota;530646;530646
Vysoká;530654;530654
Ždírec;530662;530662
Pšánky;530671;530671
Struhařov;530689;530689
Úherčice;530697;530697
Střezimíř;530701;530701
Studený;530719;530719
Brníčko;530727;530727
Staré Hrady;530735;530735
Bílkovice;530743;530743
Tehov;530751;530751
Teplýšovice;530760;530760
Tichonice;530778;530778
Říkov;530786;530786
Trnávka;530794;530794
Královec;530808;530808
Trhový Štěpánov;530816;530816
Velenov;530824;530824
Brambory;530832;530832
Týnec nad Sázavou;530841;530841
Semtěš;530859;530859
Veliš;530867;530867
Starkoč;530875;530875
Vlašim;530883;530883
Vojkov;530891;530891
Votice;530905;530905
Vracovice;530913;530913
Vranov;530921;530921
Štipoklasy;530930;530930
Vrchotovy Janovice;530948;530948
Opatovice I;530956;530956
Bludov;530964;530964
Třebětín;530972;530972
Třebešice;530981;530981
Močovice;530999;530999
Ludíkov;531006;531006
Vodranty;531014;531014
Zdislavice;531022;531022
Kamberk;531031;531031
Zvěstov;531049;531049
Beroun;531057;531057
Souňov;531065;531065
Běštín;531073;531073
Broumy;531081;531081
Březová;531090;531090
Bubovice;531103;531103
Bernardov;531111;531111
Bzová;531120;531120
Cerhovice;531138;531138
Drahelčice;531146;531146
Drozdov;531154;531154
Felbabka;531162;531162
Hlásná Třebaň;531171;531171
Hořovice;531189;531189
Hlízov;531197;531197
Hostomice;531201;531201
Hředle;531219;531219
Hudlice;531227;531227
Hvozdec;531235;531235
Hýskov;531243;531243
Chaloupky;531251;531251
Dolní Pohleď;531260;531260
Dolní Pohleď;531260;531260
Paběnice;531278;531278
Bratčice;531286;531286
Chyňava;531294;531294
Jivina;531308;531308
Karlštejn;531316;531316
Komárov;531324;531324
Koněprusy;531332;531332
Drobovice;531341;531341
Horky;531359;531359
Adamov;531367;531367
Adamov;531367;531367
Kublov;531375;531375
Schořov;531383;531383
Sudějov;531391;531391
Kobylnice;531405;531405
Hraběšín;531413;531413
Šebestěnice;531421;531421
Horka I;531430;531430
Libomyšl;531448;531448
Liteň;531456;531456
Loděnice;531464;531464
Lochovice;531472;531472
Horušice;531481;531481
Hostín;531499;531499
Liblice;531502;531502
Zlončice;531511;531511
Měňany;531529;531529
Mezouň;531537;531537
Mořina;531545;531545
Konětopy;531553;531553
Tuhaň;531561;531561
Dobřeň;531570;531570
Neumětely;531588;531588
Nižbor;531596;531596
Nový Jáchymov;531600;531600
Nučice;531618;531618
Olešná;531626;531626
Osek;531634;531634
Osov;531642;531642
Kanina;531651;531651
Otročiněves;531669;531669
Lobeč;531677;531677
Podluhy;531685;531685
Praskolesy;531693;531693
Nosálov;531707;531707
Rpety;531715;531715
Rudná;531723;531723
Stránka;531731;531731
Skuhrov;531740;531740
Srbsko;531758;531758
Stašov;531766;531766
Kadlín;531774;531774
Kadlín;531774;531774
Suchomasty;531782;531782
Svatá;531791;531791
Svatý Jan pod Skalou;531804;531804
Svinaře;531812;531812
Tachlovice;531821;531821
Tetín;531839;531839
Tlustice;531847;531847
Tmaň;531855;531855
Nedomice;531863;531863
Jeviněves;531871;531871
Trubská;531880;531880
Lhotka;531898;531898
Újezd;531901;531901
Velký Chlumec;531910;531910
Hostín u Vojkovic;531928;531928
Vidim;531936;531936
Vráž;531944;531944
Všeradice;531952;531952
Vysoký Újezd;531961;531961
Vysoký Újezd;531961;531961
Zadní Třebaň;531979;531979
Dolní Zimoř;531987;531987
Zaječov;531995;531995
Záluží;532002;532002
Zdice;532011;532011
Žebrák;532029;532029
Chrášťany;532037;532037
Chlístov;532045;532045
Kladno;532053;532053
Václavice;532061;532061
Běloky;532070;532070
Beřovice;532088;532088
Borovnice;532096;532096
Blevice;532100;532100
Brandýsek;532118;532118
Braškov;532126;532126
Ješetice;532134;532134
Bratronice;532142;532142
Drahňovice;532151;532151
Buštěhrad;532169;532169
Tuřany;532177;532177
Cvrčovice;532185;532185
Lštění;532193;532193
Černuc;532207;532207
Červený Újezd;532215;532215
Doksy;532223;532223
Slověnice;532231;532231
Slověnice;532231;532231
Litichovice;532258;532258
Všechlapy;532266;532266
Družec;532274;532274
Dřetovice;532282;532282
Dřínov;532291;532291
Třebešice;532304;532304
Horní Bezděkov;532312;532312
Hořešovice;532321;532321
Hospozín;532339;532339
Hostouň;532347;532347
Hradečno;532355;532355
Hrdlív;532363;532363
Hřebeč;532371;532371
Blažejovice;532380;532380
Chržín;532398;532398
Jarpice;532401;532401
Jedomělice;532410;532410
Jemníky;532428;532428
Snět;532436;532436
Kačice;532444;532444
Kamenné Žehrovice;532452;532452
Klobuky;532461;532461
Kmetiněves;532479;532479
Knovíz;532487;532487
Koleč;532495;532495
Šetějovice;532509;532509
Kvílice;532517;532517
Kyšice;532525;532525
Ledce;532533;532533
Tomice;532541;532541
Ratměřice;532550;532550
Bernartice;532568;532568
Libušín;532576;532576
Lidice;532584;532584
Tisem;532592;532592
Choratice;532606;532606
Vodslivy;532614;532614
Makotřasy;532622;532622
Malé Kyšice;532631;532631
Popovice;532649;532649
Malíkovice;532657;532657
Neuměřice;532665;532665
Olovnice;532673;532673
Otvovice;532681;532681
Ctiboř;532690;532690
Pavlov;532711;532711
Pchery;532720;532720
Pletený Újezd;532738;532738
Děkanovice;532746;532746
Podlešín;532754;532754
Pozdeň;532762;532762
Přelíc;532771;532771
Ptice;532789;532789
Řisuty;532797;532797
Sazená;532801;532801
Slaný;532819;532819
Slatina;532827;532827
Smečno;532835;532835
Dunice;532843;532843
Stehelčeves;532851;532851
Stochov;532860;532860
Chleby;532878;532878
Chářovice;532886;532886
Bušín;532894;532894
Svinařov;532908;532908
Šlapanice;532916;532916
Bukovany;532924;532924
Hradiště;532932;532932
Řimovice;532941;532941
Třebichovice;532959;532959
Třebíz;532967;532967
Třebusice;532975;532975
Tuchlovice;532983;532983
Úhonice;532991;532991
Uhy;533009;533009
Unhošť;533017;533017
Velká Dobrá;533025;533025
Velké Přítočno;533033;533033
Velké Přítočno;533033;533033
Velvary;533041;533041
Vinařice;533050;533050
Vraný;533068;533068
Pavlovice;533076;533076
Kladruby;533084;533084
Zákolany;533092;533092
Trubín;533106;533106
Zlonice;533114;533114
Zvoleněves;533122;533122
Žilina;533149;533149
Žižice;533157;533157
Kolín;533165;533165
Barchovice;533173;533173
Bečváry;533181;533181
Bělušice;533190;533190
Králův Dvůr;533203;533203
Břežany I;533211;533211
Břežany II;533220;533220
Býchory;533238;533238
Cerhenice;533246;533246
Černé Voděrady;533254;533254
Červené Pečky;533262;533262
Český Brod;533271;533271
Dobřichov;533289;533289
Dolní Chvatliny;533297;533297
Doubravčice;533301;533301
Malá Víska;533319;533319
Horní Kruty;533327;533327
Lhotka;533335;533335
Chotutice;533343;533343
Chrášťany;533351;533351
Jestřabí Lhota;533360;533360
Jevany;533378;533378
Klučov;533386;533386
Konárovice;533394;533394
Kořenice;533408;533408
Kostelec nad Černými lesy;533416;533416
Kouřim;533424;533424
Kozojedy;533432;533432
Krakovany;533441;533441
Krupá;533459;533459
Křečhoř;533467;533467
Libenice;533475;533475
Libodřice;533483;533483
Černá Voda;533491;533491
Lošany;533505;533505
Malotice;533513;533513
Nebovidy;533521;533521
Nová Ves I;533530;533530
Nučice;533548;533548
Ohaře;533556;533556
Oleška;533564;533564
Ovčáry;533572;533572
Plaňany;533581;533581
Polepy;533599;533599
Nenačovice;533602;533602
Přišimasy;533611;533611
Radim;533629;533629
Radovesnice I;533637;533637
Radovesnice II;533645;533645
Ratboř;533653;533653
Ratboř;533653;533653
Rostoklaty;533661;533661
Chrustenice;533670;533670
Dlouhomilov;533688;533688
Skvrňov;533696;533696
Starý Kolín;533700;533700
Stříbrná Skalice;533718;533718
Svojšice;533726;533726
Tismice;533734;533734
Toušice;533742;533742
Třebovle;533751;533751
Tři Dvory;533769;533769
Tuchoraz;533777;533777
Tuklaty;533785;533785
Korno;533793;533793
Týnec nad Labem;533807;533807
Uhlířská Lhota;533815;533815
Veletov;533823;533823
Velim;533831;533831
Velký Osek;533840;533840
Veltruby;533858;533858
Vitice;533866;533866
Vlkančice;533874;533874
Volárna;533882;533882
Vrbčany;533891;533891
Vyžlovka;533904;533904
Mořinka;533912;533912
Zásmuky;533921;533921
Lážovice;533939;533939
Žiželice;533947;533947
Kutná Hora;533955;533955
Skřipel;533963;533963
Bílé Podolí;533971;533971
Bohdaneč;533980;533980
Bohdaneč;533980;533980
Církvice;533998;533998
Čáslav;534005;534005
Černíny;534013;534013
Červené Janovice;534021;534021
Čestín;534030;534030
Vižina;534048;534048
Horka II;534056;534056
Hostovlice;534064;534064
Kotopeky;534072;534072
Chabeřice;534081;534081
Chlístovice;534099;534099
Chotusice;534102;534102
Otmíče;534111;534111
Kácov;534129;534129
Kluky;534137;534137
Bykoš;534145;534145
Krchleby;534153;534153
Křesetice;534161;534161
Ledečko;534170;534170
Malešov;534188;534188
Svatý Mikuláš;534196;534196
Miskovice;534200;534200
Málkov;534218;534218
Nepoměřice;534226;534226
Vinařice;534234;534234
Vinařice;534234;534234
Nové Dvory;534242;534242
Okřesaneč;534251;534251
Nesvačily;534269;534269
Onomyšl;534277;534277
Podbrdy;534285;534285
Soběšín;534293;534293
Soběšín;534293;534293
Pertoltice;534307;534307
Petrovice I;534315;534315
Petrovice II;534323;534323
Potěhy;534331;534331
Rašovice;534340;534340
Rataje nad Sázavou;534358;534358
Řendějov;534366;534366
Samopše;534374;534374
Sázava;534382;534382
Slavošov;534391;534391
Lužce;534404;534404
Lužce;534404;534404
Staňkovice;534412;534412
Bavoryně;534421;534421
Suchdol;534439;534439
Chodouň;534447;534447
Chlustina;534455;534455
Točník;534463;534463
Záhornice;534471;534471
Tupadly;534480;534480
Uhlířské Janovice;534498;534498
Úmonín;534501;534501
Úžice;534510;534510
Vavřinec;534528;534528
Vidice;534536;534536
Vinaře;534544;534544
Vlačice;534552;534552
Vlastějovice;534561;534561
Vlkaneč;534579;534579
Vrdy;534587;534587
Záboří nad Labem;534595;534595
Zbizuby;534609;534609
Zbraslavice;534617;534617
Zbýšov;534625;534625
Zruč nad Sázavou;534633;534633
Žáky;534641;534641
Žehušice;534650;534650
Žleby;534668;534668
Mělník;534676;534676
Borek;534684;534684
Újezd u Boskovic;534692;534692
Chroustov;534706;534706
Býkev;534714;534714
Byšice;534722;534722
Cítov;534731;534731
Čečelice;534749;534749
Seletice;534757;534757
Dolní Beřkovice;534765;534765
Dřínov;534773;534773
Dřísy;534781;534781
Horní Počaply;534790;534790
Hořín;534803;534803
Podhradí;534811;534811
Chlumín;534820;534820
Chorušice;534838;534838
Chvatěruby;534846;534846
Hořany;534854;534854
Zvěřínek;534862;534862
Velenka;534871;534871
Starý Vestec;534889;534889
Kly;534897;534897
Kokořín;534901;534901
Netřebice;534919;534919
Dubicko;534927;534927
Kostelec nad Labem;534935;534935
Kouty;534943;534943
Kralupy nad Vltavou;534951;534951
Křenek;534960;534960
Ledčice;534978;534978
Lhota;534986;534986
Choťovice;534994;534994
Liběchov;535001;535001
Běleč;535010;535010
Lužec nad Vltavou;535028;535028
Malý Újezd;535036;535036
Mělnické Vtelno;535044;535044
Mšeno;535052;535052
Nebužely;535061;535061
Nelahozeves;535079;535079
Neratovice;535087;535087
Loucká;535095;535095
Královice;535109;535109
Nová Ves;535117;535117
Bílichov;535125;535125
Obříství;535133;535133
Ovčáry;535141;535141
Hořešovičky;535150;535150
Řepín;535168;535168
Planá;535176;535176
Tichov;535184;535184
Spomyšl;535192;535192
Dobrá Voda u Českých Budějovic;535206;535206
Střemy;535214;535214
Tišice;535222;535222
Ostrolovský Újezd;535231;535231
Dasný;535249;535249
Úžice;535257;535257
Velký Borek;535265;535265
Veltrusy;535273;535273
Mydlovary;535281;535281
Vojkovice;535290;535290
Vraňany;535303;535303
Všestudy;535311;535311
Všetaty;535320;535320
Vysoká;535338;535338
Plav;535346;535346
Zálezlice;535354;535354
Záryby;535362;535362
Nákří;535371;535371
Zlosyň;535389;535389
Želízy;535397;535397
Želízy;535397;535397
Bošilec;535401;535401
Mladá Boleslav;535419;535419
Bakov nad Jizerou;535427;535427
Neplachov;535435;535435
Bělá pod Bezdězem;535443;535443
Benátky nad Jizerou;535451;535451
Hradce;535460;535460
Bezno;535478;535478
Bítouchov;535486;535486
Úsilné;535494;535494
Boreč;535508;535508
Boseň;535516;535516
Hosty;535524;535524
Hanušovice;535532;535532
Čakov;535541;535541
Brodce;535559;535559
Březina;535567;535567
Habří;535575;535575
Březno;535583;535583
Zvíkov;535591;535591
Bukovno;535605;535605
Hvozdec;535613;535613
Čachovice;535621;535621
Čistá;535630;535630
Nová Ves;535648;535648
Dlouhá Lhota;535656;535656
Doubravice;535664;535664
Dobrovice;535672;535672
Borovnice;535681;535681
Petříkov;535699;535699
Dolní Bousov;535702;535702
Dolní Krupá;535711;535711
Dolní Krupá;535711;535711
Dolní Slivno;535729;535729
Vidov;535737;535737
Domousnice;535745;535745
Hůry;535753;535753
Jivno;535761;535761
Horní Studénky;535770;535770
Dubičné;535788;535788
Vráto;535796;535796
Libníč;535800;535800
Horky nad Jizerou;535818;535818
Adamov;535826;535826
Horní Bukovina;535834;535834
Mokrý Lom;535842;535842
Hlavatce;535851;535851
Hrdlořezy;535869;535869
Komařice;535877;535877
Hoštejn;535885;535885
Vitín;535893;535893
Chotýčany;535907;535907
Vlkov;535915;535915
Chocnějovice;535923;535923
Chotětov;535931;535931
Mazelov;535940;535940
Drahotěšice;535958;535958
Jabkenice;535966;535966
Jivina;535974;535974
Kamenná;535982;535982
Pištín;535991;535991
Katusice;536008;536008
Zahájí;536016;536016
Klášter Hradiště nad Jizerou;536024;536024
Strýčice;536032;536032
Kněžmost;536041;536041
Břehov;536059;536059
Kochánky;536067;536067
Hartmanice;536075;536075
Velenice;536083;536083
Hrabišín;536091;536091
Horní Kněžeklady;536105;536105
Hynčina;536113;536113
Kosořice;536121;536121
Kostelní Hlavno;536130;536130
Kostelní Hlavno;536130;536130
Javorník;536148;536148
Bečice;536156;536156
Krásná Ves;536164;536164
Krnsko;536172;536172
Kropáčova Vrutice;536181;536181
Dobšice;536199;536199
Ledce;536202;536202
Lhotky;536211;536211
Chlumec;536229;536229
Zvíkov;536237;536237
Srnín;536245;536245
Bohdalovice;536253;536253
Loukovec;536261;536261
Luštěnice;536270;536270
Jedlí;536288;536288
Malšín;536296;536296
Věžovatá Pláně;536300;536300
Mnichovo Hradiště;536326;536326
Němčice;536334;536334
Krajníčko;536342;536342
Nepřevázka;536351;536351
Hornosín;536369;536369
Nová Telib;536377;536377
Jeseník;536385;536385
Jestřebí;536393;536393
Obruby;536407;536407
Měkynec;536415;536415
Radějovice;536423;536423
Petkovy;536431;536431
Písková Lhota;536440;536440
Plazy;536458;536458
Mačkov;536466;536466
Němčice;536474;536474
Zahorčice;536482;536482
Zahorčice;536482;536482
Předměřice nad Jizerou;536491;536491
Vacovice;536504;536504
Truskovice;536512;536512
Jindřichov;536521;536521
Milejovice;536539;536539
Přechovice;536547;536547
Krty-Hradec;536555;536555
Mnichov;536563;536563
Kamenná;536571;536571
Řepov;536580;536580
Tchořovice;536598;536598
Kocelovice;536601;536601
Semčice;536610;536610
Hlupín;536628;536628
Skalsko;536636;536636
Nebřehovice;536644;536644
Smilovice;536652;536652
Sojovice;536661;536661
Třešovice;536679;536679
Klopina;536687;536687
Úlehle;536695;536695
Strašnov;536709;536709
Strenice;536717;536717
Němětice;536725;536725
Kolšov;536733;536733
Velká Turná;536741;536741
Kváskovice;536750;536750
Sukorady;536768;536768
Slaník;536776;536776
Strunkovice nad Volyňkou;536784;536784
Přední Zborovice;536792;536792
Krašlovice;536806;536806
Kosov;536814;536814
Lom;536822;536822
Libětice;536831;536831
Řepice;536849;536849
Velké Všelisy;536857;536857
Rovná;536865;536865
Zvotoky;536873;536873
Horní Poříčí;536881;536881
Uzeničky;536890;536890
Chobot;536903;536903
Pohorovice;536911;536911
Štěchovice;536920;536920
Všejany;536938;536938
Kalenice;536946;536946
Krejnice;536954;536954
Nišovice;536962;536962
Žďár;536971;536971
Žerčice;536989;536989
Židněves;536997;536997
Nymburk;537004;537004
Běrunice;537021;537021
Bobnice;537039;537039
Bříství;537047;537047
Budiměřice;537055;537055
Bratronice;537063;537063
Lipovice;537071;537071
Činěves;537080;537080
Dlouhopolsko;537098;537098
Dobšice;537101;537101
Dvory;537110;537110
Dymokury;537128;537128
Kratušín;537136;537136
Dvory;537144;537144
Hořátev;537152;537152
Hradčany;537161;537161
Hradištko;537179;537179
Drslavice;537187;537187
Zábrdí;537195;537195
Žernovice;537209;537209
Choťánky;537217;537217
Chotěšice;537225;537225
Chrást;537233;537233
Babice;537241;537241
Jíkev;537250;537250
Jizbice;537268;537268
Kamenné Zboží;537276;537276
Lesnice;537284;537284
Kněžice;537292;537292
Kolaje;537306;537306
Kostelní Lhota;537314;537314
Lužice;537322;537322
Kostomlaty nad Labem;537331;537331
Košík;537349;537349
Kounice;537357;537357
Olšovice;537365;537365
Kovanice;537373;537373
Mahouš;537381;537381
Krchleby;537390;537390
Křečkov;537403;537403
Křinec;537411;537411
Chvalovice;537420;537420
Libice nad Cidlinou;537438;537438
Loučeň;537446;537446
Lysá nad Labem;537454;537454
Mcely;537462;537462
Městec Králové;537489;537489
Milčice;537497;537497
Milovice;537501;537501
Buk;537519;537519
Bohunice;537527;537527
Újezdec;537535;537535
Pěčnov;537543;537543
Odřepsy;537551;537551
Okřínek;537560;537560
Opočnice;537578;537578
Opolany;537586;537586
Střítež;537594;537594
Ústrašín;537608;537608
Oskořínek;537616;537616
Ostrá;537624;537624
Pátek;537632;537632
Pečky;537641;537641
Písková Lhota;537659;537659
Písty;537667;537667
Pňov-Předhradí;537675;537675
Poděbrady;537683;537683
Ondřejov;537691;537691
Poříčany;537705;537705
Leština;537713;537713
Přerov nad Labem;537721;537721
Útěchovičky;537730;537730
Ratenice;537748;537748
Rožďalovice;537756;537756
Sadská;537764;537764
Sány;537772;537772
Semice;537781;537781
Senice;537799;537799
Sloveč;537802;537802
Sokoleč;537811;537811
Proseč;537829;537829
Stará Lysá;537837;537837
Teplička;537845;537845
Straky;537853;537853
Stratov;537861;537861
Březová;537870;537870
Tatce;537888;537888
Třebestovice;537896;537896
Třebestovice;537896;537896
Úmyslovice;537900;537900
Dalovice;537918;537918
Jenišov;537926;537926
Mírová;537934;537934
Vestec;537942;537942
Vlkov pod Oškobrhem;537951;537951
Otovice;537969;537969
Vrbová Lhota;537977;537977
Všechlapy;537985;537985
Vykáň;537993;537993
Andělská Hora;538001;538001
Černava;538019;538019
Smolné Pece;538027;538027
Žehuň;538035;538035
Babice;538043;538043
Bašť;538051;538051
Praha-Běchovice;538060;554782
Praha-Benice;538078;554782
Bořanovice;538086;538086
Brandýs nad Labem-Stará Boleslav;538094;538094
Brázdim;538108;538108
Děpoltovice;538116;538116
Praha-Březiněves;538124;554782
Čelákovice;538132;538132
Čestlice;538141;538141
Hájek;538159;538159
Dobřejovice;538167;538167
Praha-Dolní Počernice;538175;554782
Kbelany;538183;538183
Kbelany;538183;538183
Dřevčice;538191;538191
Praha-Dubeč;538205;554782
Praha 20;538213;554782
Horoušany;538221;538221
Hovorčovice;538230;538230
Hrusice;538248;538248
Husinec;538256;538256
Jenštejn;538264;538264
Jirny;538272;538272
Kaliště;538281;538281
Kamenice;538299;538299
Praha-Klánovice;538302;554782
Klecany;538311;538311
Klíčany;538329;538329
Krásno;538337;538337
Kojetice;538345;538345
Praha-Koloděje;538353;554782
Praha-Kolovraty;538361;554782
Kostelec u Křížků;538370;538370
Praha-Královice;538388;554782
Šabina;538396;538396
Praha-Křeslice;538400;554782
Křížkový Újezdec;538418;538418
Kunice;538426;538426
Svatava;538434;538434
Líbeznice;538442;538442
Louňovice;538451;538451
Máslovice;538469;538469
Měšice;538477;538477
Mirošovice;538485;538485
Mnichovice;538493;538493
Mochov;538507;538507
Mratín;538515;538515
Mratín;538515;538515
Mukařov;538523;538523
Praha-Nedvězí;538531;554782
Nehvizdy;538540;538540
Nová Ves;538558;538558
Nový Vestec;538566;538566
Odolena Voda;538574;538574
Ondřejov;538582;538582
Dolní Rychnov;538591;538591
Panenské Břežany;538604;538604
Petříkov;538612;538612
Podolanka;538621;538621
Polerady;538639;538639
Postřižín;538647;538647
Předboj;538655;538655
Tatrovice;538663;538663
Přezletice;538671;538671
Pyšely;538680;538680
Radějovice;538698;538698
Radonice;538701;538701
Řehenice;538710;538710
Říčany;538728;538728
Praha-Satalice;538736;554782
Březnice;538744;538744
Senohraby;538752;538752
Sibřina;538761;538761
Sluhy;538779;538779
Sluštice;538787;538787
Krásná;538795;538795
Strančice;538809;538809
Podhradí;538817;538817
Struhařov;538825;538825
Sulice;538833;538833
Světice;538841;538841
Svojetice;538850;538850
Pomezí nad Ohří;538868;538868
Šestajovice;538876;538876
Škvorec;538884;538884
Tehov;538892;538892
Milíkov;538906;538906
Milíkov;538906;538906
Lázně Toušeň;538914;538914
Okrouhlá;538922;538922
Praha 22;538931;554782
Praha 21;538949;554782
Úvaly;538957;538957
Veleň;538965;538965
Veliká Ves;538973;538973
Velké Popovice;538981;538981
Větrušice;538990;538990
Praha-Vinoř;539007;554782
Vodochody;539015;539015
Třebeň;539023;539023
Všestary;539031;539031
Vyšehořovice;539040;539040
Zdiby;539058;539058
Zeleneč;539066;539066
Vojtanov;539074;539074
Zlonín;539082;539082
Zvánovice;539091;539091
Bojanovice;539104;539104
Stará Voda;539112;539112
Černolice;539121;539121
Černošice;539139;539139
Číčovice;539147;539147
Čisovice;539155;539155
Davle;539163;539163
Dobrovíz;539171;539171
Dobříč;539180;539180
Dobřichovice;539198;539198
Dolany nad Vltavou;539201;539201
Dolní Břežany;539210;539210
Holubice;539228;539228
Horoměřice;539236;539236
Hostivice;539244;539244
Hradištko;539252;539252
Hvozdnice;539261;539261
Velká Hleďsebe;539279;539279
Choteč;539287;539287
Chrášťany;539295;539295
Chýně;539309;539309
Jeneč;539317;539317
Jesenice;539325;539325
Jílové u Prahy;539333;539333
Jíloviště;539341;539341
Jinočany;539350;539350
Kamenný Přívoz;539368;539368
Vlkovice;539376;539376
Kněževes;539384;539384
Kosoř;539392;539392
Lety;539406;539406
Libčice nad Vltavou;539414;539414
Libeř;539422;539422
Zádub-Závišín;539431;539431
Praha-Lipence;539449;554782
Líšnice;539457;539457
Praha-Lochkov;539465;554782
Ovesné Kladruby;539473;539473
Valy;539481;539481
Měchenice;539490;539490
Ohrobec;539503;539503
Okrouhlo;539511;539511
Ořech;539520;539520
Prameny;539538;539538
Petrov;539546;539546
Odrava;539554;539554
Pohoří;539562;539562
Průhonice;539571;539571
Praha-Přední Kopanina;539589;554782
Psáry;539597;539597
Praha 16;539601;554782
Tuřany;539619;539619
Roztoky;539627;539627
Praha-Řeporyje;539635;554782
Řevnice;539643;539643
Řitka;539651;539651
Slapy;539660;539660
Praha-Slivenec;539678;554782
Statenice;539686;539686
Praha 13;539694;554782
Středokluky;539708;539708
Měcholupy;539716;539716
Praha-Šeberov;539724;554782
Štěchovice;539732;539732
Štěnovický Borek;539741;539741
Třebotov;539759;539759
Tuchoměřice;539767;539767
Tursko;539775;539775
Oplot;539783;539783
Praha-Újezd;539791;554782
Únětice;539805;539805
Velké Přílepy;539813;539813
Horní Lukavice;539821;539821
Vonoklasy;539830;539830
Vrané nad Vltavou;539848;539848
Všenory;539856;539856
Praha-Zbraslav;539864;554782
Zbuzany;539872;539872
Zlatníky-Hodkovice;539881;539881
Praha-Zličín;539899;554782
Zvole;539902;539902
Příbram;539911;539911
Týniště;539929;539929
Skašov;539937;539937
Dolce;539945;539945
Bohutín;539953;539953
Libina;539961;539961
Borotice;539970;539970
Bratkovice;539988;539988
Bratkovice;539988;539988
Lipinka;540005;540005
Březnice;540013;540013
Buková u Příbramě;540021;540021
Lipová-lázně;540030;540030
Buš;540048;540048
Střelice;540056;540056
Lisov;540064;540064
Čenkov;540072;540072
Čím;540081;540081
Daleké Dušníky;540099;540099
Nezdřev;540102;540102
Dobříš;540111;540111
Dolní Hbity;540129;540129
Životice;540137;540137
Drahlín;540145;540145
Drásov;540153;540153
Líšnice;540161;540161
Drevníky;540170;540170
Drhovy;540188;540188
Loštice;540196;540196
Kozlovice;540200;540200
Dublovice;540218;540218
Loučná nad Desnou;540226;540226
Lukavice;540234;540234
Hluboš;540242;540242
Drahkov;540251;540251
Nová Ves;540269;540269
Nová Ves;540269;540269
Hřiměždice;540285;540285
Otěšice;540293;540293
Chlumy;540307;540307
Hvožďany;540315;540315
Chotilsko;540323;540323
Malá Morava;540331;540331
Nebílovy;540340;540340
Chraštice;540358;540358
Maletín;540366;540366
Jablonná;540374;540374
Mikulovice;540382;540382
Jesenice;540391;540391
Jince;540404;540404
Předenice;540412;540412
Radkovice;540421;540421
Kamýk nad Vltavou;540439;540439
Klučenice;540447;540447
Bolkov;540463;540463
Mohelnice;540471;540471
Moravičany;540480;540480
Kosova Hora;540498;540498
Nový Malín;540501;540501
Olšany;540510;540510
Únětice;540528;540528
Kozárovice;540536;540536
Oskava;540544;540544
Krásná Hora nad Vltavou;540552;540552
Letkov;540561;540561
Křepenice;540579;540579
Křešín;540587;540587
Palonín;540595;540595
Pavlov;540609;540609
Líšina;540617;540617
Líšina;540617;540617
Láz;540625;540625
Kotovice;540633;540633
Mokrouše;540641;540641
Písařov;540650;540650
Honezovice;540668;540668
Srby;540676;540676
Písečná;540684;540684
Sedliště;540692;540692
Vlčtejn;540706;540706
Malá Hraštice;540714;540714
Smědčice;540722;540722
Police;540731;540731
Milešov;540749;540749
Milín;540757;540757
Mníšek pod Brdy;540765;540765
Postřelmov;540773;540773
Mokrovraty;540781;540781
Nalžovice;540790;540790
Chlum;540803;540803
Nečín;540811;540811
Nedrahovice;540820;540820
Nechvalice;540846;540846
Rájec;540854;540854
Rapotín;540862;540862
Rohle;540871;540871
Nová Ves pod Pleší;540889;540889
Nové Dvory;540897;540897
Nový Knín;540901;540901
Rovensko;540919;540919
Čilá;540927;540927
Obecnice;540935;540935
Obory;540943;540943
Obořiště;540951;540951
Ohrazenice;540960;540960
Ruda nad Moravou;540978;540978
Sobotín;540986;540986
Hradiště;541001;541001
Hradiště;541001;541001
Ouběnice;541010;541010
Pečice;541028;541028
Stará Červená Voda;541036;541036
Petrovice;541044;541044
Pičín;541052;541052
Zvíkovec;541061;541061
Staré Město;541079;541079
Počepice;541087;541087
Bezděkov;541095;541095
Sudkov;541109;541109
Supíkovice;541117;541117
Svébohov;541125;541125
Prosenická Lhota;541133;541133
Chomle;541141;541141
Kamenný Újezd;541150;541150
Štíty;541168;541168
Svojkovice;541176;541176
Nevid;541192;541192
Rosovice;541206;541206
Uhelná;541214;541214
Úsov;541222;541222
Rožmitál pod Třemšínem;541231;541231
Vápenná;541249;541249
Rybníky;541257;541257
Velké Losiny;541265;541265
Sádek;541273;541273
Sedlčany;541281;541281
Horní Kozolupy;541290;541290
Vidnava;541303;541303
Smolotely;541311;541311
Solenice;541320;541320
Solenice;541320;541320
Stará Huť;541338;541338
Vlčice;541346;541346
Zábřeh;541354;541354
Zadní Chodov;541362;541362
Suchodol;541371;541371
Svaté Pole;541389;541389
Svatý Jan;541397;541397
Broumov;541401;541401
Štětkovice;541419;541419
Tochovice;541427;541427
Únehle;541435;541435
Obora;541443;541443
Třebsko;541451;541451
Třebsko;541451;541451
Zhoř;541460;541460
Zvole;541478;541478
Prostiboř;541486;541486
Kokašice;541494;541494
Věšín;541508;541508
Višňová;541516;541516
Volenice;541524;541524
Milíře;541532;541532
Voznice;541541;541541
Kočov;541559;541559
Vranovice;541567;541567
Žulová;541575;541575
Vysoká u Příbramě;541583;541583
Vysoký Chlumec;541591;541591
Brod nad Tichou;541605;541605
Zalužany;541613;541613
Tisová;541621;541621
Tisová;541621;541621
Vsetín;541630;541630
Branky;541648;541648
Rakovník;541656;541656
Záchlumí;541664;541664
Branov;541672;541672
Ošelín;541681;541681
Čistá;541699;541699
Lom u Tachova;541702;541702
Bystřička;541711;541711
Hořesedly;541729;541729
Hořovičky;541737;541737
Myslovice;541745;541745
Ježovy;541753;541753
Hřebečníky;541761;541761
Hředle;541770;541770
Poleň;541788;541788
Hejná;541796;541796
Dolní Bečva;541800;541800
Chrášťany;541818;541818
Kejnice;541826;541826
Jesenice;541834;541834
Běhařov;541842;541842
Klenová;541851;541851
Javor;541869;541869
Kněževes;541877;541877
Týnec;541885;541885
Kolešovice;541893;541893
Kounov;541907;541907
Obytce;541915;541915
Břežany;541923;541923
Kvášňovice;541931;541931
Kroučová;541940;541940
Olšany;541958;541958
Krupá;541966;541966
Krušovice;541974;541974
Křivoklát;541982;541982
Lány;541991;541991
Lašovice;542008;542008
Lišany;542016;542016
Číhaň;542024;542024
Lubná;542032;542032
Lužná;542041;542041
Mlýnské Struhadlo;542059;542059
Městečko;542067;542067
Milostín;542075;542075
Hnačov;542083;542083
Horská Kvilda;542091;542091
Mšec;542105;542105
Mšecké Žehrovice;542113;542113
Mutějovice;542121;542121
Nesuchyně;542130;542130
Modrava;542148;542148
Borovy;542156;542156
Nové Strašecí;542164;542164
Červené Poříčí;542172;542172
Nový Dům;542181;542181
Olešná;542199;542199
Oráčov;542202;542202
Panoší Újezd;542211;542211
Petrovice;542229;542229
Pochvalov;542237;542237
Pochvalov;542237;542237
Příčina;542253;542253
Pšovlky;542270;542270
Pustověty;542288;542288
Nezdice;542296;542296
Blazice;542318;542318
Ruda;542326;542326
Rynholec;542334;542334
Honětice;542342;542342
Řevničov;542351;542351
Senec;542369;542369
Senomaty;542377;542377
Skryje;542385;542385
Vrbka;542393;542393
Trnovany;542407;542407
Slabce;542415;542415
Černouček;542423;542423
Srbeč;542431;542431
Oleško;542440;542440
Svojetín;542458;542458
Sýkořice;542466;542466
Šanov;542474;542474
Záluží;542482;542482
Malíč;542491;542491
Třeboc;542504;542504
Třtice;542512;542512
Michalovice;542521;542521
Píšťany;542539;542539
Píšťany;542539;542539
Blšany u Loun;542547;542547
Opočno;542555;542555
Velká Buková;542563;542563
Cítoliby;542571;542571
Obora;542580;542580
Všetaty;542598;542598
Zavidov;542601;542601
Zbečno;542610;542610
Černčice;542628;542628
Nová Ves;542636;542636
Francova Lhota;542644;542644
Halenkov;542679;542679
Horní Bečva;542687;542687
Horní Lideč;542725;542725
Hošťálková;542750;542750
Hovězí;542768;542768
Huslenky;542784;542784
Hutisko-Solanec;542814;542814
Choryně;542831;542831
Jablůnka;542865;542865
Jarcová;542903;542903
Karolinka;542911;542911
Kateřinice;542946;542946
Kelč;542989;542989
Kladeruby;542997;542997
Žerotín;543012;543012
Kunovice;543021;543021
Lačnov;543098;543098
Staňkovice;543128;543128
Hruška;543543;543543
Pavlíkov;544248;544248
České Budějovice;544256;544256
Leskovec;544264;544264
Borek;544272;544272
Borovany;544281;544281
Boršov nad Vltavou;544299;544299
Lešná;544302;544302
Čejkovice;544329;544329
Hamr na Jezeře;544337;544337
Proseč pod Ještědem;544345;544345
Heřmanice;544353;544353
Dívčice;544361;544361
Lidečko;544370;544370
Dolní Bukovsko;544388;544388
Liptál;544396;544396
Doudleby;544400;544400
Loučka;544418;544418
Dříteň;544426;544426
Lužná;544434;544434
Dubné;544442;544442
Dynín;544451;544451
Malá Bystřice;544469;544469
Stráž nad Nisou;544477;544477
Hluboká nad Vltavou;544485;544485
Homole;544493;544493
Mikulůvka;544507;544507
Horní Stropnice;544515;544515
Hosín;544523;544523
Čtveřín;544531;544531
Hranice;544540;544540
Hrdějovice;544558;544558
Nový Hrozenkov;544566;544566
Oznice;544574;544574
Radimovice;544582;544582
Radimovice;544582;544582
Chrášťany;544591;544591
Žďárek;544604;544604
Jankov;544612;544612
Police;544621;544621
Jílovice;544639;544639
Bynovec;544647;544647
Bynovec;544647;544647
Pozděchov;544655;544655
Kamenný Újezd;544663;544663
Prlov;544671;544671
Janov;544680;544680
Prostřední Bečva;544698;544698
Labská Stráň;544701;544701
Vincencov;544710;544710
Pržno;544728;544728
Ledenice;544736;544736
Libín;544744;544744
Příštpo;544752;544752
Lipí;544761;544761
Lišov;544779;544779
Lišov;544779;544779
Lišov;544779;544779
Ratiboř;544787;544787
Litvínovice;544795;544795
Ločenice;544809;544809
Mladošovice;544817;544817
Nedabyle;544825;544825
Bačkovice;544833;544833
Rožnov pod Radhoštěm;544841;544841
Růžďka;544850;544850
Nové Hrady;544868;544868
Lhotice;544876;544876
Olešnice;544884;544884
Olešník;544892;544892
Seninka;544906;544906
Seninka;544906;544906
Střelná;544914;544914
Střítež nad Bečvou;544922;544922
Študlov;544931;544931
Valašská Bystřice;544949;544949
Lovčovice;544957;544957
Radošovice;544965;544965
Roudné;544973;544973
Rudolfov;544981;544981
Valašská Polanka;544990;544990
Římov;545007;545007
Sedlec;545015;545015
Slavče;545023;545023
Menhartice;545031;545031
Radotice;545040;545040
Valašské Meziříčí;545058;545058
Srubec;545066;545066
Staré Hodějovice;545074;545074
Strážkovice;545082;545082
Střížov;545091;545091
Svatý Jan nad Malší;545104;545104
Valašské Příkazy;545112;545112
Ševětín;545121;545121
Štěpánovice;545139;545139
Velká Lhota;545147;545147
Temelín;545155;545155
Velké Karlovice;545163;545163
Trhové Sviny;545171;545171
Slavíkovice;545180;545180
Vidče;545198;545198
Týn nad Vltavou;545201;545201
Vigantice;545210;545210
Včelná;545228;545228
Zašová;545236;545236
Zděchov;545244;545244
Zubří;545252;545252
Vrábče;545261;545261
Domašov nad Bystřicí;545279;545279
Všemyslice;545287;545287
Skalička;545295;545295
Kožichovice;545309;545309
Záboří;545317;545317
Velký Karlov;545325;545325
Zliv;545341;545341
Žabovřesky;545368;545368
Žár;545376;545376
Žimutice;545384;545384
Český Krumlov;545392;545392
Benešov nad Černou;545406;545406
Besednice;545414;545414
Brloh;545431;545431
Bujanov;545449;545449
Černá v Pošumaví;545457;545457
Dolní Dvořiště;545465;545465
Dolní Třebonín;545473;545473
Frymburk;545481;545481
Holubov;545490;545490
Horní Dvořiště;545503;545503
Horní Planá;545511;545511
Hořice na Šumavě;545520;545520
Starý Šachov;545538;545538
Chvalšiny;545546;545546
Kájov;545554;545554
Kaplice;545562;545562
Křemže;545571;545571
Lipno nad Vltavou;545597;545597
Loučovice;545601;545601
Malonty;545619;545619
Mirkovice;545627;545627
Netřebice;545643;545643
Omlenice;545660;545660
Markvartice;545678;545678
Pohorská Ves;545694;545694
Lobendava;545708;545708
Přední Výtoň;545716;545716
Přídolí;545724;545724
Přísečná;545732;545732
Rožmberk nad Vltavou;545767;545767
Rožmberk nad Vltavou;545767;545767
Rožmitál na Šumavě;545775;545775
Dobrná;545783;545783
Merboltice;545791;545791
Soběnov;545805;545805
Světlík;545813;545813
Velešín;545821;545821
Větřní;545830;545830
Vyšší Brod;545848;545848
Dolní Habartice;545856;545856
Zlatá Koruna;545864;545864
Zubčice;545872;545872
Jindřichův Hradec;545881;545881
Františkov nad Ploučnicí;545899;545899
Borová Lada;545902;545902
Moravská Ostrava a Přívoz;545911;554821
Horní Habartice;545929;545929
Lažany;545937;545937
Paceřice;545953;545953
Plzeň 1;545970;554791
Plzeň 2-Slovany;545988;554791
Černousy;545996;545996
Plzeň 3;546003;554791
Jimlín;546011;546011
Budeč;546020;546020
Budíškovice;546038;546038
Slezská Ostrava;546046;554821
Cizkrajov;546054;546054
Pesvice;546062;546062
Račetice;546071;546071
České Velenice;546089;546089
Český Rudolec;546097;546097
Číměř;546101;546101
Dačice;546127;546127
Ostrava-Jih;546135;554821
Dešná;546143;546143
Deštná;546151;546151
Nezabylice;546160;546160
Úherce;546178;546178
Úherce;546178;546178
Ryjice;546186;546186
Bačkov;546194;546194
Plzeň 4;546208;554791
Jitkov;546216;546216
Poruba;546224;554821
Kozly;546232;546232
Kvítkov;546259;546259
Tuhaň;546267;546267
Slunečná;546275;546275
Svojkov;546283;546283
Hatín;546291;546291
Heřmaneč;546305;546305
Kunratice;546330;546330
Srbská Kamenice;546348;546348
Horní Pěna;546364;546364
Buková;546372;546372
Buková;546372;546372
Buková;546372;546372
Buková;546372;546372
Horní Radouň;546381;546381
Míšov;546399;546399
Hospříz;546402;546402
Úherce;546411;546411
Chraberce;546429;546429
Volevčice;546437;546437
Hříšice;546445;546445
Kámen;546453;546453
Chlum u Třeboně;546461;546461
Litíč;546470;546470
Sirá;546488;546488
Ludvíkovice;546496;546496
Jarošov nad Nežárkou;546500;546500
Loučná pod Klínovcem;546518;546518
Těškov;546526;546526
Týček;546534;546534
Kardašova Řečice;546542;546542
Újezd u Svatého Kříže;546551;546551
Pulečný;546577;546577
Jiřetín pod Bukovou;546585;546585
Nová Ves;546593;546593
Dětřichov;546607;546607
Kunžak;546615;546615
Lásenice;546623;546623
Bílý Potok;546631;546631
Janův Důl;546658;546658
Lodhéřov;546666;546666
Lomnice nad Lužnicí;546674;546674
Lkáň;546691;546691
Majdalena;546712;546712
Sedlec;546721;546721
Brzánky;546755;546755
Horní Řepčice;546763;546763
Kamýk;546771;546771
Býčkovice;546780;546780
Býčkovice;546780;546780
Nová Bystřice;546798;546798
Nová Včelnice;546801;546801
Chudoslavice;546810;546810
Staňkovice;546828;546828
Novosedly nad Nežárkou;546844;546844
Černěves;546852;546852
Dobroměřice;546861;546861
Líšťany;546879;546879
Vršovice;546887;546887
Brodec;546895;546895
Brodec;546895;546895
Brodec;546895;546895
Brodec;546895;546895
Brodec;546895;546895
Brodec;546895;546895
Brodec;546895;546895
Brodec;546895;546895
Brodec;546895;546895
Lukov;546909;546909
Písečné;546917;546917
Stebno;546925;546925
Okřešice;546933;546933
Dobšice;546941;546941
Nová Pláň;546950;546950
Pluhův Žďár;546968;546968
Hraničné Petrovice;546976;546976
Bílov;546984;546984
Popelín;546992;546992
Životice u Nového Jičína;547000;547000
Střeň;547018;547018
Bystrovany;547026;547026
Praha 11;547034;554782
Praha-Kunratice;547042;554782
Praha-Libuš;547051;554782
Rapšach;547069;547069
Samotišky;547077;547077
Rodvínov;547085;547085
Mutkov;547093;547093
Praha 12;547107;554782
Praha-Velká Chuchle;547115;554782
Komárov;547123;547123
Svatoňovice;547131;547131
Praha-Lysolaje;547140;554782
Praha-Nebušice;547158;554782
Slavonice;547166;547166
Praha 17;547174;554782
Kozmice;547182;547182
Jezdkovice;547191;547191
Staré Hobzí;547204;547204
Staré Město pod Landštejnem;547212;547212
Stráž nad Nežárkou;547221;547221
Strmilov;547239;547239
Stříbřec;547247;547247
Švábov;547255;547255
Studená;547263;547263
Praha-Suchdol;547271;554782
Suchdol nad Lužnicí;547280;547280
Praha-Ďáblice;547298;554782
Praha-Dolní Chabry;547301;554782
Praha-Čakovice;547310;554782
Praha-Troja;547328;554782
Třeboň;547336;547336
Praha 19;547344;554782
Praha 14;547361;554782
Praha-Dolní Měcholupy;547379;554782
Praha 15;547387;554782
Praha-Petrovice;547395;554782
Praha-Štěrboholy;547409;554782
Praha 18;547417;554782
Vlkoš;547433;547433
Volfířov;547441;547441
Výkleky;547450;547450
Zahrádky;547468;547468
Paseky nad Jizerou;547476;547476
Ktová;547484;547484
Pelhřimov;547492;547492
Zábeštní Lhota;547514;547514
Hořenice;547531;547531
Bohdalín;547549;547549
Vestec;547565;547565
Božejov;547581;547581
Bratřice;547603;547603
Budíkov;547638;547638
Velké Poříčí;547646;547646
Šestajovice;547654;547654
Cetoraz;547662;547662
Čáslavsko;547689;547689
Libchyně;547701;547701
Častrov;547719;547719
Sendraž;547727;547727
Čejov;547735;547735
Vernéřovice;547743;547743
Bukovice;547751;547751
Černovice;547760;547760
Červená Řečice;547778;547778
Adršpach;547786;547786
Hodonín;547794;547794
Rozhovice;547808;547808
Jeníkov;547816;547816
Křižanovice;547824;547824
Licibořice;547832;547832
Vyžice;547841;547841
Zájezdec;547859;547859
Bor u Skutče;547867;547867
Lipovec;547875;547875
Hojanovice;547883;547883
Hojanovice;547883;547883
Stolany;547891;547891
Rybník;547905;547905
Horní Cerekev;547913;547913
Trpík;547921;547921
Horní Ves;547930;547930
Hořepník;547948;547948
Hořice;547956;547956
Sobkovice;547964;547964
Hrádek;547972;547972
Albrechtice;547981;547981
Humpolec;547999;547999
Bošín;548006;548006
Dlouhá Třebová;548014;548014
Vračovice-Orlov;548022;548022
Vračovice-Orlov;548022;548022
Dlouhoňovice;548031;548031
Helvíkovice;548049;548049
Vrchovnice;548057;548057
Obědovice;548065;548065
Ježov;548073;548073
Jiřice;548081;548081
Kaliště;548090;548090
Kámen;548103;548103
Kamenice nad Lipou;548111;548111
Kejžlice;548120;548120
Koberovice;548146;548146
Světí;548154;548154
Komorovice;548162;548162
Košetice;548171;548171
Kouty;548189;548189
Nejepín;548197;548197
Křeč;548201;548201
Křelovice;548219;548219
Křešín;548227;548227
Leskovice;548235;548235
Horní Paseka;548243;548243
Podmoky;548251;548251
Bartoušov;548260;548260
Břevnice;548278;548278
Knyk;548286;548286
Kyjov;548308;548308
Michalovice;548316;548316
Skorkov;548324;548324
Lukavec;548332;548332
Slavníč;548341;548341
Ostrov;548359;548359
Mezilesí;548367;548367
Čečkovice;548375;548375
Mladé Bříště;548383;548383
Mnich;548391;548391
Moraveč;548405;548405
Jilem;548413;548413
Sedletín;548421;548421
Bezděkov;548430;548430
Dolní Sokolovec;548448;548448
Nová Cerekev;548456;548456
Nový Rychnov;548464;548464
Obrataň;548472;548472
Lány;548481;548481
Sloupno;548499;548499
Onšov;548502;548502
Pacov;548511;548511
Kochánov;548529;548529
Úhořilka;548537;548537
Píšť;548545;548545
Slavětín;548553;548553
Počátky;548561;548561
Kunemil;548570;548570
Okrouhlička;548588;548588
Heřmanice;548596;548596
Pošná;548600;548600
Kraborovice;548618;548618
Zvěstovice;548626;548626
Podmoklany;548634;548634
Hřibiny-Ledská;548642;548642
Libel;548651;548651
Rohenice;548669;548669
Vysoký Újezd;548677;548677
Krchleby;548685;548685
Svídnice;548693;548693
Vrbice;548707;548707
Řečice;548715;548715
Polom;548723;548723
Salačova Lhota;548731;548731
Samšín;548740;548740
Proruby;548758;548758
Sedlice;548766;548766
Senožaty;548774;548774
Jahodov;548782;548782
Chlístov;548791;548791
Lampertice;548804;548804
Stanovice;548812;548812
Stanovice;548812;548812
Borovnička;548821;548821
Zábřezí-Řečice;548839;548839
Zdobín;548847;548847
Bříšťany;548855;548855
Milovice u Hořic;548863;548863
Petrovičky;548871;548871
Sukorady;548880;548880
Rokytňany;548898;548898
Bílsko u Hořic;548901;548901
Ohaveč;548910;548910
Kostelec;548928;548928
Těmice;548936;548936
Kovač;548944;548944
Budčeves;548952;548952
Sedliště;548961;548961
Borek;548979;548979
Útěchovice;548987;548987
Červená Třemešná;548995;548995
Včelnička;549002;549002
Velká Chyška;549011;549011
Vřesník;549029;549029
Choteč;549037;549037
Velký Rybník;549045;549045
Veselá;549053;549053
Věžná;549061;549061
Březina;549070;549070
Dolní Lochov;549088;549088
Staré Místo;549096;549096
Brada-Rybníček;549100;549100
Dílce;549118;549118
Vojslavice;549126;549126
Vyklantice;549134;549134
Vyskytná;549142;549142
Jinolice;549151;549151
Kbelnice;549169;549169
Zachotín;549177;549177
Ohařice;549185;549185
Ohařice;549185;549185
Zámostí-Blata;549193;549193
Nevratice;549207;549207
Želiv;549215;549215
Chyjice;549223;549223
Žirovnice;549231;549231
Písek;549240;549240
Albrechtice nad Vltavou;549258;549258
Bernartice;549266;549266
Rašín;549274;549274
Butoves;549282;549282
Božetice;549291;549291
Branice;549304;549304
Kacákova Lhota;549312;549312
Cerhonice;549321;549321
Čimelice;549339;549339
Čížová;549347;549347
Cholenice;549355;549355
Dobev;549363;549363
Dražíč;549371;549371
Drhovle;549380;549380
Heřmaň;549398;549398
Heřmaň;549398;549398
Pozlovice;549401;549401
Hrazany;549410;549410
Hrejkovice;549428;549428
Komárov;549436;549436
Oldřichovice;549444;549444
Chyšky;549452;549452
Pohořelice;549461;549461
Jetětice;549479;549479
Kestřany;549487;549487
Kluky;549495;549495
Kostelec nad Vltavou;549509;549509
Kovářov;549517;549517
Králova Lhota;549525;549525
Poteč;549533;549533
Kučeř;549541;549541
Lhotsko;549550;549550
Lety;549568;549568
Milevsko;549576;549576
Mirotice;549584;549584
Mirovice;549592;549592
Mišovice;549606;549606
Myslín;549614;549614
Lípa;549622;549622
Nadějkov;549631;549631
Tečovice;549649;549649
Nevězice;549657;549657
Nevězice;549657;549657
Raškovice;549665;549665
Krásná;549673;549673
Orlík nad Vltavou;549681;549681
Bořenovice;549690;549690
Oslov;549703;549703
Ostrovec;549711;549711
Přílepy;549720;549720
Ponětovice;549738;549738
Předklášteří;549746;549746
Podolí I;549754;549754
Protivín;549771;549771
Říčky;549789;549789
Přeštěnice;549797;549797
Putim;549801;549801
Ražice;549827;549827
Milasín;549835;549835
Sepekov;549843;549843
Skály;549851;549851
Slabčice;549860;549860
Smetanova Lhota;549878;549878
Střítež;549886;549886
Skryje;549894;549894
Újezd u Tišnova;549908;549908
Pikárec;549916;549916
Radkov;549924;549924
Tálín;549932;549932
Rosička;549941;549941
Ubušínek;549959;549959
Hačky;549967;549967
Veselíčko;549975;549975
Polomí;549983;549983
Vráž;549991;549991
Vrcovice;550001;550001
Vracovice;550019;550019
Záhoří;550027;550027
Zbelítov;550035;550035
Zběšičky;550043;550043
Plenkovice;550051;550051
Zhoř;550060;550060
Přeskače;550078;550078
Křídlůvky;550086;550086
Prachatice;550094;550094
Kozlany;550108;550108
Bohumilice;550116;550116
Bošice;550124;550124
Olšany;550132;550132
Medlovice;550141;550141
Bušanovice;550159;550159
Čkyně;550167;550167
Podomí;550175;550175
Dub;550183;550183
Uhřice;550191;550191
Horní Vltavice;550205;550205
Heršpice;550213;550213
Hracholusky;550221;550221
Husinec;550230;550230
Chlumany;550248;550248
Kašnice;550256;550256
Chroboly;550264;550264
Cvrčovice;550272;550272
Hybrálec;550281;550281
Smrčná;550299;550299
Kuroslepy;550302;550302
Třesov;550311;550311
Ktiš;550329;550329
Kvilda;550337;550337
Lažiště;550345;550345
Lenora;550353;550353
Lhenice;550361;550361
Pokojovice;550370;550370
Martínkov;550388;550388
Němčice;550396;550396
Bohušice;550400;550400
Malovice;550418;550418
Mičovice;550426;550426
Nebahovy;550434;550434
Netolice;550442;550442
Nová Pec;550451;550451
Pálovice;550469;550469
Chotěbudice;550477;550477
Radhostice;550485;550485
Radkovice u Budče;550493;550493
Litohoř;550507;550507
Stachy;550515;550515
Stožec;550523;550523
Stožec;550523;550523
Strážný;550531;550531
Strunkovice nad Blanicí;550540;550540
Svatá Maří;550558;550558
Lukov;550566;550566
Šumavské Hoštice;550574;550574
Těšovice;550582;550582
Jiratice;550591;550591
Tvrzice;550604;550604
Horní Smrčné;550612;550612
Vacov;550621;550621
Hroznatín;550639;550639
Vimperk;550647;550647
Vitějovice;550655;550655
Vlachovo Březí;550663;550663
Volary;550671;550671
Záblatí;550680;550680
Zálezly;550698;550698
Zbytiny;550701;550701
Krahulov;550710;550710
Zdíkov;550728;550728
Hostětín;550736;550736
Kunovice;550744;550744
Staré Město;550752;550752
Želnava;550761;550761
Naloučany;550779;550779
Strakonice;550787;550787
Podbřežice;550795;550795
Bavorov;550809;550809
Bělčice;550817;550817
Holubice;550825;550825
Bílsko;550833;550833
Jiřice u Moravských Budějovic;550841;550841
Blatná;550850;550850
Cehnice;550906;550906
Čejetice;550922;550922
Čepřovice;550949;550949
Čestice;550957;550957
Číčenice;550965;550965
Brno-střed;550973;582786
Doubravice;550981;550981
Brno-Žabovřesky;550990;582786
Brno-Královo Pole;551007;582786
Drahonice;551015;551015
Drážov;551023;551023
Brno-sever;551031;582786
Dřešín;551040;551040
Brno-Židenice;551058;582786
Brno-Černovice;551066;582786
Brno-jih;551074;582786
Brno-Bohunice;551082;582786
Brno-Starý Lískovec;551091;582786
Hoslovice;551104;551104
Brno-Nový Lískovec;551112;582786
Hoštice;551121;551121
Chelčice;551139;551139
Brno-Kohoutovice;551147;582786
Chrášťovice;551155;551155
Jinín;551163;551163
Brno-Jundrov;551171;582786
Kadov;551180;551180
Brno-Bystrc;551198;582786
Katovice;551201;551201
Brno-Kníničky;551210;582786
Brno-Komín;551228;582786
Brno-Medlánky;551236;582786
Brno-Řečkovice a Mokrá Hora;551244;582786
Brno-Maloměřice a Obřany;551252;582786
Kraselov;551261;551261
Brno-Vinohrady;551279;582786
Brno-Líšeň;551287;582786
Brno-Slatina;551295;582786
Brno-Tuřany;551309;582786
Brno-Chrlice;551317;582786
Brno-Bosonohy;551325;582786
Libějovice;551333;551333
Litochovice;551341;551341
Lnáře;551350;551350
Brno-Žebětín;551368;582786
Brno-Ivanovice;551376;582786
Malenice;551384;551384
Mečichov;551392;551392
Brno-Jehnice;551406;582786
Miloňovice;551414;551414
Brno-Ořešín;551422;582786
Brno-Útěchov;551431;582786
Studeněves;551457;551457
Košice;551465;551465
Myštice;551473;551473
Kněžičky;551481;551481
Kněžičky;551481;551481
Branišov;551490;551490
Čížkrajice;551503;551503
Nihošovice;551520;551520
Střítež;551538;551538
Dubovice;551546;551546
Novosedly;551554;551554
Osek;551562;551562
Paračov;551571;551571
Horní Rápotice;551589;551589
Hajany;551597;551597
Turovec;551601;551601
Pracejovice;551619;551619
Předmíř;551627;551627
Předslavice;551635;551635
Přešťovice;551643;551643
Hory;551651;551651
Radomyšl;551660;551660
Radošovice;551678;551678
Podmokly;551686;551686
Velká Štáhle;551694;551694
Dlouhá Stráň;551708;551708
Sedlice;551716;551716
Mezina;551724;551724
Moravskoslezský Kočov;551732;551732
Skočice;551741;551741
Sousedovice;551759;551759
Staré Město;551767;551767
Strašice;551775;551775
Valšov;551783;551783
Střelské Hoštice;551791;551791
Horní Životice;551805;551805
Staré Heřminovy;551813;551813
Tvrdkov;551821;551821
Škvořetice;551830;551830
Petrovice;551848;551848
Štěkeň;551856;551856
Dívčí Hrad;551864;551864
Hlinka;551872;551872
Slezské Pavlovice;551881;551881
Třebohostice;551899;551899
Malá Štáhle;551902;551902
Stará Ves;551911;551911
Andělská Hora;551929;551929
Uzenice;551937;551937
Rudná pod Pradědem;551945;551945
Vodňany;551953;551953
Volenice;551961;551961
Volyně;551970;551970
Záboří;551988;551988
Ludvíkov;551996;551996
Čaková;552003;552003
Štarnov;552011;552011
Hlušovice;552020;552020
Loučka;552038;552038
Tábor;552046;552046
Bechyně;552054;552054
Bílsko;552062;552062
Dubčany;552071;552071
Tovéř;552089;552089
Borkovice;552097;552097
Borotín;552101;552101
Věrovany;552119;552119
Bradáčov;552127;552127
Březnice;552135;552135
Budislav;552143;552143
Skrbeň;552151;552151
Pňovice;552160;552160
Haňovice;552178;552178
Červenka;552186;552186
Slavětín;552194;552194
Dírná;552208;552208
Luběnice;552216;552216
Dobronice u Bechyně;552224;552224
Loučany;552232;552232
Dolní Hořice;552241;552241
Olbramice;552259;552259
Senička;552267;552267
Dráchov;552275;552275
Dražice;552283;552283
Dražičky;552291;552291
Lipina;552305;552305
Domašov u Šternberka;552313;552313
Hlavatce;552321;552321
Hlásnice;552330;552330
Mladějovice;552348;552348
Babice;552356;552356
Ústín;552364;552364
Medlov;552372;552372
Nová Hradečná;552381;552381
Želechovice;552399;552399
Bukovany;552402;552402
Přáslavice;552411;552411
Svésedlice;552429;552429
Krčmaň;552437;552437
Daskabát;552445;552445
Chotěmice;552453;552453
Chotoviny;552461;552461
Choustník;552470;552470
Vojkovice;552488;552488
Chýnov;552496;552496
Pazderna;552500;552500
Nošovice;552518;552518
Nižní Lhoty;552526;552526
Jistebnice;552534;552534
Dobratice;552542;552542
Staré Město;552551;552551
Staříč;552569;552569
Pstruží;552577;552577
Košice;552585;552585
Malenovice;552593;552593
Dolní Tošanovice;552607;552607
Vělopolí;552615;552615
Třanovice;552623;552623
Horní Tošanovice;552631;552631
Řeka;552640;552640
Smilovice;552658;552658
Malšice;552666;552666
Střítež;552674;552674
Vyšní Lhoty;552682;552682
Žabeň;552691;552691
Mladá Vožice;552704;552704
Mlýny;552712;552712
Myslkovice;552721;552721
Horní Suchá;552739;552739
Nemyšl;552747;552747
Věžky;552755;552755
Nová Ves u Chýnova;552763;552763
Čechy;552771;552771
Křtomil;552780;552780
Oldřichov;552798;552798
Opařany;552801;552801
Nahošovice;552810;552810
Planá nad Lužnicí;552828;552828
Turovice;552836;552836
Olšovec;552844;552844
Pohnání;552852;552852
Pojbuky;552861;552861
Uhřičice;552879;552879
Stříbrnice;552887;552887
Přehořov;552895;552895
Měrovice nad Hanou;552909;552909
Radenín;552917;552917
Radětice;552925;552925
Radimovice u Želče;552933;552933
Radkov;552941;552941
Šišma;552950;552950
Horní Těšice;552968;552968
Rataje;552976;552976
Dolní Těšice;552984;552984
Ratibořské Hory;552992;552992
Oplocany;553000;553000
Roudná;553018;553018
Valašská Senice;553026;553026
Řepeč;553034;553034
Mladecko;553042;553042
Mladecko;553042;553042
Dolní Životice;553051;553051
Sezimovo Ústí;553069;553069
Skalice;553077;553077
Skopytce;553085;553085
Hlavnice;553093;553093
Bratříkovice;553107;553107
Lhotka u Litultovic;553115;553115
Smilovy Hory;553123;553123
Soběslav;553131;553131
Stádlec;553140;553140
Neplachovice;553158;553158
Sudoměřice u Bechyně;553166;553166
Sudoměřice u Tábora;553174;553174
Sviny;553182;553182
Vikantice;553191;553191
Šebířov;553204;553204
Janoušov;553212;553212
Hrabová;553221;553221
Tučapy;553239;553239
Kopřivná;553247;553247
Val;553255;553255
Vesce;553263;553263
Veselí nad Lužnicí;553271;553271
Vilice;553280;553280
Vlastiboř;553298;553298
Hradec-Nová Ves;553301;553301
Vlkov;553310;553310
Vodice;553328;553328
Třeština;553336;553336
Jakubovice;553344;553344
Postřelmůvek;553352;553352
Zálší;553361;553361
Dolní Studénky;553379;553379
Hraběšice;553387;553387
Rejchartice;553395;553395
Zvěrotice;553409;553409
Želeč;553417;553417
Domažlice;553425;553425
Babylon;553433;553433
Bělá nad Radbuzou;553441;553441
Blížejov;553450;553450
Velká Kraš;553468;553468
Nemile;553476;553476
Skorošice;553484;553484
Závada;553492;553492
Bukovec;553506;553506
Čermná;553514;553514
Tužice;553522;553522
Černíkov;553531;553531
Česká Kubice;553549;553549
Díly;553557;553557
Polánka;553565;553565
Drahotín;553573;553573
Draženov;553581;553581
Nezbavětice;553590;553590
Studená;553603;553603
Litohlavy;553611;553611
Hlohová;553620;553620
Tachov;553638;553638
Dolánky nad Ohří;553646;553646
Holýšov;553654;553654
Horní Kamenice;553662;553662
Horšovský Týn;553671;553671
Hostouň;553689;553689
Trmice;553697;553697
Bačalky;553701;553701
Srnojedy;553719;553719
Chocomyšl;553727;553727
Chodov;553735;553735
Chodská Lhota;553743;553743
Chrastavice;553751;553751
Běstovice;553760;553760
Kaničky;553778;553778
Kdyně;553786;553786
Klenčí pod Čerchovem;553794;553794
Koloveč;553816;553816
Kout na Šumavě;553824;553824
Křenovy;553832;553832
Kvíčovice;553841;553841
Libkov;553859;553859
Loučim;553867;553867
Louka;553875;553875
Ústup;553883;553883
Luženičky;553891;553891
Mrlínek;553905;553905
Meclov;553913;553913
Mezholezy;553921;553921
Mezholezy;553930;553930
Milavče;553948;553948
Mířkov;553956;553956
Častohostice;553964;553964
Rybníček;553972;553972
Mrákov;553981;553981
Mutěnín;553999;553999
Nemanice;554006;554006
Návsí;554014;554014
Neuměř;554022;554022
Nevolice;554031;554031
Olbramice;554049;554049
Nový Kramolín;554057;554057
Jakubčovice nad Odrou;554065;554065
Osvračín;554073;554073
Pasečnice;554081;554081
Pec;554090;554090
Řídeč;554103;554103
Poběžovice;554111;554111
Pocinovice;554120;554120
Postřekov;554138;554138
Vernířovice;554146;554146
Puclice;554154;554154
Crhov;554162;554162
Šenov u Nového Jičína;554171;554171
Rybník;554189;554189
Branka u Opavy;554197;554197
Semněvice;554201;554201
Nová Bělá;554219;554821
Vítkovice;554227;554821
Stará Bělá;554235;554821
Pustkovec;554243;554821
Spáňov;554251;554251
Srbice;554260;554260
Srby;554278;554278
Mariánské Hory a Hulváky;554286;554821
Staňkov;554294;554294
Petřkovice;554308;554821
Stráž;554316;554316
Lhotka;554324;554821
Hošťálkovice;554332;554821
Tlumačov;554341;554341
Trhanov;554359;554359
Nová Ves;554367;554821
Proskovice;554375;554821
Újezd;554383;554383
Únějovice;554391;554391
Úsilov;554405;554405
Velký Malahov;554413;554413
Vidice;554421;554421
Michálkovice;554430;554821
Všepadly;554448;554448
Všeruby;554456;554456
Zahořany;554464;554464
Ždánov;554472;554472
Cheb;554481;554481
Aš;554499;554499
Dolní Žandov;554502;554502
Drmoul;554511;554511
Františkovy Lázně;554529;554529
Radvanice a Bartovice;554537;554821
Hazlov;554545;554545
Hranice;554553;554553
Krásné Pole;554561;554821
Martinov;554570;554821
Polanka nad Odrou;554588;554821
Křižovatka;554596;554596
Lázně Kynžvart;554600;554600
Libá;554618;554618
Lipová;554626;554626
Luby;554634;554634
Mariánské Lázně;554642;554642
Milhostov;554651;554651
Hrabová;554669;554821
Mnichov;554677;554677
Svinov;554685;554821
Nebanice;554693;554693
Nový Kostel;554707;554707
Nový Kostel;554707;554707
Třebovice;554715;554821
Plesná;554723;554821
Plzeň 5-Křimice;554731;554791
Plesná;554740;554740
Plzeň 6-Litice;554758;554791
Plzeň 7-Radčice;554766;554791
Plzeň 8-Černice;554774;554791
Praha hl.m.;554782;
Plzeň;554791;
Ústí nad Labem;554804;
Skalná;554812;554812
Ostrava;554821;
Mrákotín;554847;554847
Trstěnice;554855;554855
Dolní Brusnice;554863;554863
Střítež;554871;554871
Tři Sekery;554880;554880
Rostěnice-Zvonovice;554898;554898
Křelov-Břuchotín;554901;554901
Vražné;554910;554910
Vendryně;554928;554928
Bítov;554936;554936
Mrsklesy;554944;554944
Otradov;554952;554952
Karlovy Vary;554961;554961
Abertamy;554979;554979
Bečov nad Teplou;554995;554995
Bochov;555029;555029
Božičany;555045;555045
Havířov;555088;555088
Pardubice IV;555096;555134
Pardubice VI;555100;555134
Pardubice VII;555118;555134
Pardubice II;555126;555134
Pardubice;555134;
Horní Blatná;555169;555169
Hroznětín;555185;555185
Těchlovice;555193;555193
Chyše;555207;555207
Jáchymov;555215;555215
Velké Chvojno;555223;555223
Suchohrdly;555231;555231
Semanín;555240;555240
Kolová;555258;555258
Nová Ves u Světlé;555266;555266
Nové Sedlice;555274;555274
Kurdějov;555282;555282
Chotěbuz;555291;555291
Krásné Údolí;555304;555304
Kujavy;555312;555312
Malé Hoštice;555339;505927
Kyselka;555347;555347
Komárov;555355;505927
Merklín;555363;555363
Suché Lazce;555371;505927
Nejdek;555380;555380
Nová Role;555398;555398
Podvihov;555401;505927
Zlatníky;555410;505927
Ostrov;555428;555428
Milostovice;555436;505927
Otročín;555444;555444
Pernink;555452;555452
Vlaštovičky;555461;505927
Potůčky;555479;555479
Pšov;555525;555525
Sadov;555533;555533
Stanovice;555550;555550
Stráž nad Ohří;555584;555584
Stružná;555592;555592
Šemnice;555614;555614
Štědrá;555622;555622
Teplá;555631;555631
Toužim;555657;555657
Útvina;555681;555681
Valeč;555690;555690
Velichov;555703;555703
Verušičky;555711;555711
Vojkovice;555738;555738
Žlutice;555762;555762
Klatovy;555771;555771
Běšiny;555797;555797
Bezděkov;555801;555801
Bolešiny;555835;555835
Budětice;555894;555894
Čachrov;555941;555941
Dešenice;556041;556041
Dlažov;556068;556068
Dlažov;556068;556068
Dlouhá Ves;556076;556076
Prášily;556084;556084
Dolany;556106;556106
Hartmanice;556181;556181
Hlavňovice;556203;556203
Horažďovice;556254;556254
Hrádek;556301;556301
Hradešice;556319;556319
Chanovice;556335;556335
Chlistov;556343;556343
Chudenice;556378;556378
Chudenín;556386;556386
Janovice nad Úhlavou;556394;556394
Kašperské Hory;556432;556432
Kolinec;556467;556467
Křenice;556505;556505
Malý Bor;556629;556629
Měčín;556637;556637
Vávrovice;556700;505927
Mochtín;556718;556718
Mokrosuky;556726;556726
Myslív;556734;556734
Nalžovské Hory;556751;556751
Nezdice na Šumavě;556815;556815
Nýrsko;556831;556831
Bravantice;556858;556858
Lhota u Vsetína;556866;556866
Petrůvka;556874;556874
Rabštejnská Lhota;556882;556882
Liberec-Vratislavice nad Nisou;556891;563889
Pačejov;556912;556912
Petrovice u Sušice;556921;556921
Pila;556947;556947
Plánice;556955;556955
Spešov;556963;556963
Ropice;556971;556971
Rokytnice;556980;556980
Jezernice;556998;556998
Předslav;557005;557005
Rabí;557013;557013
Rejštejn;557021;557021
Skorkov;557030;557030
Mouřínov;557048;557048
Pardubice III;557064;555134
Pardubice V;557072;555134
Sytno;557081;557081
Soběšice;557099;557099
Bohuslavice nad Vláří;557102;557102
Srní;557111;557111
Strašín;557129;557129
Strážov;557137;557137
Lukoveček;557145;557145
Sušice;557153;557153
Svéradice;557161;557161
Ostrata;557170;557170
Šelešovice;557188;557188
Pavlovice u Kojetína;557196;557196
Švihov;557200;557200
Kobylá nad Vidnavkou;557218;557218
Písečná;557226;557226
Velhartice;557366;557366
Velké Hydčice;557374;557374
Velký Bor;557382;557382
Vrhaveč;557455;557455
Zavlekov;557463;557463
Železná Ruda;557528;557528
Žihobce;557536;557536
Žichovice;557544;557544
Blovice;557587;557587
Čižice;557641;557641
Čížkov;557650;557650
Dnešice;557668;557668
Dobřany;557676;557676
Dolní Lukavice;557684;557684
Horšice;557722;557722
Hradec;557731;557731
Hradiště;557749;557749
Chlum;557773;557773
Chlumčany;557781;557781
Chocenice;557803;557803
Chotěšov;557838;557838
Chválenice;557846;557846
Kasejovice;557862;557862
Kbel;557871;557871
Klášter;557897;557897
Kramolín;557943;557943
Letiny;557951;557951
Plzeň 10-Lhota;557978;554791
Losiná;558001;558001
Louňová;558010;558010
Lužany;558028;558028
Merklín;558044;558044
Mileč;558052;558052
Mladý Smolivec;558061;558061
Mohelnice;558079;558079
Nekvasovy;558095;558095
Nepomuk;558109;558109
Netunice;558117;558117
Neurazy;558125;558125
Nezvěstice;558141;558141
Nové Mitrovice;558176;558176
Oselce;558184;558184
Prádlo;558231;558231
Přeštice;558249;558249
Příchovice;558257;558257
Ptenín;558265;558265
Roupov;558290;558290
Řenče;558303;558303
Seč;558311;558311
Soběkury;558346;558346
Spálené Poříčí;558362;558362
Starý Plzenec;558371;558371
Stod;558389;558389
Střížovice;558401;558401
Držovice;558419;558419
Šťáhlavy;558427;558427
Štěnovice;558435;558435
Ladná;558443;558443
Tymákov;558460;558460
Útušice;558486;558486
Ves Touškov;558494;558494
Vrčeň;558559;558559
Vstiš;558567;558567
Zdemyslice;558583;558583
Zemětice;558591;558591
Ždírec;558605;558605
Žinkovy;558630;558630
Bezvěrov;558656;558656
Blatnice;558672;558672
Bučí;558699;558699
Čeminy;558711;558711
Česká Bříza;558745;558745
Dobříč;558770;558770
Dolany;558788;558788
Dolní Bělá;558796;558796
Dolní Hradiště;558800;558800
Dolní Hradiště;558800;558800
Druztová;558834;558834
Dýšina;558851;558851
Heřmanova Huť;558869;558869
Horní Bělá;558877;558877
Horní Bříza;558885;558885
Hromnice;558915;558915
Hvozd;558931;558931
Chotíkov;558940;558940
Chrást;558966;558966
Chříč;558974;558974
Jarov;558982;558982
Kaceřov;558991;558991
Kaznějov;559008;559008
Nasavrky;559016;559016
Kopidlo;559024;559024
Koryta;559032;559032
Kozojedy;559041;559041
Kozolupy;559059;559059
Kožlany;559067;559067
Kralovice;559075;559075
Krašovice;559083;559083
Krsy;559091;559091
Křelovice;559105;559105
Kunějovice;559121;559121
Kyšice;559130;559130
Ledce;559148;559148
Líně;559164;559164
Líšťany;559172;559172
Plzeň 9-Malesice;559199;554791
Manětín;559202;559202
Město Touškov;559211;559211
Mladotice;559237;559237
Mrtník;559245;559245
Nadryby;559253;559253
Nečtiny;559261;559261
Nekmíř;559270;559270
Nevřeň;559288;559288
Nýřany;559300;559300
Obora;559318;559318
Ostrov u Bezdružic;559326;559326
Pernarec;559334;559334
Plasy;559351;559351
Plešnice;559369;559369
Pňovany;559377;559377
Přehýšov;559393;559393
Rochlov;559423;559423
Rybnice;559431;559431
Tis u Blatna;559482;559482
Tlučná;559491;559491
Trnová;559504;559504
Třemošná;559521;559521
Úlice;559555;559555
Úněšov;559563;559563
Úterý;559571;559571
Vejprnice;559580;559580
Vochov;559601;559601
Všeruby;559628;559628
Zbůch;559661;559661
Zruč-Senec;559679;559679
Žihle;559695;559695
Žilov;559709;559709
Rokycany;559717;559717
Břasy;559725;559725
Březina;559733;559733
Bujesily;559741;559741
Bušovice;559750;559750
Cekov;559768;559768
Cekov;559768;559768
Cekov;559768;559768
Dobřív;559776;559776
Ejpovice;559792;559792
Hlohovice;559806;559806
Holoubkov;559814;559814
Hrádek;559822;559822
Hůrky;559849;559849
Cheznovice;559857;559857
Kařez;559903;559903
Klabava;559911;559911
Kladruby;559920;559920
Lhotka u Radnic;559946;559946
Liblín;559954;559954
Líšná;559962;559962
Mirošov;559997;559997
Mlečice;560006;560006
Mýto;560014;560014
Osek;560057;560057
Podmokly;560081;560081
Přívětice;560111;560111
Radnice;560120;560120
Sebečice;560146;560146
Strašice;560162;560162
Budyně;560171;560171
Těně;560189;560189
Lažany;560197;560197
Nová Ves;560201;560201
Drachkov;560219;560219
Vejvanov;560227;560227
Veselá;560235;560235
Droužetice;560243;560243
Volduchy;560251;560251
Zbiroh;560260;560260
Mutěnice;560278;560278
Sokolov;560286;560286
Březová;560294;560294
Bublava;560308;560308
Bukovany;560316;560316
Citice;560324;560324
Dasnice;560332;560332
Dolní Nivy;560341;560341
Habartov;560359;560359
Horní Slavkov;560367;560367
Chlum Svaté Maří;560375;560375
Chodov;560383;560383
Kuřimany;560391;560391
Kladruby;560405;560405
Jindřichovice;560413;560413
Kaceřov;560421;560421
Zhoř u Tábora;560430;560430
Běleč;560448;560448
Krajková;560456;560456
Královské Poříčí;560464;560464
Kraslice;560472;560472
Hlasivo;560481;560481
Kynšperk nad Ohří;560499;560499
Libavské Údolí;560502;560502
Řemíčov;560511;560511
Dolní Hrachovice;560529;560529
Loket;560537;560537
Lomnice;560545;560545
Pohnánec;560553;560553
Nová Ves;560561;560561
Nové Sedlo;560570;560570
Oloví;560588;560588
Přebuz;560596;560596
Rotava;560600;560600
Rovná;560618;560618
Rodná;560626;560626
Krátošice;560634;560634
Staré Sedlo;560642;560642
Stříbrná;560651;560651
Skrýchov u Malšic;560669;560669
Šindelová;560677;560677
Vintířov;560685;560685
Vřesová;560707;560707
Tachov;560715;560715
Benešovice;560723;560723
Bezdružice;560740;560740
Bor;560758;560758
Cebiv;560782;560782
Cebiv;560782;560782
Částkov;560804;560804
Černošín;560812;560812
Dlouhý Újezd;560839;560839
Dlouhý Újezd;560839;560839
Erpužice;560855;560855
Halže;560863;560863
Hošťka;560898;560898
Chodová Planá;560901;560901
Chodský Újezd;560910;560910
Kladruby;560928;560928
Konstantinovy Lázně;560952;560952
Kšice;560979;560979
Drunče;560987;560987
Rosička;560995;560995
Lesná;561002;561002
Lestkov;561011;561011
Světce;561029;561029
Vícemil;561037;561037
Smržov;561045;561045
Bednáreček;561053;561053
Horní Skrýchov;561061;561061
Pístina;561070;561070
Příbraz;561088;561088
Hojovice;561096;561096
Lidmaň;561100;561100
Bácovice;561118;561118
Bělá;561126;561126
Planá;561134;561134
Černov;561142;561142
Přimda;561151;561151
Rozvadov;561169;561169
Nová Buková;561177;561177
Staré Sedliště;561185;561185
Staré Sedlo;561193;561193
Stráž;561207;561207
Stříbro;561215;561215
Studánka;561223;561223
Sulislav;561231;561231
Bořetice;561240;561240
Svojšín;561258;561258
Litohošť;561266;561266
Rovná;561274;561274
Lhota-Vlasenice;561282;561282
Trpísty;561291;561291
Třemešné;561304;561304
Buřenice;561312;561312
Chyšná;561321;561321
Chýstovice;561339;561339
Martinice u Onšova;561347;561347
Těchobuz;561355;561355
Zhořec;561363;561363
Krasíkovice;561371;561371
Česká Lípa;561380;561380
Bezděz;561398;561398
Blatce;561401;561401
Blíževedly;561410;561410
Bohatice;561428;561428
Polesí;561436;561436
Brniště;561444;561444
Stojčín;561452;561452
Jankov;561461;561461
Cvikov;561479;561479
Střítež pod Křemešníkem;561487;561487
Doksy;561495;561495
Probulov;561509;561509
Přeborov;561517;561517
Horosedly;561525;561525
Dubá;561533;561533
Dubnice;561541;561541
Kožlí;561550;561550
Nové Hutě;561568;561568
Budkov;561576;561576
Holany;561584;561584
Horní Libchava;561592;561592
Horní Police;561606;561606
Chlum;561614;561614
Chotovice;561622;561622
Jablonné v Podještědí;561631;561631
Lčovice;561649;561649
Janovice v Podještědí;561657;561657
Jestřebí;561665;561665
Křišťanov;561673;561673
Kamenický Šenov;561681;561681
Hájek;561690;561690
Hájek;561690;561690
Člunek;561703;561703
Blažejov;561711;561711
Kravaře;561720;561720
Krompach;561738;561738
Kunratice u Cvikova;561746;561746
Eš;561754;561754
Dobrá Voda u Pacova;561762;561762
Vysoká Lhota;561771;561771
Rodinov;561789;561789
Vystrkov;561797;561797
Bystrá;561801;561801
Mysletín;561819;561819
Mařenice;561827;561827
Mimoň;561835;561835
Staré Bříště;561843;561843
Noviny pod Ralskem;561851;561851
Nový Bor;561860;561860
Nový Oldřichov;561878;561878
Okna;561886;561886
Okrouhlá;561894;561894
Žirov;561908;561908
Pavlov;561916;561916
Dehtáře;561924;561924
Dobrá Voda;561932;561932
Proseč pod Křemešníkem;561941;561941
Polevsko;561959;561959
Olešná;561967;561967
Zajíčkov;561975;561975
Provodín;561983;561983
Prysk;561991;561991
Rynárec;562009;562009
Ralsko;562017;562017
Skalice u České Lípy;562025;562025
Útěchovice pod Stražištěm;562033;562033
Lesná;562041;562041
Sloup v Čechách;562050;562050
Rakovice;562068;562068
Sosnová;562076;562076
Jickovice;562084;562084
Stráž pod Ralskem;562092;562092
Stružnice;562106;562106
Stvolínky;562114;562114
Boudy;562122;562122
Svor;562131;562131
Minice;562149;562149
Nerestce;562157;562157
Zvíkovské Podhradí;562165;562165
Velenice;562173;562173
Křenovice;562181;562181
Křenovice;562181;562181
Olešná;562190;562190
Velký Valtinov;562203;562203
Varvažov;562211;562211
Volfartice;562220;562220
Vrchovany;562238;562238
Zahrádky;562246;562246
Paseky;562254;562254
Paseky;562254;562254
Zákupy;562262;562262
Temešvár;562271;562271
Vojníkov;562289;562289
Žandov;562297;562297
Dolní Novosedly;562301;562301
Horní Slatina;562319;562319
Třebětice;562327;562327
Děčín;562335;562335
Arnoltice;562343;562343
Benešov nad Ploučnicí;562351;562351
Nová Ves nad Lužnicí;562360;562360
Staňkov;562378;562378
Hamr;562386;562386
Česká Kamenice;562394;562394
Dobkovice;562408;562408
Dobrohošť;562416;562416
Županovice;562424;562424
Županovice;562424;562424
Dolní Podluží;562432;562432
Dolní Poustevna;562441;562441
Polště;562459;562459
Dolní Pěna;562467;562467
Dolní Pěna;562467;562467
Okrouhlá Radouň;562475;562475
Heřmanov;562483;562483
Kačlehy;562491;562491
Horní Podluží;562505;562505
Hřensko;562513;562513
Huntířov;562521;562521
Chřibská;562530;562530
Bednárec;562548;562548
Jetřichovice;562556;562556
Jílové;562564;562564
Jiřetín pod Jedlovou;562572;562572
Jiříkov;562581;562581
Velký Ratmírov;562599;562599
Dolní Žďár;562602;562602
Krásná Lípa;562611;562611
Vydří;562629;562629
Frahelž;562637;562637
Kytlice;562645;562645
Ponědrážka;562653;562653
Lipová;562661;562661
Ponědraž;562670;562670
Klec;562688;562688
Hadravova Rosička;562696;562696
Malá Veleň;562700;562700
Malšovice;562718;562718
Báňovice;562726;562726
Nová Olešná;562734;562734
Bořetín;562742;562742
Mikulášovice;562751;562751
Jilem;562769;562769
Rumburk;562777;562777
Horní Němčice;562785;562785
Rybniště;562793;562793
Halámky;562807;562807
Dunajovice;562815;562815
Staré Křečany;562823;562823
Hrachoviště;562831;562831
Domanín;562840;562840
Šluknov;562858;562858
Mažice;562866;562866
Valkeřice;562874;562874
Valkeřice;562874;562874
Varnsdorf;562882;562882
Velká Bukovina;562891;562891
Hodonice;562904;562904
Velký Šenov;562912;562912
Verneřice;562921;562921
Veselé;562939;562939
Vilémov;562947;562947
Košín;562955;562955
Jedlany;562963;562963
Chomutov;562971;562971
Bílence;562980;562980
Blatno;562998;562998
Boleboř;563005;563005
Březno;563013;563013
Černovice;563021;563021
Krtov;563030;563030
Domašín;563048;563048
Domašín;563048;563048
Droužkovice;563056;563056
Hora Svatého Šebestiána;563064;563064
Hrušovany;563072;563072
Chbany;563081;563081
Jirkov;563099;563099
Kadaň;563102;563102
Kalek;563111;563111
Klášterec nad Ohří;563129;563129
Kovářská;563137;563137
Chrbonín;563145;563145
Třebějice;563153;563153
Křimov;563161;563161
Svrabov;563170;563170
Libědice;563188;563188
Radimovice u Tábora;563196;563196
Málkov;563200;563200
Mašťov;563218;563218
Měděnec;563226;563226
Meziříčí;563234;563234
Místo;563242;563242
Balkova Lhota;563251;563251
Okounov;563269;563269
Otvice;563277;563277
Perštejn;563285;563285
Pětipsy;563293;563293
Drhovice;563307;563307
Kryštofovy Hamry;563315;563315
Radonice;563323;563323
Rokle;563331;563331
Spořice;563340;563340
Strupčice;563358;563358
Bečice;563366;563366
Psárov;563374;563374
Údlice;563382;563382
Vejprty;563404;563404
Veliká Ves;563412;563412
Vilémov;563439;563439
Vlčeves;563447;563447
Nová Ves u Mladé Vožice;563455;563455
Vrskmaň;563463;563463
Všehrdy;563471;563471
Všestudy;563480;563480
Výsluní;563498;563498
Vysoká Pec;563501;563501
Jablonec nad Nisou;563510;563510
Albrechtice v Jizerských horách;563528;563528
Bedřichov;563536;563536
Libějice;563544;563544
Desná;563552;563552
Držkov;563561;563561
Frýdštejn;563579;563579
Lom;563587;563587
Janov nad Nisou;563595;563595
Jenišovice;563609;563609
Jílové u Držkova;563617;563617
Haškovcova Lhota;563625;563625
Josefův Důl;563633;563633
Koberovy;563641;563641
Dlouhá Lhota;563650;563650
Kořenov;563668;563668
Líšný;563676;563676
Loužnice;563684;563684
Lučany nad Nisou;563692;563692
Malá Skála;563706;563706
Maršovice;563714;563714
Černýšovice;563722;563722
Černýšovice;563722;563722
Nová Ves nad Nisou;563731;563731
Pěnčín;563749;563749
Plavy;563757;563757
Drahov;563765;563765
Radčice;563773;563773
Rádlo;563781;563781
Rychnov u Jablonce nad Nisou;563790;563790
Skuhrov;563803;563803
Smržovka;563811;563811
Tanvald;563820;563820
Velké Hamry;563838;563838
Vlastiboř;563846;563846
Zásada;563854;563854
Zlatá Olešnice;563862;563862
Železný Brod;563871;563871
Liberec;563889;
Žíšov;563897;563897
Bílá;563901;563901
Bílý Kostel nad Nisou;563919;563919
Zadní Střítež;563927;563927
Bulovka;563935;563935
Cetenov;563943;563943
Únice;563951;563951
Český Dub;563960;563960
Kubova Huť;563978;563978
Klenovice;563986;563986
Dolní Řasnice;563994;563994
Frýdlant;564028;564028
Habartice;564036;564036
Hejnice;564044;564044
Hlavice;564052;564052
Hodkovice nad Mohelkou;564061;564061
Horní Řasnice;564079;564079
Poštovice;564087;564087
Hrádek nad Nisou;564095;564095
Chotyně;564109;564109
Chrastava;564117;564117
Plchov;564125;564125
Plchov;564125;564125
Plchov;564125;564125
Plchov;564125;564125
Jindřichovice pod Smrkem;564133;564133
Kobyly;564141;564141
Libochovičky;564150;564150
Krásný Les;564168;564168
Kryštofovo Údolí;564176;564176
Křižany;564184;564184
Páleč;564192;564192
Lázně Libverda;564206;564206
Počaply;564214;564214
Nestrašovice;564222;564222
Mníšek;564231;564231
Chrást;564249;564249
Horčápsko;564257;564257
Nové Město pod Smrkem;564265;564265
Svojšice;564273;564273
Oldřichov v Hájích;564281;564281
Osečná;564290;564290
Pěnčín;564303;564303
Pertoltice;564311;564311
Zbenice;564320;564320
Županovice;564338;564338
Lazsko;564346;564346
Příšovice;564354;564354
Vrančice;564362;564362
Raspenava;564371;564371
Radětice;564389;564389
Rynoltice;564397;564397
Soběslavice;564401;564401
Cetyně;564419;564419
Světlá pod Ještědem;564427;564427
Svijanský Újezd;564435;564435
Svijany;564443;564443
Sychrov;564451;564451
Šimonovice;564460;564460
Narysov;564478;564478
Narysov;564478;564478
Podlesí;564486;564486
Višňová;564494;564494
Dubno;564508;564508
Vlastibořice;564516;564516
Nepomuk;564524;564524
Všelibice;564532;564532
Zdislava;564541;564541
Bohostice;564559;564559
Litoměřice;564567;564567
Bechlín;564575;564575
Starosedlský Hrádek;564583;564583
Bohušovice nad Ohří;564591;564591
Hlubyně;564605;564605
Brňany;564613;564613
Brozany nad Ohří;564621;564621
Sedlice;564630;564630
Bříza;564648;564648
Budyně nad Ohří;564656;564656
Bukovany;564664;564664
Ctiněves;564672;564672
Drahobudice;564681;564681
Černiv;564699;564699
Masojedy;564702;564702
Čížkovice;564711;564711
Děčany;564729;564729
Dlažkovice;564737;564737
Dobříň;564745;564745
Doksany;564753;564753
Konojedy;564761;564761
Drahobuz;564770;564770
Prusice;564788;564788
Výžerky;564796;564796
Hradešín;564800;564800
Dušníky;564818;564818
Vrátkov;564826;564826
Evaň;564834;564834
Hlinná;564842;564842
Horní Beřkovice;564851;564851
Březí;564869;564869
Hoštka;564877;564877
Doubek;564885;564885
Hrobce;564893;564893
Nupaky;564907;564907
Herink;564915;564915
Chodouny;564923;564923
Chodovlice;564931;564931
Chotěšov;564940;564940
Chotiměř;564958;564958
Chotiněves;564966;564966
Káraný;564974;564974
Květnice;564982;564982
Květnice;564982;564982
Křenice;564991;564991
Dobročovice;565008;565008
Keblice;565016;565016
Klapý;565024;565024
Kleneč;565032;565032
Břežany;565041;565041
Kostomlaty pod Řípem;565059;565059
Krabčice;565067;565067
Křesín;565075;565075
Křešice;565083;565083
Kyškovice;565091;565091
Levín;565105;565105
Lhotka nad Labem;565113;565113
Liběšice;565121;565121
Všesulov;565130;565130
Všesulov;565130;565130
Všesulov;565130;565130
Libkovice pod Řípem;565148;565148
Libochovany;565156;565156
Libochovany;565156;565156
Libochovice;565164;565164
Libotenice;565172;565172
Děkov;565181;565181
Kolešov;565199;565199
Hracholusky;565202;565202
Lovečkovice;565211;565211
Lovosice;565229;565229
Lukavec;565237;565237
Malé Žernoseky;565245;565245
Martiněves;565253;565253
Přílepy;565261;565261
Janov;565270;565270
Karlova Ves;565288;565288
Mlékojedy;565296;565296
Mnetěš;565300;565300
Mšené-lázně;565318;565318
Švihov;565326;565326
Hvozd;565334;565334
Nové Dvory;565342;565342
Krakov;565351;565351
Krakovec;565369;565369
Malinová;565377;565377
Kozojedy;565385;565385
Ploskovice;565393;565393
Smilovice;565407;565407
Podsedice;565415;565415
Bdín;565423;565423
Bdín;565423;565423
Polepy;565431;565431
Kalivody;565440;565440
Prackovice nad Labem;565458;565458
Prackovice nad Labem;565458;565458
Milý;565466;565466
Přestavlky;565474;565474
Račice;565482;565482
Račiněves;565491;565491
Řeřichy;565504;565504
Václavy;565512;565512
Radovesice;565521;565521
Sovínky;565539;565539
Sovínky;565539;565539
Rochov;565547;565547
Roudnice nad Labem;565555;565555
Lipník;565563;565563
Lipník;565563;565563
Vlkava;565571;565571
Plužná;565580;565580
Siřejovice;565598;565598
Slatina;565601;565601
Snědovice;565610;565610
Vinařice;565628;565628
Rohatsko;565636;565636
Mečeříž;565644;565644
Rabakov;565652;565652
Řitonice;565661;565661
Straškov-Vodochody;565679;565679
Sulejovice;565695;565695
Štětí;565709;565709
Terezín;565717;565717
Veselice;565725;565725
Hrušov;565733;565733
Travčice;565741;565741
Bílá Hlína;565750;565750
Třebenice;565768;565768
Třebívlice;565776;565776
Charvatce;565784;565784
Charvatce;565784;565784
Charvatce;565784;565784
Charvatce;565784;565784
Třebušín;565792;565792
Úpohlavy;565806;565806
Úštěk;565814;565814
Mohelnice nad Jizerou;565822;565822
Vědomice;565831;565831
Velemín;565849;565849
Velké Žernoseky;565857;565857
Vchynice;565865;565865
Vlastislav;565873;565873
Vražkov;565881;565881
Vrbice;565890;565890
Vrbičany;565903;565903
Vrutice;565911;565911
Sudoměř;565920;565920
Žabovřesky nad Ohří;565938;565938
Žalhostice;565946;565946
Židovice;565954;565954
Žitenice;565962;565962
Louny;565971;565971
Hlavenec;565989;565989
Bitozeves;565997;565997
Blatno;566004;566004
Blažim;566012;566012
Blšany;566021;566021
Jizerní Vtelno;566039;566039
Košátky;566047;566047
Vřeskovice;566055;566055
Břvany;566063;566063
Všekary;566071;566071
Čečovice;566080;566080
Černovice;566098;566098
Štichov;566101;566101
Deštnice;566128;566128
Brnířov;566136;566136
Kanice;566144;566144
Domoušice;566152;566152
Úboč;566161;566161
Hradiště;566179;566179
Holedeč;566187;566187
Hříškov;566195;566195
Otov;566209;566209
Hřivice;566217;566217
Chlumčany;566233;566233
Chožov;566241;566241
Vlkanov;566250;566250
Hora Svatého Václava;566276;566276
Koštice;566284;566284
Mnichov;566292;566292
Mnichov;566292;566292
Mnichov;566292;566292
Krásný Dvůr;566306;566306
Kryry;566314;566314
Lenešice;566322;566322
Hvožďany;566331;566331
Libčeves;566349;566349
Liběšice;566357;566357
Poděvousy;566365;566365
Pelechy;566373;566373
Libořice;566381;566381
Hlince;566390;566390
Lipno;566403;566403
Lišany;566411;566411
Líté;566420;566420
Lubenec;566438;566438
Loza;566446;566446
Měcholupy;566454;566454
Lochousice;566462;566462
Bohy;566471;566471
Brodeslavy;566489;566489
Všehrdy;566497;566497
Nepomyšl;566501;566501
Nové Sedlo;566519;566519
Očihov;566527;566527
Panenský Týnec;566535;566535
Myslinka;566543;566543
Peruc;566551;566551
Petrohrad;566560;566560
Pnětluky;566578;566578
Počedělice;566586;566586
Újezd nade Mží;566594;566594
Podbořanský Rohozec;566608;566608
Podbořany;566616;566616
Postoloprty;566624;566624
Černíkovice;566632;566632
Hlohovčice;566641;566641
Raná;566659;566659
Ročov;566667;566667
Vrbice;566675;566675
Dražovice;566683;566683
Vlčí;566691;566691
Borovno;566705;566705
Slavětín;566713;566713
Smolnice;566721;566721
Holovousy;566730;566730
Slatina;566748;566748
Bdeněves;566756;566756
Blažim;566764;566764
Pastuchovice;566781;566781
Všenice;566799;566799
Terešov;566802;566802
Kamenec;566811;566811
Toužetín;566829;566829
Toužetín;566829;566829
Němčovice;566837;566837
Skomelno;566845;566845
Tuchořice;566853;566853
Plískov;566861;566861
Velemyšleves;566870;566870
Olbramov;566888;566888
Veltěže;566896;566896
Růžová;566900;566900
Vinařice;566918;566918
Vrbno nad Lesy;566926;566926
Vroutek;566934;566934
Raková;566942;566942
Výškov;566951;566951
Výrov;566969;566969
Zbrašín;566977;566977
Žatec;566985;566985
Ostrovec-Lhotka;566993;566993
Lhota pod Radčem;567001;567001
Žiželice;567019;567019
Žiželice;567019;567019
Most;567027;567027
Bečov;567043;567043
Bělušice;567051;567051
Braňany;567060;567060
Brandov;567078;567078
Příšov;567086;567086
Český Jiřetín;567108;567108
Havraň;567141;567141
Hora Svaté Kateřiny;567167;567167
Horní Jiřetín;567175;567175
Klíny;567191;567191
Korozluky;567221;567221
Lišnice;567248;567248
Litvínov;567256;567256
Lom;567264;567264
Louka u Litvínova;567272;567272
Lužice;567281;567281
Malé Březno;567299;567299
Mariánské Radčice;567302;567302
Meziboří;567311;567311
Nová Ves v Horách;567329;567329
Obrnice;567337;567337
Patokryje;567345;567345
Polerady;567353;567353
Skršín;567361;567361
Želenice;567426;567426
Teplice;567442;567442
Bílina;567451;567451
Bořislav;567469;567469
Bystřany;567477;567477
Bžany;567485;567485
Dubí;567507;567507
Duchcov;567515;567515
Háj u Duchcova;567523;567523
Hostomice;567531;567531
Hrob;567558;567558
Hrobčice;567566;567566
Jeníkov;567582;567582
Kladruby;567604;567604
Kostomlaty pod Milešovkou;567612;567612
Košťany;567621;567621
Krupka;567639;567639
Lahošť;567647;567647
Ledvice;567655;567655
Měrunice;567698;567698
Mikulov;567701;567701
Modlany;567710;567710
Moldava;567728;567728
Moldava;567728;567728
Novosedlice;567752;567752
Ohníč;567761;567761
Osek;567779;567779
Proboštov;567787;567787
Rtyně nad Bílinou;567809;567809
Srbice;567833;567833
Světec;567841;567841
Újezdeček;567850;567850
Zabrušany;567868;567868
Žalany;567876;567876
Žim;567884;567884
Ústí nad Labem-město;567892;554804
Dolní Zálezly;567931;567931
Habrovany;567957;567957
Homole u Panny;567973;567973
Chabařovice;568007;568007
Chlumec;568015;568015
Chuderov;568023;568023
Libouchec;568058;568058
Malé Březno;568091;568091
Malečov;568104;568104
Petrovice;568147;568147
Povrly;568155;568155
Žermanice;568163;568163
Kružberk;568180;568180
Staré Těchanovice;568198;568198
Řehlovice;568201;568201
Hať;568210;568210
Darkovice;568228;568228
Děhylov;568236;568236
Vřesina;568244;568244
Budišovice;568261;568261
Mikolajice;568279;568279
Tašov;568287;568287
Telnice;568295;568295
Tisá;568309;568309
Radkov;568317;568317
Štáblovice;568333;568333
Uhlířov;568341;568341
Velké Březno;568350;568350
Hlubočec;568368;568368
Rohov;568376;568376
Zubrnice;568384;568384
Doloplazy;568392;568392
Slatina;568406;568406
Havlíčkův Brod;568414;568414
Velké Albrechtice;568422;568422
Bordovice;568431;568431
Zbyslavice;568449;568449
Bojiště;568457;568457
Borek;568465;568465
Závišice;568473;568473
Bernartice nad Odrou;568481;568481
Čachotín;568490;568490
Česká Bělá;568503;568503
Hostašovice;568511;568511
Číhošť;568520;568520
Dlouhá Ves;568538;568538
Kunín;568546;568546
Rybí;568554;568554
Heřmanice u Oder;568562;568562
Heřmánky;568571;568571
Mankovice;568589;568589
Dolní Krupá;568597;568597
Dolní Město;568601;568601
Druhanov;568619;568619
Golčův Jeníkov;568635;568635
Kateřinice;568643;568643
Habry;568651;568651
Havlíčkova Borová;568660;568660
Herálec;568678;568678
Mošnov;568686;568686
Hněvkovice;568694;568694
Horní Krupá;568708;568708
Skotnice;568716;568716
Hradec;568724;568724
Ženklava;568732;568732
Albrechtičky;568741;568741
Chotěboř;568759;568759
Chrtníč;568767;568767
Pustějov;568775;568775
Jedlá;568783;568783
Soběšovice;568791;568791
Jeřišno;568805;568805
Pražmo;568813;568813
Kámen;568821;568821
Řepiště;568830;568830
Kamenná Lhota;568848;568848
Klokočov;568856;568856
Doubrava;568864;568864
Charváty;568872;568872
Kojetín;568881;568881
Kozlov;568899;568899
Kožlí;568902;568902
Měrotín;568911;568911
Krásná Hora;568929;568929
Krátká Ves;568937;568937
Krucemburk;568945;568945
Květinov;568953;568953
Vilémov;568961;568961
Kynice;568970;568970
Ledeč nad Sázavou;568988;568988
Leškovice;568996;568996
Liboš;569003;569003
Leština u Světlé;569011;569011
Libice nad Doubravou;569020;569020
Lípa;569038;569038
Lipnice nad Sázavou;569046;569046
Strukov;569054;569054
Lučice;569062;569062
Malčín;569071;569071
Maleč;569089;569089
Moravice;569097;569097
Třebom;569101;569101
Čavisov;569119;569119
Modlíkov;569127;569127
Císařov;569135;569135
Křenovice;569143;569143
Nová Ves u Leštiny;569151;569151
Nová Ves u Chotěboře;569160;569160
Bohuslávky;569178;569178
Okrouhlice;569186;569186
Grymov;569194;569194
Olešenka;569208;569208
Olešná;569216;569216
Oudoleň;569224;569224
Ovesná Lhota;569232;569232
Pavlov;569241;569241
Dolní Nětčice;569259;569259
Hlinsko;569267;569267
Horní Nětčice;569275;569275
Horní Nětčice;569275;569275
Kladníky;569283;569283
Pohled;569291;569291
Chromeč;569305;569305
Prosíčka;569313;569313
Přibyslav;569321;569321
Ostružná;569330;569330
Příseka;569348;569348
Česká Ves;569356;569356
Radostín;569364;569364
Krchleby;569372;569372
Mírov;569381;569381
Rozsochatec;569399;569399
Rušinov;569402;569402
Rybníček;569411;569411
Sázavka;569429;569429
Bratrušov;569437;569437
Vikýřovice;569445;569445
Velké Kunětice;569453;569453
Skryje;569461;569461
Skuhrov;569470;569470
Slavíkov;569488;569488
Podolí;569496;569496
Horní Lhota;569500;569500
Sobíňov;569518;569518
Milotice nad Opavou;569526;569526
Stříbrné Hory;569534;569534
Horní Újezd;569542;569542
Nové Heřminovy;569551;569551
Světlá nad Sázavou;569569;569569
Oborná;569577;569577
Šlapanov;569585;569585
Štoky;569593;569593
Býkov-Láryšov;569607;569607
Tis;569615;569615
Trpišovice;569623;569623
Sviadnov;569631;569631
Uhelná Příbram;569640;569640
Úsobí;569658;569658
Hladké Životice;569666;569666
Vepříkov;569674;569674
Veselý Žďár;569682;569682
Věž;569691;569691
Věžnice;569704;569704
Vilémov;569712;569712
Vilémovice;569721;569721
Vlkanov;569739;569739
Vrchy;569747;569747
Trnávka;569755;569755
Suchonice;569771;569771
Ždírec nad Doubravou;569780;569780
Horní Loděnice;569798;569798
Žižkovo Pole;569801;569801
Hradec Králové;569810;569810
Babice;569828;569828
Barchov;569836;569836
Lužice;569844;569844
Běleč nad Orlicí;569852;569852
Benátky;569861;569861
Blešno;569879;569879
Boharyně;569887;569887
Dobroslavice;569895;569895
Chvalíkovice;569909;569909
Černilov;569917;569917
Černožice;569925;569925
Čistěves;569933;569933
Divec;569941;569941
Čermná ve Slezsku;569950;569950
Dobřenice;569968;569968
Dohalice;569976;569976
Dolní Přím;569984;569984
Habřina;569992;569992
Hlušice;570001;570001
Hněvčeves;570010;570010
Holohlavy;570028;570028
Větřkovice;570036;570036
Hořiněves;570044;570044
Hrádek;570052;570052
Špičky;570061;570061
Týn nad Bečvou;570079;570079
Humburky;570087;570087
Vyšehoří;570095;570095
Vyšehoří;570095;570095
Chlumec nad Cidlinou;570109;570109
Šléglov;570117;570117
Chudeřice;570125;570125
Jeníkovice;570133;570133
Drozdov;570141;570141
Káranice;570150;570150
Klamoš;570168;570168
Kosice;570176;570176
Kosičky;570184;570184
Králíky;570192;570192
Kratonohy;570206;570206
Kunčice;570214;570214
Lejšovka;570222;570222
Lhota pod Libčany;570231;570231
Libčany;570249;570249
Libníkovice;570257;570257
Librantice;570265;570265
Libřice;570273;570273
Stavenice;570281;570281
Lišice;570290;570290
Lodín;570303;570303
Lochenice;570311;570311
Lovčice;570320;570320
Zborov;570338;570338
Janová;570346;570346
Lužany;570354;570354
Lužany;570354;570354
Lužec nad Cidlinou;570362;570362
Ústí;570371;570371
Měník;570397;570397
Mlékosrby;570401;570401
Mokrovousy;570419;570419
Myštěves;570427;570427
Mžany;570435;570435
Neděliště;570443;570443
Nechanice;570451;570451
Nepolisy;570478;570478
Nové Město;570494;570494
Nový Bydžov;570508;570508
Ohnišťany;570516;570516
Olešnice;570524;570524
Osice;570532;570532
Osičky;570541;570541
Petrovice;570567;570567
Písek;570575;570575
Prasek;570648;570648
Praskačka;570656;570656
Předměřice nad Labem;570672;570672
Převýšov;570681;570681
Račice nad Trotinou;570702;570702
Radíkovice;570711;570711
Radostov;570729;570729
Roudnice;570745;570745
Prodašice;570753;570753
Ujkovice;570761;570761
Ujkovice;570761;570761
Loukov;570770;570770
Bradlec;570788;570788
Sendražice;570796;570796
Skalice;570800;570800
Dalovice;570818;570818
Kosmonosy;570826;570826
Skřivany;570834;570834
Vinec;570842;570842
Sloupno;570851;570851
Smidary;570869;570869
Smiřice;570877;570877
Smržov;570885;570885
Obrubce;570893;570893
Sovětice;570907;570907
Stará Voda;570915;570915
Přepeře;570923;570923
Stěžery;570931;570931
Dolní Stakory;570940;570940
Stračov;570958;570958
Střezetice;570966;570966
Kolomuty;570974;570974
Tuřice;570982;570982
Ctiměřice;570991;570991
Syrovátka;571008;571008
Šaplava;571016;571016
Těchlovice;571024;571024
Pěčice;571032;571032
Třebechovice pod Orebem;571041;571041
Třesovice;571059;571059
Doubravička;571067;571067
Kluky;571075;571075
Vinary;571083;571083
Všestary;571091;571091
Výrava;571105;571105
Vysoká nad Labem;571113;571113
Niměřice;571121;571121
Niměřice;571121;571121
Zachrašťany;571130;571130
Rokytovec;571148;571148
Rokytovec;571148;571148
Nemyslovice;571156;571156
Chrudim;571164;571164
Kobylnice;571172;571172
Běstvina;571181;571181
Bratřínov;571199;571199
Bojanov;571202;571202
Klínec;571211;571211
Bořice;571229;571229
Bousov;571237;571237
Bylany;571245;571245
Ctětín;571253;571253
Kytín;571261;571261
Čankovice;571270;571270
Zahořany;571288;571288
České Lhotice;571296;571296
Dědová;571300;571300
Roblín;571318;571318
Lichoceves;571326;571326
Okoř;571334;571334
Svrkyně;571342;571342
Úholičky;571351;571351
Hamry;571377;571377
Heřmanův Městec;571385;571385
Hlinsko;571393;571393
Hluboká;571407;571407
Xaverov;571415;571415
Zichovec;571423;571423
Vrbičany;571431;571431
Holetín;571440;571440
Honbice;571458;571458
Horka;571466;571466
Horní Bradlo;571474;571474
Hošťalovice;571482;571482
Hrochův Týnec;571491;571491
Hroubovice;571504;571504
Kutrovice;571512;571512
Neprobylice;571521;571521
Chrast;571539;571539
Chroustovice;571547;571547
Líský;571555;571555
Líský;571555;571555
Jenišovice;571563;571563
Kameničky;571571;571571
Kladno;571580;571580
Zájezd;571598;571598
Libovice;571601;571601
Kočí;571610;571610
Kostelec u Heřmanova Městce;571628;571628
Němčice;571636;571636
Štíhlice;571644;571644
Krásné;571652;571652
Krouna;571661;571661
Oplany;571679;571679
Klášterní Skalice;571687;571687
Leština;571695;571695
Leštinka;571709;571709
Kšely;571717;571717
Libkov;571725;571725
Liboměřice;571733;571733
Třebonín;571741;571741
Lozice;571750;571750
Lukavice;571768;571768
Luže;571776;571776
Libiš;571784;571784
Kozomín;571792;571792
Nová Ves u Bakova;571806;571806
Zdětín;571814;571814
Míčov-Sušice;571822;571822
Miřetice;571831;571831
Chudíř;571849;571849
Mladoňovice;571857;571857
Mukařov;571865;571865
Morašice;571873;571873
Strážiště;571881;571881
Nabočany;571890;571890
Načešice;571903;571903
Nasavrky;571911;571911
Nové Hrady;571920;571920
Ptýrov;571938;571938
Branžež;571946;571946
Sudovo Hlavno;571954;571954
Orel;571962;571962
Kováň;571971;571971
Dobšín;571989;571989
Neveklovice;571997;571997
Perálec;572004;572004
Kovanec;572012;572012
Vrátno;572021;572021
Podhořany u Ronova;572039;572039
Kyje;572047;572047
Pokřikov;572063;572063
Prachovice;572071;572071
Proseč;572080;572080
Prosetín;572098;572098
Předhradí;572101;572101
Přestavlky;572110;572110
Vrbice;572128;572128
Kozojedy;572136;572136
Sekeřice;572144;572144
Raná;572152;572152
Ronov nad Doubravou;572161;572161
Rosice;572179;572179
Slavhostice;572187;572187
Želivsko;572195;572195
Řepníky;572209;572209
Řestoky;572217;572217
Seč;572225;572225
Řídký;572233;572233
Skuteč;572241;572241
Březinky;572250;572250
Slatiňany;572268;572268
Sobětuchy;572276;572276
Hartinkov;572284;572284
Vrážné;572292;572292
Stradouň;572306;572306
Střemošice;572314;572314
Studnice;572322;572322
Svídnice;572331;572331
Svratouch;572349;572349
Desná;572357;572357
Horní Újezd;572365;572365
Poříčí u Litomyšle;572373;572373
Tisovec;572381;572381
Trhová Kamenice;572390;572390
Trojovice;572403;572403
Třemošnice;572411;572411
Tuněchody;572420;572420
Nová Ves u Jarošova;572438;572438
Úhřetice;572446;572446
Vápenný Podol;572454;572454
Včelákov;572462;572462
Vejvanovice;572471;572471
Vinary;572489;572489
Vítanov;572497;572497
Vojtěchov;572501;572501
Biskupice;572519;572519
Vortová;572527;572527
Vrbatův Kostelec;572535;572535
Všeradov;572543;572543
Všeradov;572543;572543
Vysočina;572551;572551
Banín;572560;572560
Zaječice;572578;572578
Bělá nad Svitavou;572586;572586
Kukle;572594;572594
Nová Sídla;572608;572608
Tržek;572616;572616
Útěchov;572624;572624
Borušov;572632;572632
Žumberk;572641;572641
Jičín;572659;572659
Bašnice;572667;572667
Běchary;572675;572675
Dětřichov u Moravské Třebové;572683;572683
Hradec nad Svitavou;572691;572691
Boháňka;572705;572705
Javorník;572713;572713
Opatovec;572721;572721
Chmelík;572730;572730
Karle;572748;572748
Tetín;572756;572756
Chrtníky;572764;572764
Bystřice;572772;572772
Cerekvice nad Bystřicí;572781;572781
Časy;572799;572799
Malé Výkleky;572802;572802
Češov;572811;572811
Dětenice;572829;572829
Dobrá Voda u Hořic;572837;572837
Lány u Dašic;572845;572845
Lány u Dašic;572845;572845
Pravy;572853;572853
Křičeň;572861;572861
Němčice;572870;572870
Újezd u Sezemic;572888;572888
Černá u Bohdanče;572896;572896
Holín;572900;572900
Holovousy;572918;572918
Hořice;572926;572926
Stéblová;572934;572934
Plch;572942;572942
Podůlšany;572951;572951
Chomutice;572969;572969
Dubany;572977;572977
Třebosice;572985;572985
Jeřice;572993;572993
Jičíněves;573001;573001
Holotín;573019;573019
Sovolusky;573027;573027
Morašice;573035;573035
Kněžnice;573043;573043
Konecchlumí;573051;573051
Kopidlno;573060;573060
Neratov;573078;573078
Lískovice;573086;573086
Lázně Bělohrad;573094;573094
Libáň;573108;573108
Libošovice;573116;573116
Libuň;573124;573124
Starý Bydžov;573132;573132
Lukavec u Hořic;573141;573141
Lužany;573159;573159
Markvartice;573167;573167
Miletín;573175;573175
Zelenecká Lhota;573183;573183
Sadová;573191;573191
Mladějov;573205;573205
Mlázovice;573213;573213
Rohoznice;573221;573221
Nemyčeves;573230;573230
Nová Paka;573248;573248
Šárovcova Lhota;573256;573256
Osek;573264;573264
Ostroměř;573272;573272
Ostružno;573281;573281
Pecka;573299;573299
Svatojanský Újezd;573302;573302
Podhorní Újezd a Vojice;573311;573311
Podhradí;573329;573329
Dřevěnice;573337;573337
Podůlší;573345;573345
Bukvice;573353;573353
Soběraz;573361;573361
Radim;573370;573370
Litoboř;573388;573388
Loučky;573400;573400
Martinice v Krkonoších;573418;573418
Anenská Studánka;573426;573426
Lhota;573434;573434
Samšina;573442;573442
Sběř;573451;573451
Slatiny;573469;573469
Sobčice;573477;573477
Lesůňky;573485;573485
Sobotka;573493;573493
Stará Paka;573507;573507
Kunětice;573515;573515
Staré Smrkovice;573523;573523
Puchlovice;573531;573531
Střevač;573540;573540
Boňkov;573558;573558
Bělá;573566;573566
Chřenovice;573574;573574
Víska;573582;573582
Víska;573582;573582
Pohleď;573591;573591
Služátky;573604;573604
Třebnouševes;573612;573612
Hvozdnice;573621;573621
Třtěnice;573639;573639
Tuř;573647;573647
Úbislavice;573655;573655
Údrnice;573663;573663
Úhlejov;573671;573671
Újezd pod Troskami;573680;573680
Úlibice;573698;573698
Valdice;573701;573701
Kobylice;573710;573710
Veliš;573728;573728
Vidochov;573736;573736
Zdechovice;573744;573744
Zdechovice;573744;573744
Vitiněves;573752;573752
Volanice;573761;573761
Máslojedy;573779;573779
Klešice;573787;573787
Vršce;573795;573795
Vysoké Veselí;573809;573809
Smrček;573817;573817
Železnice;573825;573825
Žeretice;573833;573833
Židovice;573841;573841
Žlunice;573850;573850
Náchod;573868;573868
Zderaz;573876;573876
Bezděkov nad Metují;573884;573884
Bohuslavice;573892;573892
Borová;573906;573906
Božanov;573914;573914
Broumov;573922;573922
Brzice;573931;573931
Biskupice;573949;573949
Černčice;573957;573957
Červený Kostelec;573965;573965
Česká Čermná;573973;573973
Česká Metuje;573981;573981
Česká Skalice;573990;573990
Kněžice;574007;574007
Dolany;574015;574015
Dolní Radechová;574023;574023
Hejtmánkovice;574031;574031
Heřmanice;574040;574040
Heřmánkovice;574058;574058
Horní Radechová;574066;574066
Hořičky;574074;574074
Hronov;574082;574082
Žlebské Chvalovice;574091;574091
Ostrov;574104;574104
Chvalkovice;574112;574112
Jaroměř;574121;574121
Jasenná;574139;574139
Jestřebí;574147;574147
Jetřichov;574155;574155
Hynčice;574163;574163
Křinice;574171;574171
Lhota pod Hořičkami;574180;574180
Spojil;574198;574198
Horka u Staré Paky;574201;574201
Machov;574210;574210
Martínkovice;574228;574228
Mezilečí;574236;574236
Mezilesí;574244;574244
Meziměstí;574252;574252
Nahořany;574261;574261
Nové Město nad Metují;574279;574279
Nový Hrádek;574287;574287
Nový Ples;574295;574295
Bezděčí u Trnávky;574309;574309
Otovice;574317;574317
Gruna;574325;574325
Radkov;574333;574333
Police nad Metují;574341;574341
Provodov-Šonov;574350;574350
Přibyslav;574368;574368
Rasošky;574376;574376
Rožnov;574384;574384
Sázava;574392;574392
Rychnovek;574406;574406
Slatina nad Úpou;574422;574422
Slavětín nad Metují;574431;574431
Kosořín;574449;574449
Slavoňov;574457;574457
Stárkov;574465;574465
Studnice;574481;574481
Suchý Důl;574490;574490
Šonov;574511;574511
Teplice nad Metují;574538;574538
Kramolna;574546;574546
Velichovky;574554;574554
Velká Jesenice;574562;574562
Velké Petrovice;574571;574571
Velký Třebešov;574589;574589
Vilantice;574597;574597
Vlkov;574601;574601
Vršovka;574627;574627
Vysoká Srbská;574635;574635
Vysokov;574643;574643
Zábrodí;574651;574651
Zaloňov;574660;574660
Žďár nad Metují;574686;574686
Žďárky;574694;574694
Žernov;574708;574708
Pardubice I;574716;555134
Barchov;574724;574724
Bezděkov;574741;574741
Lázně Bohdaneč;574767;574767
Borek;574783;574783
Brloh;574791;574791
Břehy;574805;574805
Bukovina nad Labem;574813;574813
Bukovina u Přelouče;574821;574821
Bukovka;574830;574830
Býšť;574848;574848
Čeperka;574856;574856
Čepí;574864;574864
Dašice;574899;574899
Dolany;574902;574902
Dolní Roveň;574911;574911
Dolní Ředice;574929;574929
Dříteč;574953;574953
Hlavečník;574961;574961
Holice;574988;574988
Horní Jelení;574996;574996
Horní Ředice;575011;575011
Pardubice VIII;575020;555134
Hrobice;575046;575046
Choltice;575054;575054
Choteč;575062;575062
Chvaletice;575071;575071
Chvojenec;575089;575089
Chýšť;575097;575097
Jankovice;575101;575101
Jaroslav;575119;575119
Jedousov;575127;575127
Jeníkovice;575135;575135
Jezbořice;575143;575143
Kasalice;575151;575151
Kladruby nad Labem;575178;575178
Kojice;575194;575194
Kostěnice;575232;575232
Labské Chrčice;575259;575259
Libišany;575305;575305
Lipoltice;575313;575313
Litošice;575330;575330
Mikulovice;575372;575372
Mokošín;575381;575381
Moravany;575399;575399
Opatovice nad Labem;575429;575429
Ostřešany;575437;575437
Ostřetín;575445;575445
Poběžovice u Holic;575461;575461
Poběžovice u Přelouče;575470;575470
Přelouč;575500;575500
Přelovice;575518;575518
Přepychy;575526;575526
Ráby;575534;575534
Radhošť;575542;575542
Rohovládova Bělá;575551;575551
Rohoznice;575569;575569
Rokytno;575577;575577
Rybitví;575593;575593
Řečany nad Labem;575607;575607
Selmice;575615;575615
Semín;575623;575623
Sezemice;575640;575640
Slepotice;575658;575658
Sopřeč;575666;575666
Srch;575682;575682
Staré Hradiště;575704;575704
Staré Jesenčany;575712;575712
Staré Ždánice;575721;575721
Starý Mateřov;575739;575739
Stojice;575755;575755
Strašov;575763;575763
Svinčany;575771;575771
Svojšice;575780;575780
Tetov;575810;575810
Trusnov;575828;575828
Turkovice;575844;575844
Týnišťko;575861;575861
Uhersko;575879;575879
Úhřetická Lhota;575887;575887
Újezd u Přelouče;575909;575909
Urbanice;575917;575917
Valy;575925;575925
Vápno;575933;575933
Veliny;575941;575941
Veselí;575968;575968
Vlčí Habřina;575984;575984
Voleč;575992;575992
Vysoké Chvojno;576000;576000
Vyšehněvice;576018;576018
Zdechovice;576026;576026
Žáravice;576042;576042
Živanice;576051;576051
Rychnov nad Kněžnou;576069;576069
Albrechtice nad Orlicí;576077;576077
Bačetín;576085;576085
Bartošovice v Orlických horách;576093;576093
Bílý Újezd;576107;576107
Bohdašín;576115;576115
Bolehošť;576123;576123
Borohrádek;576131;576131
Borovnice;576140;576140
Bystré;576166;576166
Byzhradec;576174;576174
Častolovice;576182;576182
Čermná nad Orlicí;576191;576191
Černíkovice;576204;576204
České Meziříčí;576212;576212
Čestice;576221;576221
Deštné v Orlických horách;576247;576247
Dobré;576263;576263
Dobruška;576271;576271
Dobřany;576280;576280
Doudleby nad Orlicí;576301;576301
Chleny;576310;576310
Janov;576328;576328
Javornice;576336;576336
Jílovice;576352;576352
Kostelec nad Orlicí;576361;576361
Kostelecké Horky;576387;576387
Kounov;576395;576395
Králova Lhota;576409;576409
Kvasiny;576425;576425
Ledce;576433;576433
Lhoty u Potštejna;576441;576441
Liberk;576450;576450
Lično;576468;576468
Lípa nad Orlicí;576476;576476
Lukavice;576492;576492
Lupenice;576506;576506
Mokré;576522;576522
Nová Ves;576549;576549
Očelice;576557;576557
Ohnišov;576565;576565
Olešnice v Orlických horách;576573;576573
Olešnice;576581;576581
Opočno;576590;576590
Orlické Záhoří;576603;576603
Osečnice;576611;576611
Pěčín;576620;576620
Podbřezí;576654;576654
Pohoří;576662;576662
Potštejn;576671;576671
Přepychy;576689;576689
Rokytnice v Orlických horách;576701;576701
Rybná nad Zdobnicí;576727;576727
Říčky v Orlických horách;576735;576735
Sedloňov;576743;576743
Semechnice;576751;576751
Skuhrov nad Bělou;576778;576778
Slatina nad Zdobnicí;576786;576786
Sněžné;576794;576794
Solnice;576808;576808
Synkov-Slemeno;576816;576816
Trnov;576824;576824
Třebešov;576832;576832
Tutleky;576841;576841
Týniště nad Orlicí;576859;576859
Val;576875;576875
Vamberk;576883;576883
Voděrady;576891;576891
Záměl;576921;576921
Zdelov;576930;576930
Zdobnice;576948;576948
Žďár nad Orlicí;576956;576956
Semily;576964;576964
Bělá;576972;576972
Benecko;576981;576981
Benešov u Semil;576999;576999
Bozkov;577006;577006
Bradlecká Lhota;577014;577014
Bukovina u Čisté;577031;577031
Bystrá nad Jizerou;577049;577049
Čistá u Horek;577057;577057
Háje nad Jizerou;577073;577073
Harrachov;577081;577081
Holenice;577111;577111
Horní Branná;577120;577120
Hrubá Skála;577146;577146
Chuchelna;577154;577154
Jablonec nad Jizerou;577162;577162
Jesenný;577171;577171
Jestřabí v Krkonoších;577189;577189
Jilemnice;577197;577197
Kacanovy;577201;577201
Karlovice;577219;577219
Klokočí;577227;577227
Košťálov;577235;577235
Kruh;577243;577243
Libštát;577294;577294
Lomnice nad Popelkou;577308;577308
Mírová pod Kozákovem;577316;577316
Modřišice;577324;577324
Mříčná;577332;577332
Nová Ves nad Popelkou;577341;577341
Ohrazenice;577359;577359
Olešnice;577367;577367
Levínská Olešnice;577375;577375
Peřimov;577391;577391
Poniklá;577405;577405
Přepeře;577413;577413
Příkrý;577421;577421
Radostná pod Kozákovem;577430;577430
Rakousy;577448;577448
Rokytnice nad Jizerou;577456;577456
Roprachtice;577464;577464
Rovensko pod Troskami;577472;577472
Roztoky u Semil;577481;577481
Roztoky u Jilemnice;577499;577499
Slaná;577529;577529
Stružinec;577545;577545
Studenec;577553;577553
Svojek;577561;577561
Syřenov;577570;577570
Tatobity;577596;577596
Troskovice;577600;577600
Turnov;577626;577626
Veselá;577642;577642
Víchová nad Jizerou;577651;577651
Vítkovice;577669;577669
Všeň;577677;577677
Vyskeř;577685;577685
Vysoké nad Jizerou;577693;577693
Záhoří;577707;577707
Žernov;577723;577723
Svitavy;577731;577731
Benátky;577774;577774
Bohuňov;577812;577812
Bohuňovice;577821;577821
Borová;577839;577839
Brněnec;577863;577863
Březina;577871;577871
Březiny;577898;577898
Budislav;577910;577910
Bystré;577928;577928
Cerekvice nad Loučnou;577936;577936
Čistá;577944;577944
Dětřichov;577961;577961
Poustka;577979;577979
Dlouhá Loučka;577987;577987
Dolní Újezd;577995;577995
Velký Luh;578002;578002
Chodov;578011;578011
Vysoká Pec;578029;578029
Hartmanice;578037;578037
Krásný Les;578045;578045
Horky;578053;578053
Ostřetice;578061;578061
Lomec;578070;578070
Biřkov;578088;578088
Chornice;578096;578096
Chotěnov;578100;578100
Chotovice;578118;578118
Chrastavec;578126;578126
Janov;578134;578134
Janůvky;578142;578142
Jaroměřice;578151;578151
Jarošov;578169;578169
Kovčín;578177;578177
Kovčín;578177;578177
Jedlová;578185;578185
Jevíčko;578193;578193
Kamenec u Poličky;578207;578207
Kamenná Horka;578215;578215
Kamenná Horka;578215;578215
Kamenná Horka;578215;578215
Kamenná Horka;578215;578215
Nehodiv;578223;578223
Koclířov;578231;578231
Hamry;578240;578240
Korouhev;578258;578258
Koruna;578266;578266
Křenov;578274;578274
Kunčina;578282;578282
Květná;578291;578291
Lavičné;578304;578304
Zborovy;578312;578312
Újezd u Plánice;578321;578321
Újezd u Plánice;578321;578321
Linhartice;578339;578339
Litomyšl;578347;578347
Lubná;578355;578355
Makov;578363;578363
Malíkov;578371;578371
Městečko Trnávka;578380;578380
Mikuleč;578398;578398
Mladějov na Moravě;578401;578401
Maňovice;578410;578410
Morašice;578428;578428
Slatina;578436;578436
Moravská Třebová;578444;578444
Nedvězí;578452;578452
Mezihoří;578461;578461
Oldřiš;578479;578479
Opatov;578487;578487
Čímice;578495;578495
Osík;578509;578509
Domoraz;578517;578517
Frymburk;578525;578525
Nezamyslice;578533;578533
Jarov;578541;578541
Pohledy;578550;578550
Čmelíny;578568;578568
Polička;578576;578576
Pomezí;578584;578584
Třebčice;578592;578592
Lhůta;578606;578606
Tojice;578614;578614
Příluka;578622;578622
Pustá Kamenice;578631;578631
Pustá Rybná;578649;578649
Radiměř;578657;578657
Dražeň;578665;578665
Rohozná;578673;578673
Rozhraní;578681;578681
Rozstání;578690;578690
Rudná;578703;578703
Rychnov na Moravě;578711;578711
Sádek;578720;578720
Sebranice;578738;578738
Sedliště;578746;578746
Sklené;578754;578754
Slatina;578762;578762
Kočín;578771;578771
Staré Město;578789;578789
Štichovice;578797;578797
Stašov;578801;578801
Strakov;578819;578819
Zahrádka;578827;578827
Suchá Lhota;578835;578835
Svojanov;578843;578843
Široký Důl;578851;578851
Študlov;578860;578860
Telecí;578878;578878
Trpín;578886;578886
Trstěnice;578894;578894
Třebařov;578908;578908
Újezdec;578916;578916
Velečín;578924;578924
Vendolí;578932;578932
Vidlatá Seč;578941;578941
Víska u Jevíčka;578959;578959
Vítějeves;578967;578967
Vranová Lhota;578975;578975
Tatiná;578983;578983
Vysoká;578991;578991
Medový Újezd;579009;579009
Kakejcov;579017;579017
Trutnov;579025;579025
Kornatice;579033;579033
Batňovice;579041;579041
Bernartice;579050;579050
Bílá Třemešná;579068;579068
Bílé Poličany;579076;579076
Mešno;579084;579084
Borovnice;579092;579092
Čermná;579106;579106
Černý Důl;579114;579114
Dolní Branná;579122;579122
Příkosice;579131;579131
Dolní Dvůr;579149;579149
Dolní Kalná;579157;579157
Dolní Lánov;579165;579165
Dolní Olešnice;579173;579173
Doubravice;579181;579181
Dubenec;579190;579190
Dvůr Králové nad Labem;579203;579203
Hajnice;579211;579211
Havlovice;579220;579220
Horní Brusnice;579238;579238
Trokavec;579246;579246
Trokavec;579246;579246
Horní Kalná;579254;579254
Horní Maršov;579262;579262
Horní Olešnice;579271;579271
Vísky;579289;579289
Hostinné;579297;579297
Hřibojedy;579301;579301
Chotěvice;579319;579319
Choustníkovo Hradiště;579327;579327
Chvaleč;579335;579335
Štítov;579343;579343
Janské Lázně;579351;579351
Těšovice;579360;579360
Jívka;579378;579378
Klášterská Lhota;579386;579386
Kocbeře;579394;579394
Kohoutov;579408;579408
Kohoutov;579408;579408
Kuks;579416;579416
Kunčice nad Labem;579424;579424
Lánov;579432;579432
Lanžov;579441;579441
Ctiboř;579459;579459
Skapce;579467;579467
Libňatov;579475;579475
Libotov;579483;579483
Vranov;579491;579491
Malá Úpa;579505;579505
Malé Svatoňovice;579513;579513
Maršov u Úpice;579530;579530
Mladé Buky;579548;579548
Mostek;579556;579556
Nemojov;579564;579564
Pec pod Sněžkou;579581;579581
Pilníkov;579599;579599
Prosečné;579602;579602
Radvanice;579629;579629
Rtyně v Podkrkonoší;579637;579637
Rudník;579645;579645
Staré Buky;579661;579661
Strážné;579696;579696
Suchovršice;579726;579726
Svoboda nad Úpou;579734;579734
Špindlerův Mlýn;579742;579742
Trotina;579751;579751
Třebihošť;579769;579769
Úpice;579777;579777
Velké Svatoňovice;579785;579785
Velký Vřešťov;579793;579793
Vítězná;579815;579815
Vlčice;579823;579823
Vlčkovice v Podkrkonoší;579831;579831
Vrchlabí;579858;579858
Zlatá Olešnice;579866;579866
Žacléř;579874;579874
Ústí nad Orlicí;579891;579891
Brandýs nad Orlicí;579947;579947
Bučina;579963;579963
Bystřec;579971;579971
Cotkytle;579980;579980
Čenkovice;579998;579998
Červená Voda;580015;580015
Česká Rybná;580023;580023
Česká Třebová;580031;580031
České Heřmanice;580040;580040
České Libchavy;580058;580058
České Petrovice;580066;580066
Damníkov;580074;580074
Dobříkov;580091;580091
Dolní Čermná;580112;580112
Dolní Dobrouč;580121;580121
Libchavy;580147;580147
Dolní Morava;580163;580163
Džbánov;580210;580210
Hejnice;580228;580228
Hnátnice;580261;580261
Horní Čermná;580279;580279
Horní Heřmanice;580295;580295
Sloupnice;580325;580325
Horní Třešňovec;580333;580333
Hrušová;580341;580341
Choceň;580350;580350
Jablonné nad Orlicí;580376;580376
Jamné nad Orlicí;580392;580392
Javorník;580406;580406
Jehnědí;580414;580414
Kameničná;580422;580422
Klášterec nad Orlicí;580431;580431
Koldín;580465;580465
Králíky;580481;580481
Krasíkov;580490;580490
Kunvald;580503;580503
Lanškroun;580511;580511
Letohrad;580538;580538
Libecina;580562;580562
Lichkov;580571;580571
Líšnice;580589;580589
Lubník;580619;580619
Lukavice;580627;580627
Luková;580635;580635
Mistrovice;580643;580643
Mladkov;580651;580651
Mostek;580660;580660
Nasavrky;580678;580678
Nekoř;580686;580686
Němčice;580694;580694
Svatý Jiří;580708;580708
Orlické Podhůří;580716;580716
Orličky;580724;580724
Ostrov;580732;580732
Oucmanice;580741;580741
Pastviny;580759;580759
Petrovice;580767;580767
Písečná;580775;580775
Plchovice;580783;580783
Podlesí;580805;580805
Přívrat;580821;580821
Pustina;580830;580830
Rudoltice;580848;580848
Řetová;580872;580872
Řetůvka;580881;580881
Seč;580902;580902
Skořenice;580929;580929
Slatina;580945;580945
Sopotnice;580961;580961
Sruby;580970;580970
Strážná;580988;580988
Studené;580996;580996
Sudislav nad Orlicí;581003;581003
Sudslava;581011;581011
Šedivec;581038;581038
Tatenice;581046;581046
Těchonín;581054;581054
Tisová;581062;581062
Třebovice;581071;581071
Újezd u Chocně;581089;581089
Velká Skrovnice;581101;581101
Verměřovice;581119;581119
Vlčkov;581127;581127
Voděrady;581143;581143
Vraclav;581151;581151
Výprachtice;581178;581178
Vysoké Mýto;581186;581186
Zádolí;581194;581194
Záchlumí;581208;581208
Zálší;581216;581216
Zámrsk;581224;581224
Zářecká Lhota;581232;581232
Žamberk;581259;581259
Žampach;581267;581267
Žichlínek;581275;581275
Blansko;581283;581283
Adamov;581291;581291
Bedřichov;581313;581313
Běleč;581321;581321
Benešov;581330;581330
Borotín;581356;581356
Bořitov;581364;581364
Boskovice;581372;581372
Brťov-Jeneč;581381;581381
Brumov;581402;581402
Březina;581429;581429
Bukovice;581437;581437
Bukovina;581445;581445
Bukovinka;581453;581453
Býkovice;581461;581461
Cetkovice;581470;581470
Černá Hora;581496;581496
Černovice;581500;581500
Deštná;581518;581518
Dlouhá Lhota;581526;581526
Chrudichromy;581534;581534
Doubravice nad Svitavou;581542;581542
Drnovice;581551;581551
Habrůvka;581569;581569
Hluboké Dvory;581577;581577
Hodonín;581593;581593
Holštejn;581615;581615
Horní Poříčí;581631;581631
Jabloňany;581666;581666
Jedovnice;581682;581682
Kněževes;581721;581721
Knínice;581739;581739
Kořenec;581755;581755
Kotvrdovice;581763;581763
Kozárov;581771;581771
Krasová;581780;581780
Krhov;581798;581798
Křetín;581801;581801
Křtěnov;581810;581810
Křtiny;581828;581828
Kulířov;581836;581836
Kunčina Ves;581844;581844
Kunice;581852;581852
Kuničky;581861;581861
Kunštát;581879;581879
Lazinov;581887;581887
Lažany;581909;581909
Letovice;581917;581917
Lhota Rapotina;581925;581925
Lhota u Lysic;581933;581933
Lhota u Olešnice;581941;581941
Lipovec;581950;581950
Lipůvka;581968;581968
Lomnice;581976;581976
Lubě;581992;581992
Lysice;582018;582018
Makov;582026;582026
Malá Lhota;582034;582034
Malá Roudka;582042;582042
Míchov;582069;582069
Milonice;582077;582077
Němčice;582085;582085
Nýrov;582107;582107
Obora;582115;582115
Ochoz u Tišnova;582123;582123
Okrouhlá;582131;582131
Olešnice;582158;582158
Olomučany;582166;582166
Osiky;582174;582174
Ostrov u Macochy;582182;582182
Pamětice;582191;582191
Petrov;582204;582204
Petrovice;582212;582212
Prostřední Poříčí;582221;582221
Rájec-Jestřebí;582239;582239
Ráječko;582247;582247
Rašov;582255;582255
Rohozec;582263;582263
Rozseč nad Kunštátem;582271;582271
Rozsíčka;582280;582280
Rudice;582298;582298
Sebranice;582310;582310
Senetářov;582328;582328
Skalice nad Svitavou;582336;582336
Skrchov;582344;582344
Sloup;582352;582352
Strhaře;582379;582379
Sudice;582395;582395
Suchý;582409;582409
Sulíkov;582417;582417
Svinošice;582433;582433
Svitávka;582441;582441
Synalov;582450;582450
Šebetov;582468;582468
Šebrov-Kateřina;582476;582476
Šošůvka;582484;582484
Štěchov;582492;582492
Tasovice;582506;582506
Uhřice;582531;582531
Újezd u Černé Hory;582557;582557
Unín;582565;582565
Úsobrno;582573;582573
Valchov;582581;582581
Vanovice;582590;582590
Vavřinec;582603;582603
Vážany;582611;582611
Stvolová;582620;582620
Velké Opatovice;582646;582646
Vilémovice;582654;582654
Vísky;582662;582662
Voděrady;582671;582671
Vranová;582689;582689
Vysočany;582701;582701
Zbraslavec;582727;582727
Zhoř;582735;582735
Žďár;582743;582743
Žďárná;582751;582751
Žernovník;582760;582760
Žerůtky;582778;582778
Brno;582786;
Babice nad Svitavou;582794;582794
Babice u Rosic;582808;582808
Babice u Rosic;582808;582808
Bílovice nad Svitavou;582824;582824
Biskoupky;582832;582832
Blažovice;582841;582841
Blučina;582859;582859
Braníškov;582875;582875
Bratčice;582883;582883
Březina;582891;582891
Čebín;582913;582913
Česká;582921;582921
Čučice;582930;582930
Deblín;582948;582948
Dolní Kounice;582956;582956
Domašov;582964;582964
Drásov;582972;582972
Hajany;582999;582999
Heroltice;583014;583014
Hlína;583022;583022
Holasice;583031;583031
Hostěnice;583057;583057
Hradčany;583065;583065
Hrušovany u Brna;583081;583081
Hvozdec;583090;583090
Chudčice;583111;583111
Ivančice;583120;583120
Javůrek;583154;583154
Jinačovice;583171;583171
Jiříkovice;583189;583189
Kanice;583197;583197
Ketkovice;583201;583201
Kobylnice;583219;583219
Kovalovice;583227;583227
Kratochvilka;583235;583235
Kupařovice;583243;583243
Kuřim;583251;583251
Lažánky;583260;583260
Ledce;583278;583278
Lelekovice;583286;583286
Lesní Hluboké;583294;583294
Litostrov;583308;583308
Lomnička;583316;583316
Lukovany;583324;583324
Malešovice;583332;583332
Malhostovice;583341;583341
Maršov;583359;583359
Medlov;583367;583367
Mělčany;583375;583375
Měnín;583383;583383
Modřice;583391;583391
Mokrá-Horákov;583405;583405
Moravany;583413;583413
Moravské Bránice;583421;583421
Moravské Knínice;583430;583430
Moutnice;583448;583448
Nebovidy;583456;583456
Nelepeč-Žernůvka;583464;583464
Němčičky;583472;583472
Neslovice;583481;583481
Nesvačilka;583499;583499
Nová Ves;583502;583502
Nové Bránice;583511;583511
Odrovice;583529;583529
Ochoz u Brna;583537;583537
Omice;583545;583545
Opatovice;583553;583553
Ořechov;583561;583561
Oslavany;583588;583588
Ostopovice;583596;583596
Ostrovačice;583600;583600
Podolí;583634;583634
Popovice;583651;583651
Popůvky;583669;583669
Pozořice;583677;583677
Prace;583685;583685
Pravlov;583693;583693
Prštice;583707;583707
Příbram na Moravě;583715;583715
Přibyslavice;583723;583723
Přísnotice;583731;583731
Radostice;583740;583740
Rajhrad;583758;583758
Rajhradice;583766;583766
Rebešovice;583774;583774
Rosice;583782;583782
Rozdrojovice;583791;583791
Rudka;583804;583804
Řícmanice;583821;583821
Řícmanice;583821;583821
Říčany;583839;583839
Sentice;583847;583847
Silůvky;583855;583855
Sivice;583863;583863
Sobotovice;583880;583880
Sokolnice;583898;583898
Stanoviště;583901;583901
Střelice;583910;583910
Svatoslav;583928;583928
Syrovice;583936;583936
Šerkovice;583944;583944
Šlapanice;583952;583952
Štěpánovice;583961;583961
Telnice;583979;583979
Tetčice;583987;583987
Těšany;583995;583995
Tišnov;584002;584002
Trboušany;584011;584011
Troubsko;584029;584029
Tvarožná;584037;584037
Újezd u Brna;584045;584045
Újezd u Rosic;584053;584053
Unkovice;584061;584061
Úsuší;584070;584070
Velatice;584096;584096
Veverská Bítýška;584100;584100
Veverské Knínice;584118;584118
Viničné Šumice;584126;584126
Vohančice;584134;584134
Vojkovice;584142;584142
Vranov;584151;584151
Všechovice;584169;584169
Vysoké Popovice;584177;584177
Zakřany;584185;584185
Zálesná Zhoř;584193;584193
Zastávka;584207;584207
Zbraslav;584215;584215
Zbýšov;584223;584223
Žabčice;584231;584231
Žatčany;584240;584240
Želešice;584266;584266
Železné;584274;584274
Židlochovice;584282;584282
Břeclav;584291;584291
Bavory;584304;584304
Boleradice;584321;584321
Borkovany;584339;584339
Bořetice;584347;584347
Brod nad Dyjí;584355;584355
Brumovice;584363;584363
Březí;584371;584371
Bulhary;584380;584380
Diváky;584401;584401
Dobré Pole;584410;584410
Dolní Dunajovice;584428;584428
Dolní Věstonice;584436;584436
Drnholec;584444;584444
Hlohovec;584452;584452
Horní Bojanovice;584461;584461
Horní Věstonice;584479;584479
Hrušky;584487;584487
Hustopeče;584495;584495
Ivaň;584517;584517
Jevišovka;584525;584525
Klentnice;584541;584541
Klobouky u Brna;584550;584550
Kobylí;584568;584568
Kostice;584576;584576
Krumvíř;584584;584584
Křepice;584592;584592
Lanžhot;584622;584622
Lednice;584631;584631
Mikulov;584649;584649
Milovice;584657;584657
Moravská Nová Ves;584665;584665
Moravský Žižkov;584673;584673
Morkůvky;584681;584681
Němčičky;584703;584703
Nikolčice;584711;584711
Nosislav;584720;584720
Novosedly;584746;584746
Nový Přerov;584754;584754
Pasohlávky;584762;584762
Pavlov;584771;584771
Perná;584789;584789
Podivín;584797;584797
Pohořelice;584801;584801
Popice;584819;584819
Pouzdřany;584835;584835
Přibice;584843;584843
Přítluky;584851;584851
Rakvice;584860;584860
Sedlec;584878;584878
Starovice;584894;584894
Starovičky;584908;584908
Strachotín;584916;584916
Šakvice;584924;584924
Šitbořice;584932;584932
Tvrdonice;584941;584941
Týnec;584959;584959
Uherčice;584967;584967
Valtice;584975;584975
Velké Bílovice;584983;584983
Velké Hostěrádky;584991;584991
Velké Němčice;585009;585009
Velké Pavlovice;585017;585017
Vlasatice;585025;585025
Vranovice;585033;585033
Vrbice;585041;585041
Zaječí;585050;585050
Zlín;585068;585068
Biskupice;585076;585076
Bohuslavice u Zlína;585092;585092
Bratřejov;585106;585106
Brumov-Bylnice;585114;585114
Březová;585131;585131
Březůvky;585149;585149
Dešná;585157;585157
Dobrkovice;585165;585165
Dolní Lhota;585173;585173
Doubravy;585181;585181
Drnovice;585190;585190
Držková;585203;585203
Fryšták;585211;585211
Halenkovice;585220;585220
Haluzice;585238;585238
Horní Lhota;585246;585246
Hostišová;585254;585254
Hrobice;585262;585262
Hřivínův Újezd;585271;585271
Hvozdná;585289;585289
Jasenná;585301;585301
Jestřabí;585319;585319
Kaňovice;585327;585327
Kašava;585343;585343
Loučka;585432;585432
Ludkovice;585441;585441
Luhačovice;585459;585459
Lukov;585467;585467
Lutonina;585483;585483
Machová;585491;585491
Mysločovice;585505;585505
Napajedla;585513;585513
Návojná;585521;585521
Nedašov;585530;585530
Nedašova Lhota;585548;585548
Neubuz;585556;585556
Otrokovice;585599;585599
Podkopná Lhota;585611;585611
Provodov;585661;585661
Racková;585670;585670
Sazovice;585726;585726
Sehradice;585734;585734
Slavičín;585751;585751
Slopné;585769;585769
Slušovice;585777;585777
Spytihněv;585793;585793
Šanov;585807;585807
Šarovy;585815;585815
Štítná nad Vláří-Popov;585831;585831
Tlumačov;585858;585858
Trnava;585866;585866
Ublo;585874;585874
Újezd;585882;585882
Valašské Klobouky;585891;585891
Velký Ořechov;585912;585912
Veselá;585921;585921
Vizovice;585939;585939
Vlachovice;585955;585955
Vlčková;585963;585963
Všemina;585971;585971
Vysoké Pole;585980;585980
Zádveřice-Raková;585998;585998
Závist;586005;586005
Žlutava;586013;586013
Hodonín;586021;586021
Archlebov;586030;586030
Blatnice pod Svatým Antonínkem;586048;586048
Blatnička;586056;586056
Světlá;586064;586064
Bukovany;586072;586072
Bzenec;586081;586081
Čejč;586099;586099
Čejkovice;586102;586102
Čeložnice;586111;586111
Dambořice;586129;586129
Dolní Bojanovice;586137;586137
Domanín;586145;586145
Dražůvky;586153;586153
Dubňany;586161;586161
Hovorany;586170;586170
Hroznová Lhota;586188;586188
Hrubá Vrbka;586196;586196
Hýsly;586200;586200
Javorník;586218;586218
Ježov;586226;586226
Josefov;586234;586234
Karlín;586242;586242
Kelčany;586251;586251
Kněždub;586269;586269
Kostelec;586277;586277
Kozojídky;586285;586285
Kuželov;586293;586293
Kyjov;586307;586307
Labuty;586315;586315
Lipov;586323;586323
Louka;586331;586331
Lovčice;586340;586340
Lužice;586358;586358
Malá Vrbka;586366;586366
Mikulčice;586374;586374
Milotice;586382;586382
Moravany;586391;586391
Moravský Písek;586404;586404
Mutěnice;586412;586412
Násedlovice;586421;586421
Nechvalín;586439;586439
Nenkovice;586447;586447
Nová Lhota;586455;586455
Nový Poddvorov;586463;586463
Ostrovánky;586471;586471
Petrov;586480;586480
Prušánky;586498;586498
Radějov;586501;586501
Ratíškovice;586510;586510
Rohatec;586528;586528
Skalka;586536;586536
Skoronice;586544;586544
Sobůlky;586552;586552
Starý Poddvorov;586561;586561
Stavěšice;586579;586579
Strážnice;586587;586587
Strážovice;586595;586595
Sudoměřice;586609;586609
Suchov;586617;586617
Svatobořice-Mistřín;586625;586625
Syrovín;586633;586633
Šardice;586641;586641
Tasov;586650;586650
Těmice;586668;586668
Terezín;586676;586676
Tvarožná Lhota;586684;586684
Uhřice;586692;586692
Vacenovice;586706;586706
Velká nad Veličkou;586714;586714
Veselí nad Moravou;586722;586722
Věteřov;586731;586731
Vlkoš;586749;586749
Vnorovy;586757;586757
Vracov;586765;586765
Vřesovice;586773;586773
Žádovice;586781;586781
Žarošice;586790;586790
Ždánice;586803;586803
Želetice;586811;586811
Žeravice;586820;586820
Žeraviny;586838;586838
Jihlava;586846;586846
Arnolec;586854;586854
Batelov;586862;586862
Lipová;586871;586871
Bílý Kámen;586889;586889
Bítovčice;586897;586897
Bohuslavice;586901;586901
Rudimov;586919;586919
Boršov;586927;586927
Brtnice;586943;586943
Brzkov;586951;586951
Křekov;586960;586960
Cejle;586978;586978
Cerekvička-Rosice;586986;586986
Vlachova Lhota;586994;586994
Černíč;587001;587001
Dlouhá Brtnice;587010;587010
Dobronín;587028;587028
Dobroutov;587036;587036
Dolní Cerekev;587044;587044
Karlovice;587052;587052
Dolní Vilímeč;587061;587061
Doupě;587079;587079
Dudín;587087;587087
Dušejov;587095;587095
Dyjice;587109;587109
Čížov;587117;587117
Hladov;587125;587125
Hodice;587141;587141
Hojkov;587150;587150
Horní Dubenky;587168;587168
Rančířov;587176;587176
Borovná;587184;587184
Hostětice;587192;587192
Horní Myslová;587206;587206
Horní Myslová;587206;587206
Olší;587214;587214
Hubenov;587222;587222
Zadní Vydří;587231;587231
Jamné;587249;587249
Zástřizly;587257;587257
Jersín;587265;587265
Jezdovice;587273;587273
Ježená;587281;587281
Jihlávka;587290;587290
Jindřichovice;587303;587303
Kalhov;587320;587320
Kaliště;587338;587338
Kamenice;587346;587346
Karolín;587354;587354
Kamenná;587362;587362
Klatovec;587371;587371
Knínice;587389;587389
Prasklice;587397;587397
Kostelec;587401;587401
Kostelní Myslová;587419;587419
Kozlov;587427;587427
Krahulčí;587435;587435
Krasonice;587443;587443
Lhotka;587451;587451
Stropešín;587460;587460
Luka nad Jihlavou;587478;587478
Malý Beranov;587486;587486
Markvartice;587494;587494
Měšín;587508;587508
Meziříčko;587516;587516
Milíčov;587524;587524
Mirošov;587532;587532
Mrákotín;587541;587541
Mysletice;587559;587559
Mysliboř;587567;587567
Nadějov;587575;587575
Nevcehle;587583;587583
Nová Říše;587591;587591
Lomy;587605;587605
Olšany;587613;587613
Opatov;587621;587621
Ořechov;587630;587630
Otín;587648;587648
Panenská Rozsíčka;587656;587656
Dolní Lažany;587664;587664
Panské Dubenky;587672;587672
Pavlov;587681;587681
Valdíkov;587699;587699
Plandry;587702;587702
Polná;587711;587711
Nový Šaldorf-Sedlešovice;587729;587729
Rodkov;587737;587737
Puklice;587745;587745
Tři Studně;587753;587753
Radkov;587761;587761
Milešín;587770;587770
Rantířov;587788;587788
Rohozná;587796;587796
Rozseč;587800;587800
Růžená;587818;587818
Rybné;587826;587826
Řásná;587834;587834
Křídla;587842;587842
Řídelov;587851;587851
Vlachovice;587869;587869
Sedlatice;587877;587877
Sedlejov;587885;587885
Velké Tresné;587893;587893
Katov;587907;587907
Stáj;587915;587915
Stará Říše;587923;587923
Stonařov;587931;587931
Strachoňovice;587940;587940
Střítež;587958;587958
Střítež;587958;587958
Nové Dvory;587974;587974
Suchá;587982;587982
Svojkovice;587991;587991
Šimanov;588008;588008
Cikháj;588016;588016
Telč;588024;588024
Třešť;588032;588032
Třeštice;588041;588041
Račín;588059;588059
Urbanov;588067;588067
Ústí;588075;588075
Vanov;588083;588083
Vanůvek;588091;588091
Vápovice;588105;588105
Velký Beranov;588113;588113
Větrný Jeníkov;588121;588121
Věžnice;588130;588130
Věžnička;588148;588148
Vílanec;588156;588156
Volevčice;588164;588164
Vyskytná nad Jihlavou;588172;588172
Vysoké Studnice;588181;588181
Vystrčenovice;588199;588199
Záborná;588202;588202
Zbilidy;588211;588211
Zbinohy;588229;588229
Sazomín;588237;588237
Zdeňkov;588245;588245
Zhoř;588253;588253
Zvolenovice;588261;588261
Žatec;588270;588270
Ždírec;588288;588288
Kroměříž;588296;588296
Bařice-Velké Těšany;588300;588300
Bělov;588318;588318
Bezměrov;588326;588326
Vysoké;588334;588334
Vícenice;588342;588342
Brusné;588377;588377
Břest;588385;588385
Bystřice pod Hostýnem;588393;588393
Cetechovice;588407;588407
Dřínov;588431;588431
Dřínov;588431;588431
Holešov;588458;588458
Horní Lapač;588474;588474
Hoštice;588482;588482
Hulín;588491;588491
Chomýž;588504;588504
Chropyně;588512;588512
Kostelany;588521;588521
Chvalnov-Lísky;588547;588547
Jankovice;588555;588555
Jarohněvice;588563;588563
Komárno;588598;588598
Koryčany;588601;588601
Kostelec u Holešova;588610;588610
Kunkovice;588628;588628
Kurovice;588636;588636
Kvasice;588644;588644
Kyselovice;588652;588652
Lechotice;588661;588661
Litenčice;588695;588695
Loukov;588709;588709
Lubná;588717;588717
Ludslavice;588725;588725
Lutopecny;588733;588733
Martinice;588741;588741
Míškovice;588750;588750
Morkovice-Slížany;588768;588768
Němčice;588784;588784
Nítkovice;588806;588806
Nová Dědina;588814;588814
Osíčko;588822;588822
Pacetluky;588831;588831
Pačlavice;588849;588849
Počenice-Tetětice;588865;588865
Podhradní Lhota;588873;588873
Pravčice;588890;588890
Prusinovice;588903;588903
Rajnochovice;588920;588920
Rataje;588938;588938
Roštění;588946;588946
Roštín;588954;588954
Rusava;588962;588962
Rymice;588971;588971
Skaštice;588989;588989
Slavkov pod Hostýnem;588997;588997
Soběsuky;589004;589004
Střílky;589039;589039
Střížovice;589047;589047
Střížovice;589047;589047
Sulimov;589055;589055
Troubky-Zdislavice;589080;589080
Třebětice;589098;589098
Uhřice;589110;589110
Věžky;589128;589128
Vítonice;589136;589136
Zahnašovice;589152;589152
Záříčí;589161;589161
Zborovice;589187;589187
Zdounky;589195;589195
Zlobice;589217;589217
Žalkovice;589225;589225
Žeranovice;589233;589233
Prostějov;589250;589250
Bedihošť;589268;589268
Bílovice-Lutotín;589276;589276
Biskupice;589284;589284
Bohuslavice;589292;589292
Bousín;589306;589306
Brodek u Konice;589314;589314
Brodek u Prostějova;589322;589322
Březsko;589331;589331
Budětsko;589349;589349
Buková;589357;589357
Čehovice;589365;589365
Čechy pod Kosířem;589381;589381
Čelčice;589390;589390
Čelechovice na Hané;589403;589403
Dětkovice;589420;589420
Dobrochov;589438;589438
Dobromilice;589446;589446
Doloplazy;589454;589454
Drahany;589462;589462
Dřevnovice;589489;589489
Dzbel;589497;589497
Hluchov;589501;589501
Horní Štěpánov;589519;589519
Hradčany-Kobeřice;589527;589527
Hrdibořice;589535;589535
Hrubčice;589543;589543
Hvozd;589560;589560
Ivaň;589578;589578
Jesenec;589586;589586
Kladky;589594;589594
Klenovice na Hané;589608;589608
Klopotovice;589616;589616
Konice;589624;589624
Kostelec na Hané;589632;589632
Koválovice-Osíčany;589641;589641
Kralice na Hané;589659;589659
Krumsín;589667;589667
Laškov;589675;589675
Lešany;589683;589683
Lipová;589691;589691
Ludmírov;589705;589705
Malé Hradisko;589713;589713
Mořice;589721;589721
Mostkovice;589730;589730
Myslejovice;589748;589748
Němčice nad Hanou;589756;589756
Nezamyslice;589764;589764
Niva;589772;589772
Obědkovice;589799;589799
Ohrozim;589802;589802
Ochoz;589811;589811
Olšany u Prostějova;589829;589829
Ondratice;589837;589837
Otaslavice;589845;589845
Otinoves;589853;589853
Otinoves;589853;589853
Pěnčín;589870;589870
Pivín;589888;589888
Plumlov;589896;589896
Prostějovičky;589918;589918
Protivanov;589926;589926
Přemyslovice;589934;589934
Ptení;589942;589942
Raková u Konice;589951;589951
Rakůvka;589969;589969
Rozstání;589977;589977
Skalka;589993;589993
Skřípov;590002;590002
Slatinky;590011;590011
Smržice;590029;590029
Srbce;590045;590045
Stařechovice;590053;590053
Stínava;590061;590061
Stražisko;590070;590070
Suchdol;590088;590088
Šubířov;590096;590096
Tištín;590100;590100
Tvorovice;590118;590118
Určice;590126;590126
Víceměřice;590134;590134
Vícov;590142;590142
Vitčice;590151;590151
Vranovice-Kelčice;590177;590177
Vrbátky;590185;590185
Vrchoslavice;590193;590193
Vřesovice;590207;590207
Výšovice;590215;590215
Zdětín;590223;590223
Želeč;590240;590240
Třebíč;590266;590266
Babice;590274;590274
Bačice;590282;590282
Benetice;590304;590304
Biskupice-Pulkov;590312;590312
Blatnice;590321;590321
Bochovice;590347;590347
Bransouze;590363;590363
Brtnička;590371;590371
Březník;590380;590380
Budišov;590401;590401
Budkov;590410;590410
Cidlina;590428;590428
Čáslavice;590436;590436
Čechočovice;590444;590444
Čechtín;590452;590452
Červená Lhota;590461;590461
Číhalín;590479;590479
Číchov;590487;590487
Čikov;590495;590495
Číměř;590509;590509
Číměř;590509;590509
Dalešice;590517;590517
Dědice;590525;590525
Dešov;590533;590533
Dolní Vilémovice;590550;590550
Domamil;590568;590568
Dukovany;590576;590576
Hartvíkovice;590584;590584
Heraltice;590592;590592
Hluboké;590614;590614
Hodov;590622;590622
Horní Heřmanice;590631;590631
Horní Újezd;590649;590649
Horní Vilémovice;590657;590657
Hornice;590665;590665
Hrotovice;590673;590673
Hrutov;590681;590681
Hvězdoňovice;590690;590690
Chlístov;590703;590703
Chlum;590711;590711
Jakubov u Moravských Budějovic;590746;590746
Jaroměřice nad Rokytnou;590754;590754
Jasenice;590762;590762
Jemnice;590789;590789
Jinošov;590797;590797
Kamenná;590801;590801
Kdousov;590819;590819
Kladeruby nad Oslavou;590827;590827
Klučov;590835;590835
Kněžice;590843;590843
Kojatice;590851;590851
Kojetice;590860;590860
Komárovice;590878;590878
Koněšín;590886;590886
Kostníky;590894;590894
Kouty;590908;590908
Kozlany;590916;590916
Kralice nad Oslavou;590941;590941
Kramolín;590959;590959
Krhov;590967;590967
Krokočín;590975;590975
Lesná;590983;590983
Lesní Jakubov;590991;590991
Lesonice;591009;591009
Lhánice;591025;591025
Lhánice;591025;591025
Lipník;591041;591041
Litovany;591068;591068
Loukovice;591092;591092
Markvartice;591114;591114
Mastník;591122;591122
Meziříčko;591149;591149
Mikulovice;591157;591157
Mladoňovice;591165;591165
Mohelno;591173;591173
Moravské Budějovice;591181;591181
Myslibořice;591190;591190
Náměšť nad Oslavou;591211;591211
Nárameč;591220;591220
Nimpšov;591238;591238
Nová Ves;591246;591246
Nové Syrovice;591254;591254
Nový Telečkov;591262;591262
Odunec;591289;591289
Okarec;591297;591297
Okříšky;591301;591301
Opatov;591319;591319
Oponešice;591327;591327
Ostašov;591335;591335
Petrovice;591360;591360
Petrůvky;591378;591378
Police;591394;591394
Popůvky;591408;591408
Pozďatín;591416;591416
Přeckov;591424;591424
Předín;591432;591432
Přešovice;591441;591441
Přibyslavice;591459;591459
Pucov;591491;591491
Pucov;591491;591491
Pyšel;591505;591505
Račice;591521;591521
Radkovice u Hrotovic;591548;591548
Radonín;591556;591556
Radošov;591564;591564
Rapotice;591581;591581
Rohy;591602;591602
Rokytnice nad Rokytnou;591611;591611
Rouchovany;591629;591629
Rudíkov;591637;591637
Římov;591645;591645
Senorady;591661;591661
Slavětice;591688;591688
Slavičky;591700;591700
Smrk;591726;591726
Stařeč;591742;591742
Studenec;591769;591769
Studnice;591777;591777
Sudice;591785;591785
Svatoslav;591793;591793
Šebkovice;591807;591807
Štěměchy;591815;591815
Štěpkov;591823;591823
Tasov;591831;591831
Trnava;591840;591840
Třebelovice;591858;591858
Třebenice;591866;591866
Valeč;591874;591874
Vladislav;591904;591904
Vlčatín;591912;591912
Výčapy;591939;591939
Zahrádka;591947;591947
Zárubice;591955;591955
Zašovice;591963;591963
Zvěrkovice;591980;591980
Želetava;591998;591998
Uherské Hradiště;592005;592005
Babice;592013;592013
Bánov;592021;592021
Bílovice;592030;592030
Bojkovice;592048;592048
Boršice u Blatnice;592056;592056
Boršice;592064;592064
Břestek;592072;592072
Březolupy;592081;592081
Březová;592099;592099
Buchlovice;592102;592102
Bystřice pod Lopeníkem;592111;592111
Částkov;592137;592137
Dolní Němčí;592145;592145
Drslavice;592153;592153
Hluk;592170;592170
Horní Němčí;592188;592188
Hostějov;592196;592196
Hradčovice;592200;592200
Huštěnovice;592218;592218
Jalubí;592226;592226
Jankovice;592234;592234
Kelníky;592251;592251
Kněžpole;592269;592269
Komňa;592277;592277
Korytná;592285;592285
Kostelany nad Moravou;592293;592293
Košíky;592307;592307
Kudlovice;592323;592323
Lopeník;592340;592340
Medlovice;592366;592366
Mistřice;592382;592382
Modrá;592391;592391
Nedachlebice;592404;592404
Nedakonice;592412;592412
Nezdenice;592421;592421
Nivnice;592439;592439
Ořechov;592447;592447
Ostrožská Lhota;592455;592455
Ostrožská Nová Ves;592463;592463
Osvětimany;592471;592471
Pašovice;592480;592480
Pitín;592498;592498
Podolí;592501;592501
Polešovice;592510;592510
Popovice;592528;592528
Prakšice;592536;592536
Rudice;592552;592552
Salaš;592561;592561
Slavkov;592579;592579
Staré Hutě;592587;592587
Starý Hrozenkov;592609;592609
Strání;592617;592617
Stříbrnice;592625;592625
Stupava;592633;592633
Suchá Loz;592641;592641
Sušice;592650;592650
Svárov;592668;592668
Šumice;592676;592676
Topolná;592692;592692
Traplice;592706;592706
Tučapy;592714;592714
Tupesy;592722;592722
Uherský Brod;592731;592731
Uherský Ostroh;592749;592749
Újezdec;592757;592757
Vápenice;592773;592773
Vážany;592781;592781
Velehrad;592790;592790
Veletiny;592803;592803
Vlčnov;592820;592820
Vyškovec;592838;592838
Záhorovice;592846;592846
Zlámanec;592854;592854
Zlechov;592862;592862
Žítková;592871;592871
Vyškov;592889;592889
Bohaté Málkovice;592897;592897
Bohdalice-Pavlovice;592901;592901
Bošovice;592919;592919
Brankovice;592927;592927
Bučovice;592943;592943
Dětkovice;592978;592978
Dobročkovice;592986;592986
Dražovice;592994;592994
Drnovice;593001;593001
Drysice;593010;593010
Habrovany;593028;593028
Hlubočany;593036;593036
Hodějice;593044;593044
Hostěrádky-Rešov;593052;593052
Hoštice-Heroltice;593061;593061
Hrušky;593079;593079
Hvězdlice;593087;593087
Chvalkovice;593095;593095
Ivanovice na Hané;593117;593117
Ježkovice;593125;593125
Kobeřice u Brna;593141;593141
Kojátky;593150;593150
Komořany;593168;593168
Kožušice;593184;593184
Krásensko;593192;593192
Křenovice;593214;593214
Křižanovice;593222;593222
Křižanovice u Vyškova;593231;593231
Kučerov;593249;593249
Letonice;593257;593257
Lovčičky;593265;593265
Luleč;593273;593273
Lysovice;593281;593281
Malínky;593290;593290
Milešovice;593320;593320
Milonice;593338;593338
Moravské Málkovice;593346;593346
Mouchnice;593354;593354
Němčany;593371;593371
Nemochovice;593389;593389
Nemojany;593397;593397
Nemotice;593401;593401
Nesovice;593419;593419
Nevojice;593427;593427
Nížkovice;593435;593435
Nové Sady;593443;593443
Orlovice;593460;593460
Otnice;593478;593478
Podivice;593486;593486
Prusy-Boškůvky;593494;593494
Pustiměř;593508;593508
Račice-Pístovice;593516;593516
Radslavice;593524;593524
Rašovice;593532;593532
Rousínov;593559;593559
Ruprechtov;593567;593567
Slavkov u Brna;593583;593583
Snovídky;593591;593591
Studnice;593605;593605
Šaratice;593613;593613
Švábenice;593621;593621
Topolany;593630;593630
Tučapy;593648;593648
Vážany;593656;593656
Vážany nad Litavou;593664;593664
Velešovice;593681;593681
Zbýšov;593699;593699
Zelená Hora;593702;593702
Znojmo;593711;593711
Bantice;593729;593729
Běhařovice;593737;593737
Bezkov;593745;593745
Bítov;593753;593753
Blanné;593761;593761
Blížkovice;593770;593770
Bohutice;593788;593788
Bojanovice;593796;593796
Borotice;593800;593800
Boskovštejn;593818;593818
Božice;593826;593826
Branišovice;593834;593834
Břežany;593842;593842
Břežany;593842;593842
Citonice;593851;593851
Ctidružice;593869;593869
Čejkovice;593877;593877
Čermákovice;593885;593885
Čermákovice;593885;593885
Černín;593893;593893
Damnice;593907;593907
Dobelice;593923;593923
Dobřínsko;593931;593931
Dolenice;593958;593958
Dolní Dubňany;593966;593966
Dyjákovice;593974;593974
Dyjákovičky;593982;593982
Dyje;593991;593991
Džbánice;594008;594008
Grešlové Mýto;594016;594016
Havraníky;594024;594024
Hevlín;594032;594032
Hluboké Mašůvky;594041;594041
Hnanice;594059;594059
Hodonice;594067;594067
Horní Břečkov;594075;594075
Horní Dubňany;594083;594083
Horní Dunajovice;594091;594091
Horní Kounice;594105;594105
Hostěradice;594113;594113
Hostim;594121;594121
Hrabětice;594130;594130
Hrádek;594148;594148
Hrušovany nad Jevišovkou;594156;594156
Chvalatice;594164;594164
Chvalovice;594172;594172
Jamolice;594181;594181
Jaroslavice;594199;594199
Jevišovice;594202;594202
Jezeřany-Maršovice;594211;594211
Jiřice u Miroslavi;594229;594229
Kadov;594237;594237
Korolupy;594253;594253
Kravsko;594261;594261
Krhovice;594270;594270
Křepice;594288;594288
Kubšice;594296;594296
Kuchařovice;594300;594300
Kyjovice;594318;594318
Lančov;594326;594326
Lechovice;594334;594334
Lesná;594342;594342
Lesonice;594351;594351
Litobratřice;594369;594369
Loděnice;594377;594377
Lubnice;594385;594385
Lukov;594393;594393
Mackovice;594407;594407
Mašovice;594415;594415
Medlice;594423;594423
Mikulovice;594431;594431
Milíčovice;594440;594440
Miroslav;594458;594458
Miroslavské Knínice;594466;594466
Morašice;594474;594474
Moravský Krumlov;594482;594482
Našiměřice;594512;594512
Němčičky;594521;594521
Olbramkostel;594555;594555
Olbramovice;594563;594563
Oleksovice;594571;594571
Onšov;594580;594580
Oslnovice;594598;594598
Pavlice;594601;594601
Petrovice;594610;594610
Plaveč;594628;594628
Podhradí nad Dyjí;594636;594636
Podmolí;594644;594644
Podmyče;594652;594652
Práče;594679;594679
Pravice;594687;594687
Prokopov;594695;594695
Prosiměřice;594709;594709
Rešice;594725;594725
Rozkoš;594733;594733
Rudlice;594741;594741
Rybníky;594750;594750
Skalice;594768;594768
Slatina;594776;594776
Slup;594784;594784
Stálky;594792;594792
Starý Petřín;594806;594806
Stošíkovice na Louce;594814;594814
Strachotice;594822;594822
Střelice;594831;594831
Suchohrdly u Miroslavi;594849;594849
Šafov;594865;594865
Šanov;594873;594873
Šatov;594881;594881
Štítary;594890;594890
Šumice;594903;594903
Šumná;594911;594911
Tasovice;594920;594920
Tavíkovice;594938;594938
Těšetice;594946;594946
Trnové Pole;594954;594954
Troskotovice;594962;594962
Trstěnice;594971;594971
Tulešice;594989;594989
Tvořihráz;594997;594997
Uherčice;595004;595004
Újezd;595012;595012
Únanov;595021;595021
Valtrovice;595039;595039
Vedrovice;595047;595047
Vémyslice;595055;595055
Vevčice;595063;595063
Višňové;595071;595071
Vítonice;595080;595080
Vranov nad Dyjí;595098;595098
Vranovská Ves;595101;595101
Vratěnín;595110;595110
Vrbovec;595128;595128
Výrovice;595136;595136
Vysočany;595144;595144
Zálesí;595152;595152
Zblovice;595161;595161
Želetice;595179;595179
Žerotice;595187;595187
Žerůtky;595195;595195
Žďár nad Sázavou;595209;595209
Baliny;595217;595217
Blažkov;595241;595241
Blízkov;595250;595250
Bobrová;595268;595268
Bobrůvka;595276;595276
Bohdalec;595284;595284
Bohdalov;595292;595292
Bohuňov;595306;595306
Borač;595314;595314
Borovnice;595322;595322
Borovník;595331;595331
Březejc;595349;595349
Březí;595357;595357
Březí nad Oslavou;595365;595365
Březské;595381;595381
Budeč;595390;595390
Bukov;595403;595403
Bystřice nad Pernštejnem;595411;595411
Býšovec;595420;595420
Černá;595438;595438
Černvír;595446;595446
Dalečín;595454;595454
Daňkovice;595462;595462
Dlouhé;595471;595471
Dobrá Voda;595489;595489
Dolní Heřmanice;595501;595501
Dolní Libochová;595519;595519
Dolní Loučky;595527;595527
Dolní Rožínka;595535;595535
Doubravník;595551;595551
Drahonín;595560;595560
Fryšava pod Žákovou horou;595578;595578
Hamry nad Sázavou;595586;595586
Herálec;595594;595594
Heřmanov;595608;595608
Hodíškov;595624;595624
Bory;595641;595641
Horní Libochová;595659;595659
Horní Loučky;595667;595667
Horní Radslavice;595675;595675
Horní Rožínka;595683;595683
Chlum-Korouhvice;595705;595705
Chlumek;595713;595713
Chlumětín;595721;595721
Jabloňov;595730;595730
Javorek;595748;595748
Jámy;595756;595756
Jimramov;595772;595772
Jívoví;595802;595802
Kadolec;595811;595811
Kadov;595829;595829
Kaly;595837;595837
Karlov;595845;595845
Kněževes;595853;595853
Koroužné;595861;595861
Kotlasy;595870;595870
Kozlov;595888;595888
Krásné;595896;595896
Krásněves;595900;595900
Křižánky;595918;595918
Křižanov;595926;595926
Křižínkov;595934;595934
Křoví;595951;595951
Kuklík;595969;595969
Kundratice;595977;595977
Kuřimská Nová Ves;595985;595985
Kuřimské Jestřabí;595993;595993
Kyjov;596001;596001
Lavičky;596019;596019
Lhotka;596035;596035
Lísek;596051;596051
Líšná;596060;596060
Lubné;596078;596078
Malá Losenice;596086;596086
Martinice;596094;596094
Matějov;596108;596108
Matějov;596108;596108
Matějov;596108;596108
Měřín;596116;596116
Mirošov;596132;596132
Moravec;596141;596141
Moravecké Pavlovice;596159;596159
Nedvědice;596175;596175
Netín;596183;596183
Níhov;596191;596191
Nížkov;596205;596205
Nová Ves;596213;596213
Nová Ves u Nového Města na Moravě;596221;596221
Nové Město na Moravě;596230;596230
Nové Sady;596248;596248
Nové Veselí;596256;596256
Nový Jimramov;596264;596264
Nyklovice;596272;596272
Obyčtov;596281;596281
Olší;596302;596302
Ořechov;596329;596329
Oslavice;596337;596337
Osová Bítýška;596345;596345
Osové;596353;596353
Ostrov nad Oslavou;596361;596361
Otín;596370;596370
Pavlínov;596388;596388
Pavlov;596396;596396
Pernštejnské Jestřabí;596400;596400
Petráveč;596418;596418
Písečné;596434;596434
Počítky;596442;596442
Poděšín;596451;596451
Podolí;596469;596469
Pokojov;596477;596477
Polnička;596485;596485
Prosetín;596493;596493
Račice;596507;596507
Radenice;596515;596515
Radešín;596523;596523
Radešínská Svratka;596531;596531
Radňoves;596540;596540
Radňovice;596558;596558
Radostín;596566;596566
Radostín nad Oslavou;596574;596574
Rojetín;596582;596582
Rousměrov;596604;596604
Rovečné;596612;596612
Rozseč;596639;596639
Rozsochy;596647;596647
Rožná;596655;596655
Ruda;596663;596663
Rudolec;596671;596671
Řečice;596680;596680
Řikonín;596698;596698
Sázava;596701;596701
Sejřek;596710;596710
Sirákov;596728;596728
Sklené;596736;596736
Sklené nad Oslavou;596744;596744
Sklené nad Oslavou;596744;596744
Skorotice;596752;596752
Skřinářov;596761;596761
Sněžné;596787;596787
Spělkov;596795;596795
Strachujov;596809;596809
Stránecká Zhoř;596817;596817
Strážek;596825;596825
Sulkovec;596833;596833
Světnov;596841;596841
Sviny;596850;596850
Sviny;596850;596850
Svratka;596868;596868
Škrdlovice;596876;596876
Štěpánov nad Svratkou;596884;596884
Tišnovská Nová Ves;596892;596892
Uhřínov;596906;596906
Ujčov;596914;596914
Újezd;596922;596922
Unčín;596931;596931
Vatín;596949;596949
Věcov;596957;596957
Věchnov;596965;596965
Velká Bíteš;596973;596973
Velká Losenice;596981;596981
Velké Janovice;596990;596990
Velké Meziříčí;597007;597007
Vepřová;597015;597015
Věstín;597031;597031
Věžná;597040;597040
Vídeň;597058;597058
Vidonín;597066;597066
Vír;597074;597074
Vlkov;597082;597082
Vojnův Městec;597091;597091
Vratislávka;597104;597104
Záblatí;597112;597112
Zadní Zhořec;597121;597121
Znětínek;597139;597139
Zubří;597147;597147
Zvole;597155;597155
Ždánice;597163;597163
Žďárec;597171;597171
Bruntál;597180;597180
Bílčice;597198;597198
Bílčice;597198;597198
Bohušov;597201;597201
Brantice;597210;597210
Břidličná;597228;597228
Dětřichov nad Bystřicí;597252;597252
Dolní Moravice;597287;597287
Dvorce;597317;597317
Heřmanovice;597325;597325
Holčovice;597341;597341
Horní Benešov;597350;597350
Horní Město;597368;597368
Hošťálkovy;597392;597392
Huzová;597414;597414
Janov;597431;597431
Jindřichov;597449;597449
Jiříkov;597457;597457
Karlova Studánka;597473;597473
Karlovice;597481;597481
Krasov;597511;597511
Krnov;597520;597520
Křišťanovice;597538;597538
Leskovec nad Moravicí;597546;597546
Lichnov;597554;597554
Liptaň;597571;597571
Lomnice;597589;597589
Malá Morávka;597601;597601
Město Albrechtice;597635;597635
Moravský Beroun;597678;597678
Norberčany;597686;597686
Osoblaha;597716;597716
Razová;597724;597724
Roudno;597741;597741
Rusín;597775;597775
Rýmařov;597783;597783
Ryžoviště;597791;597791
Slezské Rudoltice;597813;597813
Sosnová;597821;597821
Světlá Hora;597872;597872
Svobodné Heřmanice;597881;597881
Široká Niva;597899;597899
Třemešná;597911;597911
Úvalno;597937;597937
Václavov u Bruntálu;597945;597945
Vrbno pod Pradědem;597961;597961
Vysoká;597970;597970
Zátor;597988;597988
Zlaté Hory;597996;597996
Frýdek-Místek;598003;598003
Baška;598011;598011
Bílá;598020;598020
Brušperk;598038;598038
Bruzovice;598046;598046
Bystřice;598062;598062
Čeladná;598071;598071
Dobrá;598089;598089
Dolní Domaslavice;598101;598101
Fryčovice;598135;598135
Frýdlant nad Ostravicí;598143;598143
Hnojník;598160;598160
Horní Bludovice;598178;598178
Hrčava;598232;598232
Hrčava;598232;598232
Hrčava;598232;598232
Pětikozly;598241;598241
Jablunkov;598259;598259
Modletice;598267;598267
Kaňovice;598275;598275
Sedlec;598283;598283
Čakovičky;598291;598291
Svémyslice;598305;598305
Trnová;598313;598313
Kozlovice;598321;598321
Tušovice;598330;598330
Krmelín;598348;598348
Kunčice pod Ondřejníkem;598356;598356
Lhotka;598364;598364
Ostrov;598372;598372
Dubenec;598381;598381
Lučina;598399;598399
Háje;598402;598402
Lhota u Příbramě;598411;598411
Trhové Dušníky;598429;598429
Vševily;598437;598437
Morávka;598445;598445
Mosty u Jablunkova;598453;598453
Kňovice;598461;598461
Osečany;598470;598470
Radíč;598488;598488
Šípy;598496;598496
Krty;598500;598500
Žďár;598518;598518
Roztoky;598526;598526
Ostravice;598542;598542
Palkovice;598551;598551
Paskov;598569;598569
Přerubenice;598577;598577
Nezabudice;598585;598585
Heřmaň;598593;598593
Hlincová Hora;598607;598607
Modrá Hůrka;598615;598615
Mojné;598623;598623
Kamenný Malíkov;598631;598631
Kamenný Malíkov;598631;598631
Vlčetínec;598640;598640
Horní Meziříčko;598658;598658
Zlátenka;598666;598666
Sedliště;598674;598674
Hukvaldy;598691;598691
Čížkov;598704;598704
Kojčice;598712;598712
Libkova Voda;598721;598721
Stará Ves nad Ondřejnicí;598739;598739
Staré Hamry;598747;598747
Putimov;598755;598755
Svépravice;598763;598763
Syrov;598771;598771
Borovany;598780;598780
Borovany;598780;598780
Šenov;598798;598798
Květov;598801;598801
Třinec;598810;598810
Osek;598828;598828
Václavovice;598836;598836
Vlastec;598844;598844
Vlksice;598852;598852
Žďár;598861;598861
Vratimov;598879;598879
Pivkovice;598887;598887
Bezdědovice;598895;598895
Skály;598909;598909
Skály;598909;598909
Karviná;598917;598917
Albrechtice;598925;598925
Český Těšín;598933;598933
Dětmarovice;598941;598941
Lažánky;598950;598950
Dolní Lutyně;598968;598968
Čenkov u Bechyně;598976;598976
Hodětín;598992;598992
Hodětín;598992;598992
Záhoří;599000;599000
Slapsko;599026;599026
Zhoř u Mladé Vožice;599034;599034
Slapy;599042;599042
Bohumín;599051;599051
Orlová;599069;599069
Petrovice u Karviné;599077;599077
Petřvald;599085;599085
Rychvald;599107;599107
Řípec;599115;599115
Ústrašice;599123;599123
Nová Ves;599131;599131
Stonava;599140;599140
Těrlicko;599158;599158
Němčice;599166;599166
Močerady;599174;599174
Pařezov;599182;599182
Nový Jičín;599191;599191
Korkyně;599204;599204
Bartošovice;599212;599212
Popovičky;599221;599221
Vokov;599239;599239
Bílovec;599247;599247
Mezná;599255;599255
Sedlečko u Soběslavě;599263;599263
Zlukov;599271;599271
Komárov;599280;599280
Drahenice;599298;599298
Černíky;599301;599301
Frenštát pod Radhoštěm;599344;599344
Fulnek;599352;599352
Strojetice;599361;599361
Stranný;599379;599379
Soutice;599387;599387
Ostrov;599395;599395
Hodslavice;599409;599409
Železná;599417;599417
Želenice;599425;599425
Svárov;599433;599433
Stradonice;599441;599441
Grunta;599450;599450
Jeseník nad Odrou;599468;599468
Církvice;599476;599476
Krychnov;599484;599484
Újezdec;599492;599492
Jistebník;599506;599506
Březovice;599514;599514
Husí Lhota;599522;599522
Horní Slivno;599531;599531
Klimkovice;599549;599549
Koryta;599557;599557
Kopřivnice;599565;599565
Sezemice;599573;599573
Jiřice;599581;599581
Podmoky;599590;599590
Podmoky;599590;599590
Podmoky;599590;599590
Lichnov;599603;599603
Vrbice;599611;599611
Chleby;599620;599620
Hrubý Jeseník;599638;599638
Luboměř;599646;599646
Nový Dvůr;599654;599654
Oseček;599662;599662
Čilec;599671;599671
Mořkov;599689;599689
Zbožíčko;599697;599697
Odry;599701;599701
Tehovec;599719;599719
Karlík;599727;599727
Březová-Oleško;599735;599735
Petřvald;599743;599743
Modřovice;599751;599751
Račice;599760;599760
Závraty;599778;599778
Příbor;599808;599808
Sedlnice;599832;599832
Spálov;599867;599867
Starý Jičín;599905;599905
Studénka;599921;599921
Suchdol nad Odrou;599930;599930
Štramberk;599948;599948
Tichá;599956;599956
Tísek;599964;599964
Trojanovice;599999;599999
